sentence,span_start,span_end,span_text,cei_tag,positioning_tag,speech_id
"Conference, thank you, thank you for that wonderful welcome.",0,10,Conference,IDENTITY_MARKER,POSITIVE,2019
This is an extraordinary and precarious moment in our country's history.,0,4,This,IDENTITY_MARKER,NEGATIVE,2019
This is an extraordinary and precarious moment in our country's history.,50,71,our country's history,IDENTITY_MARKER,NEUTRAL,2019
The Prime Minister has been found to have acted illegally when he tried to shut down parliament.,0,18,The Prime Minister,IDENTITY_MARKER,NEGATIVE,2019
The Prime Minister has been found to have acted illegally when he tried to shut down parliament.,63,65,he,PRONOUN,NEGATIVE,2019
The Prime Minister has been found to have acted illegally when he tried to shut down parliament.,85,95,parliament,IDENTITY_MARKER,POSITIVE,2019
The highest court in the land has found that Boris Johnson broke the law when he tried to shut down democratic debate and accountability at a crucial moment for our public life.,0,29,The highest court in the land,IDENTITY_MARKER,POSITIVE,2019
The highest court in the land has found that Boris Johnson broke the law when he tried to shut down democratic debate and accountability at a crucial moment for our public life.,45,58,Boris Johnson,IDENTITY_MARKER,NEGATIVE,2019
The highest court in the land has found that Boris Johnson broke the law when he tried to shut down democratic debate and accountability at a crucial moment for our public life.,65,72,the law,IDENTITY_MARKER,POSITIVE,2019
The highest court in the land has found that Boris Johnson broke the law when he tried to shut down democratic debate and accountability at a crucial moment for our public life.,78,80,he,PRONOUN,NEGATIVE,2019
The highest court in the land has found that Boris Johnson broke the law when he tried to shut down democratic debate and accountability at a crucial moment for our public life.,100,117,democratic debate,IDENTITY_MARKER,POSITIVE,2019
The highest court in the land has found that Boris Johnson broke the law when he tried to shut down democratic debate and accountability at a crucial moment for our public life.,122,136,accountability,IDENTITY_MARKER,POSITIVE,2019
The highest court in the land has found that Boris Johnson broke the law when he tried to shut down democratic debate and accountability at a crucial moment for our public life.,161,176,our public life,IDENTITY_MARKER,POSITIVE,2019
The Prime Minister acted illegally when he tried to shut down opposition to his reckless and disastrous plan to crash out of the European Union without a deal.,0,18,The Prime Minister,IDENTITY_MARKER,NEGATIVE,2019
The Prime Minister acted illegally when he tried to shut down opposition to his reckless and disastrous plan to crash out of the European Union without a deal.,40,42,he,PRONOUN,NEGATIVE,2019
The Prime Minister acted illegally when he tried to shut down opposition to his reckless and disastrous plan to crash out of the European Union without a deal.,62,72,opposition,IDENTITY_MARKER,POSITIVE,2019
The Prime Minister acted illegally when he tried to shut down opposition to his reckless and disastrous plan to crash out of the European Union without a deal.,76,108,his reckless and disastrous plan,IDENTITY_MARKER,NEGATIVE,2019
The Prime Minister acted illegally when he tried to shut down opposition to his reckless and disastrous plan to crash out of the European Union without a deal.,125,143,the European Union,IDENTITY_MARKER,NEUTRAL,2019
The Prime Minister acted illegally when he tried to shut down opposition to his reckless and disastrous plan to crash out of the European Union without a deal.,152,158,a deal,IDENTITY_MARKER,POSITIVE,2019
But he has failed.,4,6,he,PRONOUN,NEUTRAL,2019
"He will never shut down our democracy or silence the voices of us, the people.",0,2,He,PRONOUN,NEGATIVE,2019
"He will never shut down our democracy or silence the voices of us, the people.",24,37,our democracy,IDENTITY_MARKER,POSITIVE,2019
"He will never shut down our democracy or silence the voices of us, the people.",49,65,the voices of us,IDENTITY_MARKER,POSITIVE,2019
"He will never shut down our democracy or silence the voices of us, the people.",67,77,the people,IDENTITY_MARKER,POSITIVE,2019
"The democracy that Boris Johnson describes as a ""rigmarole"" will not be stifled and the people will have their say.",0,13,The democracy,IDENTITY_MARKER,POSITIVE,2019
"The democracy that Boris Johnson describes as a ""rigmarole"" will not be stifled and the people will have their say.",19,32,Boris Johnson,IDENTITY_MARKER,NEGATIVE,2019
"The democracy that Boris Johnson describes as a ""rigmarole"" will not be stifled and the people will have their say.",46,59,"a ""rigmarole""",IDENTITY_MARKER,NEGATIVE,2019
"The democracy that Boris Johnson describes as a ""rigmarole"" will not be stifled and the people will have their say.",84,94,the people,IDENTITY_MARKER,POSITIVE,2019
"The democracy that Boris Johnson describes as a ""rigmarole"" will not be stifled and the people will have their say.",105,114,their say,IDENTITY_MARKER,POSITIVE,2019
Tomorrow parliament will return.,9,19,parliament,IDENTITY_MARKER,POSITIVE,2019
The government will be held to account for what it has done.,0,14,The government,IDENTITY_MARKER,NEGATIVE,2019
The government will be held to account for what it has done.,48,50,it,PRONOUN,NEGATIVE,2019
Boris Johnson has been found to have misled the country.,0,13,Boris Johnson,IDENTITY_MARKER,NEGATIVE,2019
Boris Johnson has been found to have misled the country.,44,55,the country,IDENTITY_MARKER,POSITIVE,2019
This unelected Prime minister should now resign.,0,29,This unelected Prime minister,IDENTITY_MARKER,NEGATIVE,2019
That would make him the shortest serving British Prime Minister in history and rightly so.,0,4,That,IDENTITY_MARKER,NEUTRAL,2019
That would make him the shortest serving British Prime Minister in history and rightly so.,20,74,the shortest serving British Prime Minister in history,IDENTITY_MARKER,NEUTRAL,2019
His is a born-to-rule government of the entitled who believe that the rules they set for everyone else don't apply to them.,0,3,His,PRONOUN,NEGATIVE,2019
His is a born-to-rule government of the entitled who believe that the rules they set for everyone else don't apply to them.,7,48,a born-to-rule government of the entitled,IDENTITY_MARKER,NEGATIVE,2019
His is a born-to-rule government of the entitled who believe that the rules they set for everyone else don't apply to them.,66,75,the rules,IDENTITY_MARKER,NEUTRAL,2019
His is a born-to-rule government of the entitled who believe that the rules they set for everyone else don't apply to them.,76,80,they,PRONOUN,NEGATIVE,2019
His is a born-to-rule government of the entitled who believe that the rules they set for everyone else don't apply to them.,89,102,everyone else,IDENTITY_MARKER,POSITIVE,2019
His is a born-to-rule government of the entitled who believe that the rules they set for everyone else don't apply to them.,118,122,them,PRONOUN,NEGATIVE,2019
That's what today's Supreme Court judgement spells out with brutal clarity.,0,4,That,IDENTITY_MARKER,NEUTRAL,2019
That's what today's Supreme Court judgement spells out with brutal clarity.,12,43,today's Supreme Court judgement,IDENTITY_MARKER,POSITIVE,2019
"There was no reason - ""let alone a good reason"", the judges concluded, for the Prime Minister to have shut down parliament.",49,59,the judges,IDENTITY_MARKER,NEUTRAL,2019
"There was no reason - ""let alone a good reason"", the judges concluded, for the Prime Minister to have shut down parliament.",75,93,the Prime Minister,IDENTITY_MARKER,NEGATIVE,2019
"There was no reason - ""let alone a good reason"", the judges concluded, for the Prime Minister to have shut down parliament.",112,122,parliament,IDENTITY_MARKER,POSITIVE,2019
"Conference, he thought he could do whatever he liked just as he has always done all his life.",0,10,Conference,IDENTITY_MARKER,NEUTRAL,2019
"Conference, he thought he could do whatever he liked just as he has always done all his life.",12,14,he,PRONOUN,NEGATIVE,2019
"Conference, he thought he could do whatever he liked just as he has always done all his life.",23,25,he,PRONOUN,NEGATIVE,2019
"Conference, he thought he could do whatever he liked just as he has always done all his life.",44,46,he,PRONOUN,NEGATIVE,2019
"Conference, he thought he could do whatever he liked just as he has always done all his life.",61,63,he,PRONOUN,NEGATIVE,2019
"Conference, he thought he could do whatever he liked just as he has always done all his life.",84,92,his life,IDENTITY_MARKER,NEGATIVE,2019
He thinks he's above us all.,0,2,He,PRONOUN,NEGATIVE,2019
He thinks he's above us all.,10,12,he,PRONOUN,NEGATIVE,2019
He thinks he's above us all.,21,23,us,PRONOUN,POSITIVE,2019
He is part of an elite that disdains democracy.,0,2,He,PRONOUN,NEGATIVE,2019
He is part of an elite that disdains democracy.,6,22,part of an elite,IDENTITY_MARKER,NEGATIVE,2019
He is part of an elite that disdains democracy.,37,46,democracy,IDENTITY_MARKER,POSITIVE,2019
I tell you this - I don't think he is fit to be Prime Minister.,7,10,you,PRONOUN,NEUTRAL,2019
I tell you this - I don't think he is fit to be Prime Minister.,11,15,this,IDENTITY_MARKER,NEUTRAL,2019
I tell you this - I don't think he is fit to be Prime Minister.,32,34,he,PRONOUN,NEGATIVE,2019
I tell you this - I don't think he is fit to be Prime Minister.,48,62,Prime Minister,IDENTITY_MARKER,NEUTRAL,2019
"Let me quote the Supreme Court's conclusion: ""Unlawful, null and of no effect and should be quashed"" - they've got the Prime Minister down to a tee.",13,43,the Supreme Court's conclusion,IDENTITY_MARKER,NEUTRAL,2019
"Let me quote the Supreme Court's conclusion: ""Unlawful, null and of no effect and should be quashed"" - they've got the Prime Minister down to a tee.",103,107,they,PRONOUN,POSITIVE,2019
"Let me quote the Supreme Court's conclusion: ""Unlawful, null and of no effect and should be quashed"" - they've got the Prime Minister down to a tee.",115,133,the Prime Minister,IDENTITY_MARKER,NEGATIVE,2019
This crisis can only be settled with a general election.,0,11,This crisis,IDENTITY_MARKER,NEGATIVE,2019
This crisis can only be settled with a general election.,37,55,a general election,IDENTITY_MARKER,POSITIVE,2019
That election needs to take place as soon as this government's threat of a disastrous 'no deal' is taken off the table.,0,13,That election,IDENTITY_MARKER,POSITIVE,2019
That election needs to take place as soon as this government's threat of a disastrous 'no deal' is taken off the table.,45,69,this government's threat,IDENTITY_MARKER,NEGATIVE,2019
That election needs to take place as soon as this government's threat of a disastrous 'no deal' is taken off the table.,73,95,a disastrous 'no deal',IDENTITY_MARKER,NEGATIVE,2019
That election needs to take place as soon as this government's threat of a disastrous 'no deal' is taken off the table.,109,118,the table,IDENTITY_MARKER,NEUTRAL,2019
That condition is what MPs passed into law before Boris Johnson illegally closed down our parliament.,0,14,That condition,IDENTITY_MARKER,POSITIVE,2019
That condition is what MPs passed into law before Boris Johnson illegally closed down our parliament.,23,26,MPs,IDENTITY_MARKER,POSITIVE,2019
That condition is what MPs passed into law before Boris Johnson illegally closed down our parliament.,39,42,law,IDENTITY_MARKER,POSITIVE,2019
That condition is what MPs passed into law before Boris Johnson illegally closed down our parliament.,50,63,Boris Johnson,IDENTITY_MARKER,NEGATIVE,2019
That condition is what MPs passed into law before Boris Johnson illegally closed down our parliament.,86,100,our parliament,IDENTITY_MARKER,POSITIVE,2019
It's a protection that's clearly essential.,5,17,a protection,IDENTITY_MARKER,POSITIVE,2019
After what has taken place no one can trust this government and this Prime Minister not to use this crisis of their own making to drive our country over a no-deal cliff edge in five weeks' time.,27,33,no one,IDENTITY_MARKER,NEUTRAL,2019
After what has taken place no one can trust this government and this Prime Minister not to use this crisis of their own making to drive our country over a no-deal cliff edge in five weeks' time.,44,59,this government,IDENTITY_MARKER,NEGATIVE,2019
After what has taken place no one can trust this government and this Prime Minister not to use this crisis of their own making to drive our country over a no-deal cliff edge in five weeks' time.,64,83,this Prime Minister,IDENTITY_MARKER,NEGATIVE,2019
After what has taken place no one can trust this government and this Prime Minister not to use this crisis of their own making to drive our country over a no-deal cliff edge in five weeks' time.,95,106,this crisis,IDENTITY_MARKER,NEGATIVE,2019
After what has taken place no one can trust this government and this Prime Minister not to use this crisis of their own making to drive our country over a no-deal cliff edge in five weeks' time.,110,126,their own making,IDENTITY_MARKER,NEGATIVE,2019
After what has taken place no one can trust this government and this Prime Minister not to use this crisis of their own making to drive our country over a no-deal cliff edge in five weeks' time.,136,147,our country,IDENTITY_MARKER,POSITIVE,2019
After what has taken place no one can trust this government and this Prime Minister not to use this crisis of their own making to drive our country over a no-deal cliff edge in five weeks' time.,153,173,a no-deal cliff edge,IDENTITY_MARKER,NEGATIVE,2019
The Prime Minister has no mandate for a no-deal crash-out which is opposed by a majority of the people of this country.,0,18,The Prime Minister,IDENTITY_MARKER,NEGATIVE,2019
The Prime Minister has no mandate for a no-deal crash-out which is opposed by a majority of the people of this country.,38,57,a no-deal crash-out,IDENTITY_MARKER,NEGATIVE,2019
The Prime Minister has no mandate for a no-deal crash-out which is opposed by a majority of the people of this country.,78,118,a majority of the people of this country,IDENTITY_MARKER,POSITIVE,2019
"It would force up food prices, cause shortages of medicines and threaten peace in Northern Ireland thus destroying the great work of the Good Friday Agreement.",0,2,It,PRONOUN,NEGATIVE,2019
"It would force up food prices, cause shortages of medicines and threaten peace in Northern Ireland thus destroying the great work of the Good Friday Agreement.",18,29,food prices,IDENTITY_MARKER,NEGATIVE,2019
"It would force up food prices, cause shortages of medicines and threaten peace in Northern Ireland thus destroying the great work of the Good Friday Agreement.",37,59,shortages of medicines,IDENTITY_MARKER,NEGATIVE,2019
"It would force up food prices, cause shortages of medicines and threaten peace in Northern Ireland thus destroying the great work of the Good Friday Agreement.",73,98,peace in Northern Ireland,IDENTITY_MARKER,POSITIVE,2019
"It would force up food prices, cause shortages of medicines and threaten peace in Northern Ireland thus destroying the great work of the Good Friday Agreement.",115,129,the great work,IDENTITY_MARKER,POSITIVE,2019
"It would force up food prices, cause shortages of medicines and threaten peace in Northern Ireland thus destroying the great work of the Good Friday Agreement.",133,158,the Good Friday Agreement,IDENTITY_MARKER,POSITIVE,2019
The battle over no deal isn't a struggle between those who want to leave the EU and those who want to remain.,0,23,The battle over no deal,IDENTITY_MARKER,NEGATIVE,2019
The battle over no deal isn't a struggle between those who want to leave the EU and those who want to remain.,49,79,those who want to leave the EU,IDENTITY_MARKER,NEUTRAL,2019
The battle over no deal isn't a struggle between those who want to leave the EU and those who want to remain.,84,108,those who want to remain,IDENTITY_MARKER,NEUTRAL,2019
It's about a small right-wing group who are trying to hijack the referendum result to rip up our rights and protections to shift even more power and wealth to those at the top.,0,2,It,PRONOUN,NEUTRAL,2019
It's about a small right-wing group who are trying to hijack the referendum result to rip up our rights and protections to shift even more power and wealth to those at the top.,11,35,a small right-wing group,IDENTITY_MARKER,NEGATIVE,2019
It's about a small right-wing group who are trying to hijack the referendum result to rip up our rights and protections to shift even more power and wealth to those at the top.,61,82,the referendum result,IDENTITY_MARKER,POSITIVE,2019
It's about a small right-wing group who are trying to hijack the referendum result to rip up our rights and protections to shift even more power and wealth to those at the top.,93,119,our rights and protections,IDENTITY_MARKER,POSITIVE,2019
It's about a small right-wing group who are trying to hijack the referendum result to rip up our rights and protections to shift even more power and wealth to those at the top.,139,144,power,IDENTITY_MARKER,NEGATIVE,2019
It's about a small right-wing group who are trying to hijack the referendum result to rip up our rights and protections to shift even more power and wealth to those at the top.,149,155,wealth,IDENTITY_MARKER,NEGATIVE,2019
It's about a small right-wing group who are trying to hijack the referendum result to rip up our rights and protections to shift even more power and wealth to those at the top.,159,175,those at the top,IDENTITY_MARKER,NEGATIVE,2019
"Under the cover of no deal they want to sell off what's left of our public services, strip away the regulations that keep us safe while slashing corporate taxes even further.",6,26,the cover of no deal,IDENTITY_MARKER,NEGATIVE,2019
"Under the cover of no deal they want to sell off what's left of our public services, strip away the regulations that keep us safe while slashing corporate taxes even further.",27,31,they,PRONOUN,NEGATIVE,2019
"Under the cover of no deal they want to sell off what's left of our public services, strip away the regulations that keep us safe while slashing corporate taxes even further.",49,83,what's left of our public services,IDENTITY_MARKER,POSITIVE,2019
"Under the cover of no deal they want to sell off what's left of our public services, strip away the regulations that keep us safe while slashing corporate taxes even further.",96,111,the regulations,IDENTITY_MARKER,POSITIVE,2019
"Under the cover of no deal they want to sell off what's left of our public services, strip away the regulations that keep us safe while slashing corporate taxes even further.",122,124,us,PRONOUN,POSITIVE,2019
"Under the cover of no deal they want to sell off what's left of our public services, strip away the regulations that keep us safe while slashing corporate taxes even further.",145,160,corporate taxes,IDENTITY_MARKER,POSITIVE,2019
That would lead to a race to the bottom in standards and workers' rights and create an offshore tax haven for the super-rich.,0,4,That,IDENTITY_MARKER,NEGATIVE,2019
That would lead to a race to the bottom in standards and workers' rights and create an offshore tax haven for the super-rich.,19,39,a race to the bottom,IDENTITY_MARKER,NEGATIVE,2019
That would lead to a race to the bottom in standards and workers' rights and create an offshore tax haven for the super-rich.,43,52,standards,IDENTITY_MARKER,POSITIVE,2019
That would lead to a race to the bottom in standards and workers' rights and create an offshore tax haven for the super-rich.,57,72,workers' rights,IDENTITY_MARKER,POSITIVE,2019
That would lead to a race to the bottom in standards and workers' rights and create an offshore tax haven for the super-rich.,84,105,an offshore tax haven,IDENTITY_MARKER,NEGATIVE,2019
That would lead to a race to the bottom in standards and workers' rights and create an offshore tax haven for the super-rich.,110,124,the super-rich,IDENTITY_MARKER,NEGATIVE,2019
And they want all of this locked in with a one-sided free-trade deal that would put our country at the mercy of Donald Trump.,4,8,they,PRONOUN,NEGATIVE,2019
And they want all of this locked in with a one-sided free-trade deal that would put our country at the mercy of Donald Trump.,14,25,all of this,IDENTITY_MARKER,NEUTRAL,2019
And they want all of this locked in with a one-sided free-trade deal that would put our country at the mercy of Donald Trump.,41,68,a one-sided free-trade deal,IDENTITY_MARKER,NEGATIVE,2019
And they want all of this locked in with a one-sided free-trade deal that would put our country at the mercy of Donald Trump.,84,95,our country,IDENTITY_MARKER,POSITIVE,2019
And they want all of this locked in with a one-sided free-trade deal that would put our country at the mercy of Donald Trump.,112,124,Donald Trump,IDENTITY_MARKER,NEGATIVE,2019
"That's why a no-deal Brexit is, in reality, a Trump Deal Brexit.",0,6,That's,IDENTITY_MARKER,NEUTRAL,2019
"That's why a no-deal Brexit is, in reality, a Trump Deal Brexit.",11,27,a no-deal Brexit,IDENTITY_MARKER,NEGATIVE,2019
"That's why a no-deal Brexit is, in reality, a Trump Deal Brexit.",44,63,a Trump Deal Brexit,IDENTITY_MARKER,NEGATIVE,2019
That would be the opposite of taking back control.,0,4,That,IDENTITY_MARKER,NEGATIVE,2019
That would be the opposite of taking back control.,14,26,the opposite,IDENTITY_MARKER,NEGATIVE,2019
That would be the opposite of taking back control.,30,49,taking back control,IDENTITY_MARKER,POSITIVE,2019
It would be handing our country's future to the US president and his America First policy.,0,2,It,PRONOUN,NEGATIVE,2019
It would be handing our country's future to the US president and his America First policy.,20,40,our country's future,IDENTITY_MARKER,POSITIVE,2019
It would be handing our country's future to the US president and his America First policy.,44,60,the US president,IDENTITY_MARKER,NEGATIVE,2019
It would be handing our country's future to the US president and his America First policy.,65,89,his America First policy,IDENTITY_MARKER,NEGATIVE,2019
Of course Trump is delighted to have a compliant British Prime Minister in his back pocket.,10,15,Trump,IDENTITY_MARKER,NEGATIVE,2019
Of course Trump is delighted to have a compliant British Prime Minister in his back pocket.,37,71,a compliant British Prime Minister,IDENTITY_MARKER,NEGATIVE,2019
Of course Trump is delighted to have a compliant British Prime Minister in his back pocket.,75,90,his back pocket,IDENTITY_MARKER,NEGATIVE,2019
A Trump Deal Brexit would mean US corporations getting the green light for a comprehensive takeover of our public services.,0,19,A Trump Deal Brexit,IDENTITY_MARKER,NEGATIVE,2019
A Trump Deal Brexit would mean US corporations getting the green light for a comprehensive takeover of our public services.,31,46,US corporations,IDENTITY_MARKER,NEGATIVE,2019
A Trump Deal Brexit would mean US corporations getting the green light for a comprehensive takeover of our public services.,55,70,the green light,IDENTITY_MARKER,NEGATIVE,2019
A Trump Deal Brexit would mean US corporations getting the green light for a comprehensive takeover of our public services.,75,99,a comprehensive takeover,IDENTITY_MARKER,NEGATIVE,2019
A Trump Deal Brexit would mean US corporations getting the green light for a comprehensive takeover of our public services.,103,122,our public services,IDENTITY_MARKER,POSITIVE,2019
I am not prepared to stand by while our National Health Service is sacrificed on the altar of US big business or any other country's big business.,36,63,our National Health Service,IDENTITY_MARKER,POSITIVE,2019
I am not prepared to stand by while our National Health Service is sacrificed on the altar of US big business or any other country's big business.,78,109,on the altar of US big business,IDENTITY_MARKER,NEGATIVE,2019
I am not prepared to stand by while our National Health Service is sacrificed on the altar of US big business or any other country's big business.,113,145,any other country's big business,IDENTITY_MARKER,NEGATIVE,2019
Our NHS is not for sale.,0,7,Our NHS,IDENTITY_MARKER,POSITIVE,2019
"And in the coming general election, Labour will be the only major UK party ready to put our trust in the people to have the final say on Brexit.",7,34,the coming general election,IDENTITY_MARKER,NEUTRAL,2019
"And in the coming general election, Labour will be the only major UK party ready to put our trust in the people to have the final say on Brexit.",36,42,Labour,IDENTITY_MARKER,POSITIVE,2019
"And in the coming general election, Labour will be the only major UK party ready to put our trust in the people to have the final say on Brexit.",51,74,the only major UK party,IDENTITY_MARKER,POSITIVE,2019
"And in the coming general election, Labour will be the only major UK party ready to put our trust in the people to have the final say on Brexit.",88,111,our trust in the people,IDENTITY_MARKER,POSITIVE,2019
"And in the coming general election, Labour will be the only major UK party ready to put our trust in the people to have the final say on Brexit.",120,133,the final say,IDENTITY_MARKER,POSITIVE,2019
"And in the coming general election, Labour will be the only major UK party ready to put our trust in the people to have the final say on Brexit.",137,143,Brexit,IDENTITY_MARKER,NEUTRAL,2019
We need to get Brexit sorted and do it in a way that doesn't leave our economy or our democracy broken.,0,2,We,PRONOUN,POSITIVE,2019
We need to get Brexit sorted and do it in a way that doesn't leave our economy or our democracy broken.,15,21,Brexit,IDENTITY_MARKER,NEGATIVE,2019
We need to get Brexit sorted and do it in a way that doesn't leave our economy or our democracy broken.,36,38,it,PRONOUN,NEGATIVE,2019
We need to get Brexit sorted and do it in a way that doesn't leave our economy or our democracy broken.,67,78,our economy,IDENTITY_MARKER,POSITIVE,2019
We need to get Brexit sorted and do it in a way that doesn't leave our economy or our democracy broken.,82,95,our democracy,IDENTITY_MARKER,POSITIVE,2019
The Tories want to crash out without a deal and the Liberal Democrats want to cancel the country's largest-ever democratic vote with a parliamentary stitch-up.,0,10,The Tories,IDENTITY_MARKER,NEGATIVE,2019
The Tories want to crash out without a deal and the Liberal Democrats want to cancel the country's largest-ever democratic vote with a parliamentary stitch-up.,37,43,a deal,IDENTITY_MARKER,POSITIVE,2019
The Tories want to crash out without a deal and the Liberal Democrats want to cancel the country's largest-ever democratic vote with a parliamentary stitch-up.,48,69,the Liberal Democrats,IDENTITY_MARKER,NEGATIVE,2019
The Tories want to crash out without a deal and the Liberal Democrats want to cancel the country's largest-ever democratic vote with a parliamentary stitch-up.,85,127,the country's largest-ever democratic vote,IDENTITY_MARKER,POSITIVE,2019
The Tories want to crash out without a deal and the Liberal Democrats want to cancel the country's largest-ever democratic vote with a parliamentary stitch-up.,133,158,a parliamentary stitch-up,IDENTITY_MARKER,NEGATIVE,2019
Labour will end the Brexit crisis by taking the decision back to the people with the choice of a credible leave deal alongside remain.,0,6,Labour,IDENTITY_MARKER,POSITIVE,2019
Labour will end the Brexit crisis by taking the decision back to the people with the choice of a credible leave deal alongside remain.,16,33,the Brexit crisis,IDENTITY_MARKER,NEGATIVE,2019
Labour will end the Brexit crisis by taking the decision back to the people with the choice of a credible leave deal alongside remain.,44,56,the decision,IDENTITY_MARKER,POSITIVE,2019
Labour will end the Brexit crisis by taking the decision back to the people with the choice of a credible leave deal alongside remain.,65,75,the people,IDENTITY_MARKER,POSITIVE,2019
Labour will end the Brexit crisis by taking the decision back to the people with the choice of a credible leave deal alongside remain.,81,116,the choice of a credible leave deal,IDENTITY_MARKER,POSITIVE,2019
Labour will end the Brexit crisis by taking the decision back to the people with the choice of a credible leave deal alongside remain.,127,133,remain,IDENTITY_MARKER,NEUTRAL,2019
That's not complicated - Labour is a democratic party that trusts the people.,0,4,That,IDENTITY_MARKER,NEUTRAL,2019
That's not complicated - Labour is a democratic party that trusts the people.,25,31,Labour,IDENTITY_MARKER,POSITIVE,2019
That's not complicated - Labour is a democratic party that trusts the people.,35,53,a democratic party,IDENTITY_MARKER,POSITIVE,2019
That's not complicated - Labour is a democratic party that trusts the people.,66,76,the people,IDENTITY_MARKER,POSITIVE,2019
"After three and a half years of Tory Brexit failure and division, the only way we can settle this issue and bring people back together is by taking the decision out of the hands of politicians and letting the people decide.",6,64,three and a half years of Tory Brexit failure and division,IDENTITY_MARKER,NEGATIVE,2019
"After three and a half years of Tory Brexit failure and division, the only way we can settle this issue and bring people back together is by taking the decision out of the hands of politicians and letting the people decide.",79,81,we,PRONOUN,POSITIVE,2019
"After three and a half years of Tory Brexit failure and division, the only way we can settle this issue and bring people back together is by taking the decision out of the hands of politicians and letting the people decide.",93,103,this issue,IDENTITY_MARKER,NEGATIVE,2019
"After three and a half years of Tory Brexit failure and division, the only way we can settle this issue and bring people back together is by taking the decision out of the hands of politicians and letting the people decide.",114,120,people,IDENTITY_MARKER,POSITIVE,2019
"After three and a half years of Tory Brexit failure and division, the only way we can settle this issue and bring people back together is by taking the decision out of the hands of politicians and letting the people decide.",148,160,the decision,IDENTITY_MARKER,POSITIVE,2019
"After three and a half years of Tory Brexit failure and division, the only way we can settle this issue and bring people back together is by taking the decision out of the hands of politicians and letting the people decide.",168,192,the hands of politicians,IDENTITY_MARKER,NEGATIVE,2019
"After three and a half years of Tory Brexit failure and division, the only way we can settle this issue and bring people back together is by taking the decision out of the hands of politicians and letting the people decide.",205,215,the people,IDENTITY_MARKER,POSITIVE,2019
"So, within three months of coming to office a Labour government will secure a sensible deal based on the terms we have long advocated and discussed with the trade unions and businesses and different European governments: a new customs union a close single market relationship, and guarantees of rights and protections.",44,63,a Labour government,IDENTITY_MARKER,POSITIVE,2019
"So, within three months of coming to office a Labour government will secure a sensible deal based on the terms we have long advocated and discussed with the trade unions and businesses and different European governments: a new customs union a close single market relationship, and guarantees of rights and protections.",76,91,a sensible deal,IDENTITY_MARKER,POSITIVE,2019
"So, within three months of coming to office a Labour government will secure a sensible deal based on the terms we have long advocated and discussed with the trade unions and businesses and different European governments: a new customs union a close single market relationship, and guarantees of rights and protections.",101,110,the terms,IDENTITY_MARKER,POSITIVE,2019
"So, within three months of coming to office a Labour government will secure a sensible deal based on the terms we have long advocated and discussed with the trade unions and businesses and different European governments: a new customs union a close single market relationship, and guarantees of rights and protections.",111,113,we,PRONOUN,POSITIVE,2019
"So, within three months of coming to office a Labour government will secure a sensible deal based on the terms we have long advocated and discussed with the trade unions and businesses and different European governments: a new customs union a close single market relationship, and guarantees of rights and protections.",153,169,the trade unions,IDENTITY_MARKER,POSITIVE,2019
"So, within three months of coming to office a Labour government will secure a sensible deal based on the terms we have long advocated and discussed with the trade unions and businesses and different European governments: a new customs union a close single market relationship, and guarantees of rights and protections.",174,184,businesses,IDENTITY_MARKER,POSITIVE,2019
"So, within three months of coming to office a Labour government will secure a sensible deal based on the terms we have long advocated and discussed with the trade unions and businesses and different European governments: a new customs union a close single market relationship, and guarantees of rights and protections.",189,219,different European governments,IDENTITY_MARKER,POSITIVE,2019
"So, within three months of coming to office a Labour government will secure a sensible deal based on the terms we have long advocated and discussed with the trade unions and businesses and different European governments: a new customs union a close single market relationship, and guarantees of rights and protections.",221,240,a new customs union,IDENTITY_MARKER,POSITIVE,2019
"So, within three months of coming to office a Labour government will secure a sensible deal based on the terms we have long advocated and discussed with the trade unions and businesses and different European governments: a new customs union a close single market relationship, and guarantees of rights and protections.",241,275,a close single market relationship,IDENTITY_MARKER,POSITIVE,2019
"So, within three months of coming to office a Labour government will secure a sensible deal based on the terms we have long advocated and discussed with the trade unions and businesses and different European governments: a new customs union a close single market relationship, and guarantees of rights and protections.",281,317,guarantees of rights and protections,IDENTITY_MARKER,POSITIVE,2019
And within six months of being elected we will put that deal to a public vote alongside remain.,31,38,elected,IDENTITY_MARKER,POSITIVE,2019
And within six months of being elected we will put that deal to a public vote alongside remain.,39,41,we,PRONOUN,POSITIVE,2019
And within six months of being elected we will put that deal to a public vote alongside remain.,51,60,that deal,IDENTITY_MARKER,POSITIVE,2019
And within six months of being elected we will put that deal to a public vote alongside remain.,64,77,a public vote,IDENTITY_MARKER,POSITIVE,2019
And within six months of being elected we will put that deal to a public vote alongside remain.,88,94,remain,IDENTITY_MARKER,NEUTRAL,2019
And as a Labour prime minister I pledge to carry out whatever the people decide.,7,30,a Labour prime minister,IDENTITY_MARKER,POSITIVE,2019
And as a Labour prime minister I pledge to carry out whatever the people decide.,62,72,the people,IDENTITY_MARKER,POSITIVE,2019
Only a vote for Labour will deliver a public vote on Brexit.,5,11,a vote,IDENTITY_MARKER,NEUTRAL,2019
Only a vote for Labour will deliver a public vote on Brexit.,16,22,Labour,IDENTITY_MARKER,POSITIVE,2019
Only a vote for Labour will deliver a public vote on Brexit.,36,49,a public vote,IDENTITY_MARKER,POSITIVE,2019
Only a vote for Labour will deliver a public vote on Brexit.,53,59,Brexit,IDENTITY_MARKER,NEUTRAL,2019
Only a Labour government will put the power back in the hands of the people.,5,24,a Labour government,IDENTITY_MARKER,POSITIVE,2019
Only a Labour government will put the power back in the hands of the people.,34,43,the power,IDENTITY_MARKER,POSITIVE,2019
Only a Labour government will put the power back in the hands of the people.,52,75,the hands of the people,IDENTITY_MARKER,POSITIVE,2019
"We can bring our country and our people together, which is what I'm trying to do all the time.",0,2,We,PRONOUN,POSITIVE,2019
"We can bring our country and our people together, which is what I'm trying to do all the time.",13,24,our country,IDENTITY_MARKER,POSITIVE,2019
"We can bring our country and our people together, which is what I'm trying to do all the time.",29,39,our people,IDENTITY_MARKER,POSITIVE,2019
Let's stop a no-deal Brexit and let the people decide.,11,27,a no-deal Brexit,IDENTITY_MARKER,NEGATIVE,2019
Let's stop a no-deal Brexit and let the people decide.,36,46,the people,IDENTITY_MARKER,POSITIVE,2019
"We must get Brexit settled, not least because Brexit has dominated our politics for too long.",0,2,We,PRONOUN,POSITIVE,2019
"We must get Brexit settled, not least because Brexit has dominated our politics for too long.",12,18,Brexit,IDENTITY_MARKER,NEUTRAL,2019
"We must get Brexit settled, not least because Brexit has dominated our politics for too long.",46,52,Brexit,IDENTITY_MARKER,NEGATIVE,2019
"We must get Brexit settled, not least because Brexit has dominated our politics for too long.",67,79,our politics,IDENTITY_MARKER,POSITIVE,2019
The coming election will be a once-in-a-generation chance for real change.,0,19,The coming election,IDENTITY_MARKER,POSITIVE,2019
The coming election will be a once-in-a-generation chance for real change.,62,73,real change,IDENTITY_MARKER,POSITIVE,2019
A chance to kick out Boris Johnson's government of the privileged few and put wealth and power in the hands of the many.,0,8,A chance,IDENTITY_MARKER,POSITIVE,2019
A chance to kick out Boris Johnson's government of the privileged few and put wealth and power in the hands of the many.,21,47,Boris Johnson's government,IDENTITY_MARKER,NEGATIVE,2019
A chance to kick out Boris Johnson's government of the privileged few and put wealth and power in the hands of the many.,51,69,the privileged few,IDENTITY_MARKER,NEGATIVE,2019
A chance to kick out Boris Johnson's government of the privileged few and put wealth and power in the hands of the many.,78,84,wealth,IDENTITY_MARKER,POSITIVE,2019
A chance to kick out Boris Johnson's government of the privileged few and put wealth and power in the hands of the many.,89,94,power,IDENTITY_MARKER,POSITIVE,2019
A chance to kick out Boris Johnson's government of the privileged few and put wealth and power in the hands of the many.,98,119,the hands of the many,IDENTITY_MARKER,POSITIVE,2019
"A chance to give our National Health Service, our schools and public services the money they need by asking those at the top to pay their fair share.",0,8,A chance,IDENTITY_MARKER,POSITIVE,2019
"A chance to give our National Health Service, our schools and public services the money they need by asking those at the top to pay their fair share.",17,44,our National Health Service,IDENTITY_MARKER,POSITIVE,2019
"A chance to give our National Health Service, our schools and public services the money they need by asking those at the top to pay their fair share.",46,57,our schools,IDENTITY_MARKER,POSITIVE,2019
"A chance to give our National Health Service, our schools and public services the money they need by asking those at the top to pay their fair share.",62,77,public services,IDENTITY_MARKER,POSITIVE,2019
"A chance to give our National Health Service, our schools and public services the money they need by asking those at the top to pay their fair share.",78,87,the money,IDENTITY_MARKER,POSITIVE,2019
"A chance to give our National Health Service, our schools and public services the money they need by asking those at the top to pay their fair share.",88,92,they,PRONOUN,POSITIVE,2019
"A chance to give our National Health Service, our schools and public services the money they need by asking those at the top to pay their fair share.",108,124,those at the top,IDENTITY_MARKER,NEGATIVE,2019
"A chance to give our National Health Service, our schools and public services the money they need by asking those at the top to pay their fair share.",132,148,their fair share,IDENTITY_MARKER,POSITIVE,2019
A chance to take urgent action on the environment before it's too late for our children.,0,8,A chance,IDENTITY_MARKER,POSITIVE,2019
A chance to take urgent action on the environment before it's too late for our children.,34,49,the environment,IDENTITY_MARKER,POSITIVE,2019
A chance to take urgent action on the environment before it's too late for our children.,57,59,it,PRONOUN,NEGATIVE,2019
A chance to take urgent action on the environment before it's too late for our children.,75,87,our children,IDENTITY_MARKER,POSITIVE,2019
"And thanks to those wonderful young people that spoke to conference this morning, and gave us a lesson in what environmentalism is about.",14,42,those wonderful young people,IDENTITY_MARKER,POSITIVE,2019
"And thanks to those wonderful young people that spoke to conference this morning, and gave us a lesson in what environmentalism is about.",57,67,conference,IDENTITY_MARKER,NEUTRAL,2019
"And thanks to those wonderful young people that spoke to conference this morning, and gave us a lesson in what environmentalism is about.",91,93,us,PRONOUN,NEUTRAL,2019
"And thanks to those wonderful young people that spoke to conference this morning, and gave us a lesson in what environmentalism is about.",111,127,environmentalism,IDENTITY_MARKER,POSITIVE,2019
"And a chance to end the Brexit crisis by letting the people, not the politicians, have the final say.",4,12,a chance,IDENTITY_MARKER,POSITIVE,2019
"And a chance to end the Brexit crisis by letting the people, not the politicians, have the final say.",20,37,the Brexit crisis,IDENTITY_MARKER,NEGATIVE,2019
"And a chance to end the Brexit crisis by letting the people, not the politicians, have the final say.",49,59,the people,IDENTITY_MARKER,POSITIVE,2019
"And a chance to end the Brexit crisis by letting the people, not the politicians, have the final say.",65,80,the politicians,IDENTITY_MARKER,NEGATIVE,2019
"And a chance to end the Brexit crisis by letting the people, not the politicians, have the final say.",87,100,the final say,IDENTITY_MARKER,POSITIVE,2019
"In a shameless bid to turn reality on its head, Boris Johnson's born-to-rule Tories are now claiming to be the voice of the people - I know it's hard but bear with me.",27,34,reality,IDENTITY_MARKER,POSITIVE,2019
"In a shameless bid to turn reality on its head, Boris Johnson's born-to-rule Tories are now claiming to be the voice of the people - I know it's hard but bear with me.",38,46,its head,IDENTITY_MARKER,NEGATIVE,2019
"In a shameless bid to turn reality on its head, Boris Johnson's born-to-rule Tories are now claiming to be the voice of the people - I know it's hard but bear with me.",48,83,Boris Johnson's born-to-rule Tories,IDENTITY_MARKER,NEGATIVE,2019
"In a shameless bid to turn reality on its head, Boris Johnson's born-to-rule Tories are now claiming to be the voice of the people - I know it's hard but bear with me.",107,130,the voice of the people,IDENTITY_MARKER,NEUTRAL,2019
"In a shameless bid to turn reality on its head, Boris Johnson's born-to-rule Tories are now claiming to be the voice of the people - I know it's hard but bear with me.",140,142,it,PRONOUN,NEGATIVE,2019
A political party that exists to protect the establishment is pretending to be anti-establishment.,0,17,A political party,IDENTITY_MARKER,NEGATIVE,2019
A political party that exists to protect the establishment is pretending to be anti-establishment.,41,58,the establishment,IDENTITY_MARKER,NEGATIVE,2019
A political party that exists to protect the establishment is pretending to be anti-establishment.,79,97,anti-establishment,IDENTITY_MARKER,POSITIVE,2019
Johnson and his wealthy friends are not only on the side of the establishment - they are the establishment.,0,7,Johnson,IDENTITY_MARKER,NEGATIVE,2019
Johnson and his wealthy friends are not only on the side of the establishment - they are the establishment.,12,31,his wealthy friends,IDENTITY_MARKER,NEGATIVE,2019
Johnson and his wealthy friends are not only on the side of the establishment - they are the establishment.,48,77,the side of the establishment,IDENTITY_MARKER,NEGATIVE,2019
Johnson and his wealthy friends are not only on the side of the establishment - they are the establishment.,80,84,they,PRONOUN,NEGATIVE,2019
Johnson and his wealthy friends are not only on the side of the establishment - they are the establishment.,89,106,the establishment,IDENTITY_MARKER,NEGATIVE,2019
They will never be on the side of the people when supporting the people might hit them and their super-rich sponsors where it hurts - in their wallets and in their offshore bank accounts.,0,4,They,PRONOUN,NEGATIVE,2019
They will never be on the side of the people when supporting the people might hit them and their super-rich sponsors where it hurts - in their wallets and in their offshore bank accounts.,22,44,the side of the people,IDENTITY_MARKER,POSITIVE,2019
They will never be on the side of the people when supporting the people might hit them and their super-rich sponsors where it hurts - in their wallets and in their offshore bank accounts.,61,71,the people,IDENTITY_MARKER,POSITIVE,2019
They will never be on the side of the people when supporting the people might hit them and their super-rich sponsors where it hurts - in their wallets and in their offshore bank accounts.,82,86,them,PRONOUN,NEGATIVE,2019
They will never be on the side of the people when supporting the people might hit them and their super-rich sponsors where it hurts - in their wallets and in their offshore bank accounts.,91,116,their super-rich sponsors,IDENTITY_MARKER,NEGATIVE,2019
They will never be on the side of the people when supporting the people might hit them and their super-rich sponsors where it hurts - in their wallets and in their offshore bank accounts.,123,125,it,PRONOUN,NEUTRAL,2019
They will never be on the side of the people when supporting the people might hit them and their super-rich sponsors where it hurts - in their wallets and in their offshore bank accounts.,137,150,their wallets,IDENTITY_MARKER,NEGATIVE,2019
They will never be on the side of the people when supporting the people might hit them and their super-rich sponsors where it hurts - in their wallets and in their offshore bank accounts.,158,186,their offshore bank accounts,IDENTITY_MARKER,NEGATIVE,2019
"So let me send this message to Boris Johnson: if you still lead your party into an election, we know your campaign will be absolutely swimming in cash.",15,27,this message,IDENTITY_MARKER,POSITIVE,2019
"So let me send this message to Boris Johnson: if you still lead your party into an election, we know your campaign will be absolutely swimming in cash.",31,44,Boris Johnson,IDENTITY_MARKER,NEGATIVE,2019
"So let me send this message to Boris Johnson: if you still lead your party into an election, we know your campaign will be absolutely swimming in cash.",49,52,you,PRONOUN,NEGATIVE,2019
"So let me send this message to Boris Johnson: if you still lead your party into an election, we know your campaign will be absolutely swimming in cash.",64,74,your party,IDENTITY_MARKER,NEGATIVE,2019
"So let me send this message to Boris Johnson: if you still lead your party into an election, we know your campaign will be absolutely swimming in cash.",80,91,an election,IDENTITY_MARKER,NEUTRAL,2019
"So let me send this message to Boris Johnson: if you still lead your party into an election, we know your campaign will be absolutely swimming in cash.",93,95,we,PRONOUN,POSITIVE,2019
"So let me send this message to Boris Johnson: if you still lead your party into an election, we know your campaign will be absolutely swimming in cash.",101,114,your campaign,IDENTITY_MARKER,NEGATIVE,2019
"So let me send this message to Boris Johnson: if you still lead your party into an election, we know your campaign will be absolutely swimming in cash.",146,150,cash,IDENTITY_MARKER,NEGATIVE,2019
But we've got something you haven't.,4,6,we,PRONOUN,POSITIVE,2019
But we've got something you haven't.,24,27,you,PRONOUN,NEGATIVE,2019
"People in their hundreds of thousands rooted in all our communities, all our age groups, all our diversity, all across this country, and we'll meet you with the biggest people-powered campaign this country has ever seen - and if we win, it will be the people who win.",0,6,People,IDENTITY_MARKER,POSITIVE,2019
"People in their hundreds of thousands rooted in all our communities, all our age groups, all our diversity, all across this country, and we'll meet you with the biggest people-powered campaign this country has ever seen - and if we win, it will be the people who win.",10,37,their hundreds of thousands,IDENTITY_MARKER,POSITIVE,2019
"People in their hundreds of thousands rooted in all our communities, all our age groups, all our diversity, all across this country, and we'll meet you with the biggest people-powered campaign this country has ever seen - and if we win, it will be the people who win.",48,67,all our communities,IDENTITY_MARKER,POSITIVE,2019
"People in their hundreds of thousands rooted in all our communities, all our age groups, all our diversity, all across this country, and we'll meet you with the biggest people-powered campaign this country has ever seen - and if we win, it will be the people who win.",69,87,all our age groups,IDENTITY_MARKER,POSITIVE,2019
"People in their hundreds of thousands rooted in all our communities, all our age groups, all our diversity, all across this country, and we'll meet you with the biggest people-powered campaign this country has ever seen - and if we win, it will be the people who win.",89,106,all our diversity,IDENTITY_MARKER,POSITIVE,2019
"People in their hundreds of thousands rooted in all our communities, all our age groups, all our diversity, all across this country, and we'll meet you with the biggest people-powered campaign this country has ever seen - and if we win, it will be the people who win.",108,131,all across this country,IDENTITY_MARKER,POSITIVE,2019
"People in their hundreds of thousands rooted in all our communities, all our age groups, all our diversity, all across this country, and we'll meet you with the biggest people-powered campaign this country has ever seen - and if we win, it will be the people who win.",137,139,we,PRONOUN,POSITIVE,2019
"People in their hundreds of thousands rooted in all our communities, all our age groups, all our diversity, all across this country, and we'll meet you with the biggest people-powered campaign this country has ever seen - and if we win, it will be the people who win.",148,151,you,PRONOUN,POSITIVE,2019
"People in their hundreds of thousands rooted in all our communities, all our age groups, all our diversity, all across this country, and we'll meet you with the biggest people-powered campaign this country has ever seen - and if we win, it will be the people who win.",157,192,the biggest people-powered campaign,IDENTITY_MARKER,POSITIVE,2019
"People in their hundreds of thousands rooted in all our communities, all our age groups, all our diversity, all across this country, and we'll meet you with the biggest people-powered campaign this country has ever seen - and if we win, it will be the people who win.",193,205,this country,IDENTITY_MARKER,NEUTRAL,2019
"People in their hundreds of thousands rooted in all our communities, all our age groups, all our diversity, all across this country, and we'll meet you with the biggest people-powered campaign this country has ever seen - and if we win, it will be the people who win.",229,231,we,PRONOUN,POSITIVE,2019
"People in their hundreds of thousands rooted in all our communities, all our age groups, all our diversity, all across this country, and we'll meet you with the biggest people-powered campaign this country has ever seen - and if we win, it will be the people who win.",237,239,it,PRONOUN,NEUTRAL,2019
"People in their hundreds of thousands rooted in all our communities, all our age groups, all our diversity, all across this country, and we'll meet you with the biggest people-powered campaign this country has ever seen - and if we win, it will be the people who win.",248,258,the people,IDENTITY_MARKER,POSITIVE,2019
Labour stands for real change in Britain; real change after years of Conservative cuts and failure.,0,6,Labour,IDENTITY_MARKER,POSITIVE,2019
Labour stands for real change in Britain; real change after years of Conservative cuts and failure.,18,29,real change,IDENTITY_MARKER,POSITIVE,2019
Labour stands for real change in Britain; real change after years of Conservative cuts and failure.,33,40,Britain,IDENTITY_MARKER,NEUTRAL,2019
Labour stands for real change in Britain; real change after years of Conservative cuts and failure.,42,53,real change,IDENTITY_MARKER,POSITIVE,2019
Labour stands for real change in Britain; real change after years of Conservative cuts and failure.,69,98,Conservative cuts and failure,IDENTITY_MARKER,NEGATIVE,2019
We will rebuild and transform our country so that no-one is held back and no community left behind.,0,2,We,PRONOUN,POSITIVE,2019
We will rebuild and transform our country so that no-one is held back and no community left behind.,30,41,our country,IDENTITY_MARKER,POSITIVE,2019
We will rebuild and transform our country so that no-one is held back and no community left behind.,50,56,no-one,IDENTITY_MARKER,POSITIVE,2019
We will rebuild and transform our country so that no-one is held back and no community left behind.,74,86,no community,IDENTITY_MARKER,POSITIVE,2019
"As you may be aware, we live in a country where the top chief executives now pocket in just two-and-a-half days what an average worker earns in a whole year.",3,6,you,PRONOUN,NEUTRAL,2019
"As you may be aware, we live in a country where the top chief executives now pocket in just two-and-a-half days what an average worker earns in a whole year.",21,23,we,PRONOUN,NEUTRAL,2019
"As you may be aware, we live in a country where the top chief executives now pocket in just two-and-a-half days what an average worker earns in a whole year.",32,41,a country,IDENTITY_MARKER,NEUTRAL,2019
"As you may be aware, we live in a country where the top chief executives now pocket in just two-and-a-half days what an average worker earns in a whole year.",48,72,the top chief executives,IDENTITY_MARKER,NEGATIVE,2019
"As you may be aware, we live in a country where the top chief executives now pocket in just two-and-a-half days what an average worker earns in a whole year.",117,134,an average worker,IDENTITY_MARKER,POSITIVE,2019
"In other words, by January 3rd, the top chief executives have earned what the average worker will not get until the 31st December.",32,56,the top chief executives,IDENTITY_MARKER,NEGATIVE,2019
"In other words, by January 3rd, the top chief executives have earned what the average worker will not get until the 31st December.",74,92,the average worker,IDENTITY_MARKER,POSITIVE,2019
"How can you call that fair, or equal, or just in a modern society?",8,11,you,PRONOUN,NEUTRAL,2019
"How can you call that fair, or equal, or just in a modern society?",17,21,that,IDENTITY_MARKER,NEGATIVE,2019
"How can you call that fair, or equal, or just in a modern society?",49,65,a modern society,IDENTITY_MARKER,NEUTRAL,2019
"Where Thomas Cook bosses were able to fill their pockets with unearned bonuses, while their workers face redundancy and 150,000 holidaymakers are stranded because of their failure.",6,24,Thomas Cook bosses,IDENTITY_MARKER,NEGATIVE,2019
"Where Thomas Cook bosses were able to fill their pockets with unearned bonuses, while their workers face redundancy and 150,000 holidaymakers are stranded because of their failure.",43,56,their pockets,IDENTITY_MARKER,NEGATIVE,2019
"Where Thomas Cook bosses were able to fill their pockets with unearned bonuses, while their workers face redundancy and 150,000 holidaymakers are stranded because of their failure.",62,78,unearned bonuses,IDENTITY_MARKER,NEGATIVE,2019
"Where Thomas Cook bosses were able to fill their pockets with unearned bonuses, while their workers face redundancy and 150,000 holidaymakers are stranded because of their failure.",86,99,their workers,IDENTITY_MARKER,POSITIVE,2019
"Where Thomas Cook bosses were able to fill their pockets with unearned bonuses, while their workers face redundancy and 150,000 holidaymakers are stranded because of their failure.",105,115,redundancy,IDENTITY_MARKER,NEGATIVE,2019
"Where Thomas Cook bosses were able to fill their pockets with unearned bonuses, while their workers face redundancy and 150,000 holidaymakers are stranded because of their failure.",120,141,"150,000 holidaymakers",IDENTITY_MARKER,POSITIVE,2019
"Where Thomas Cook bosses were able to fill their pockets with unearned bonuses, while their workers face redundancy and 150,000 holidaymakers are stranded because of their failure.",166,179,their failure,IDENTITY_MARKER,NEGATIVE,2019
"We've had the greatest slump in wages, actually, since steam trains were built.",0,2,We,PRONOUN,NEUTRAL,2019
"We've had the greatest slump in wages, actually, since steam trains were built.",32,37,wages,IDENTITY_MARKER,NEGATIVE,2019
"We've had the greatest slump in wages, actually, since steam trains were built.",55,67,steam trains,IDENTITY_MARKER,NEUTRAL,2019
It's a long time ago.,0,2,It,PRONOUN,NEUTRAL,2019
"To share wealth, we need to share power.",9,15,wealth,IDENTITY_MARKER,POSITIVE,2019
"To share wealth, we need to share power.",17,19,we,PRONOUN,POSITIVE,2019
"To share wealth, we need to share power.",34,39,power,IDENTITY_MARKER,POSITIVE,2019
"And that's what we'll do in government with bold, radical measures such as giving the workforce a 10 per cent stake in large companies, paying a dividend of up to £500 a year to every employee.",4,8,that,IDENTITY_MARKER,POSITIVE,2019
"And that's what we'll do in government with bold, radical measures such as giving the workforce a 10 per cent stake in large companies, paying a dividend of up to £500 a year to every employee.",16,18,we,PRONOUN,POSITIVE,2019
"And that's what we'll do in government with bold, radical measures such as giving the workforce a 10 per cent stake in large companies, paying a dividend of up to £500 a year to every employee.",28,38,government,IDENTITY_MARKER,POSITIVE,2019
"And that's what we'll do in government with bold, radical measures such as giving the workforce a 10 per cent stake in large companies, paying a dividend of up to £500 a year to every employee.",82,95,the workforce,IDENTITY_MARKER,POSITIVE,2019
"And that's what we'll do in government with bold, radical measures such as giving the workforce a 10 per cent stake in large companies, paying a dividend of up to £500 a year to every employee.",96,134,a 10 per cent stake in large companies,IDENTITY_MARKER,POSITIVE,2019
"And that's what we'll do in government with bold, radical measures such as giving the workforce a 10 per cent stake in large companies, paying a dividend of up to £500 a year to every employee.",143,174,a dividend of up to £500 a year,IDENTITY_MARKER,POSITIVE,2019
"And that's what we'll do in government with bold, radical measures such as giving the workforce a 10 per cent stake in large companies, paying a dividend of up to £500 a year to every employee.",178,192,every employee,IDENTITY_MARKER,POSITIVE,2019
And we will bring about the biggest extension of rights for workers our country has ever seen.,4,6,we,PRONOUN,POSITIVE,2019
And we will bring about the biggest extension of rights for workers our country has ever seen.,24,67,the biggest extension of rights for workers,IDENTITY_MARKER,POSITIVE,2019
And we will bring about the biggest extension of rights for workers our country has ever seen.,68,79,our country,IDENTITY_MARKER,NEUTRAL,2019
"We will scrap zero-hours contracts; introduce a £10 living wage - including for young people from the age of 16; give all workers equal rights from their first day in their new job; take action on the gender, disability and ethnicity pay gaps; and introduce flexible working time for workers experiencing the menopause.",0,2,We,PRONOUN,POSITIVE,2019
"We will scrap zero-hours contracts; introduce a £10 living wage - including for young people from the age of 16; give all workers equal rights from their first day in their new job; take action on the gender, disability and ethnicity pay gaps; and introduce flexible working time for workers experiencing the menopause.",14,34,zero-hours contracts,IDENTITY_MARKER,NEGATIVE,2019
"We will scrap zero-hours contracts; introduce a £10 living wage - including for young people from the age of 16; give all workers equal rights from their first day in their new job; take action on the gender, disability and ethnicity pay gaps; and introduce flexible working time for workers experiencing the menopause.",46,63,a £10 living wage,IDENTITY_MARKER,POSITIVE,2019
"We will scrap zero-hours contracts; introduce a £10 living wage - including for young people from the age of 16; give all workers equal rights from their first day in their new job; take action on the gender, disability and ethnicity pay gaps; and introduce flexible working time for workers experiencing the menopause.",80,111,young people from the age of 16,IDENTITY_MARKER,POSITIVE,2019
"We will scrap zero-hours contracts; introduce a £10 living wage - including for young people from the age of 16; give all workers equal rights from their first day in their new job; take action on the gender, disability and ethnicity pay gaps; and introduce flexible working time for workers experiencing the menopause.",118,129,all workers,IDENTITY_MARKER,POSITIVE,2019
"We will scrap zero-hours contracts; introduce a £10 living wage - including for young people from the age of 16; give all workers equal rights from their first day in their new job; take action on the gender, disability and ethnicity pay gaps; and introduce flexible working time for workers experiencing the menopause.",148,163,their first day,IDENTITY_MARKER,POSITIVE,2019
"We will scrap zero-hours contracts; introduce a £10 living wage - including for young people from the age of 16; give all workers equal rights from their first day in their new job; take action on the gender, disability and ethnicity pay gaps; and introduce flexible working time for workers experiencing the menopause.",167,180,their new job,IDENTITY_MARKER,POSITIVE,2019
"We will scrap zero-hours contracts; introduce a £10 living wage - including for young people from the age of 16; give all workers equal rights from their first day in their new job; take action on the gender, disability and ethnicity pay gaps; and introduce flexible working time for workers experiencing the menopause.",197,242,"the gender, disability and ethnicity pay gaps",IDENTITY_MARKER,NEGATIVE,2019
"We will scrap zero-hours contracts; introduce a £10 living wage - including for young people from the age of 16; give all workers equal rights from their first day in their new job; take action on the gender, disability and ethnicity pay gaps; and introduce flexible working time for workers experiencing the menopause.",258,279,flexible working time,IDENTITY_MARKER,POSITIVE,2019
"We will scrap zero-hours contracts; introduce a £10 living wage - including for young people from the age of 16; give all workers equal rights from their first day in their new job; take action on the gender, disability and ethnicity pay gaps; and introduce flexible working time for workers experiencing the menopause.",284,291,workers,IDENTITY_MARKER,POSITIVE,2019
"We will scrap zero-hours contracts; introduce a £10 living wage - including for young people from the age of 16; give all workers equal rights from their first day in their new job; take action on the gender, disability and ethnicity pay gaps; and introduce flexible working time for workers experiencing the menopause.",305,318,the menopause,IDENTITY_MARKER,NEUTRAL,2019
"It's Labour that will get more money into your pocket, rather than line the pockets of the multi-millionaires.",5,11,Labour,IDENTITY_MARKER,POSITIVE,2019
"It's Labour that will get more money into your pocket, rather than line the pockets of the multi-millionaires.",26,36,more money,IDENTITY_MARKER,POSITIVE,2019
"It's Labour that will get more money into your pocket, rather than line the pockets of the multi-millionaires.",42,53,your pocket,IDENTITY_MARKER,POSITIVE,2019
"It's Labour that will get more money into your pocket, rather than line the pockets of the multi-millionaires.",72,109,the pockets of the multi-millionaires,IDENTITY_MARKER,NEGATIVE,2019
"And we will give people a democratic voice at work, allowing them to secure better terms and pay for themselves.",4,6,we,PRONOUN,POSITIVE,2019
"And we will give people a democratic voice at work, allowing them to secure better terms and pay for themselves.",17,23,people,IDENTITY_MARKER,POSITIVE,2019
"And we will give people a democratic voice at work, allowing them to secure better terms and pay for themselves.",24,50,a democratic voice at work,IDENTITY_MARKER,POSITIVE,2019
"And we will give people a democratic voice at work, allowing them to secure better terms and pay for themselves.",61,65,them,PRONOUN,POSITIVE,2019
"And we will give people a democratic voice at work, allowing them to secure better terms and pay for themselves.",83,88,terms,IDENTITY_MARKER,POSITIVE,2019
"And we will give people a democratic voice at work, allowing them to secure better terms and pay for themselves.",93,96,pay,IDENTITY_MARKER,POSITIVE,2019
"And we will give people a democratic voice at work, allowing them to secure better terms and pay for themselves.",101,111,themselves,PRONOUN,POSITIVE,2019
"So, within the first 100 days of our government we will scrap the Tory Trade Union Act.",11,47,the first 100 days of our government,IDENTITY_MARKER,NEUTRAL,2019
"So, within the first 100 days of our government we will scrap the Tory Trade Union Act.",48,50,we,PRONOUN,POSITIVE,2019
"So, within the first 100 days of our government we will scrap the Tory Trade Union Act.",62,86,the Tory Trade Union Act,IDENTITY_MARKER,NEGATIVE,2019
"And by the way, Labour will never, ever tell people they have to work until they're 75.",16,22,Labour,IDENTITY_MARKER,POSITIVE,2019
"And by the way, Labour will never, ever tell people they have to work until they're 75.",45,51,people,IDENTITY_MARKER,NEUTRAL,2019
"And by the way, Labour will never, ever tell people they have to work until they're 75.",52,56,they,PRONOUN,NEUTRAL,2019
"And by the way, Labour will never, ever tell people they have to work until they're 75.",76,80,they,PRONOUN,NEUTRAL,2019
We simply will not do it.,0,2,We,PRONOUN,POSITIVE,2019
We simply will not do it.,22,24,it,PRONOUN,NEGATIVE,2019
"A Labour government will mean better wages, greater security, and more say.",0,19,A Labour government,IDENTITY_MARKER,POSITIVE,2019
"A Labour government will mean better wages, greater security, and more say.",37,42,wages,IDENTITY_MARKER,POSITIVE,2019
"A Labour government will mean better wages, greater security, and more say.",52,60,security,IDENTITY_MARKER,POSITIVE,2019
"A Labour government will mean better wages, greater security, and more say.",71,74,say,IDENTITY_MARKER,POSITIVE,2019
Putting power in the hands of the people.,8,13,power,IDENTITY_MARKER,POSITIVE,2019
Putting power in the hands of the people.,17,40,the hands of the people,IDENTITY_MARKER,POSITIVE,2019
"And we'll bring rail, mail, water and the National Grid into public ownership so the essential services that we all rely on are run by and for the public, not for private profit.",4,6,we,PRONOUN,POSITIVE,2019
"And we'll bring rail, mail, water and the National Grid into public ownership so the essential services that we all rely on are run by and for the public, not for private profit.",16,20,rail,IDENTITY_MARKER,POSITIVE,2019
"And we'll bring rail, mail, water and the National Grid into public ownership so the essential services that we all rely on are run by and for the public, not for private profit.",22,26,mail,IDENTITY_MARKER,POSITIVE,2019
"And we'll bring rail, mail, water and the National Grid into public ownership so the essential services that we all rely on are run by and for the public, not for private profit.",28,33,water,IDENTITY_MARKER,POSITIVE,2019
"And we'll bring rail, mail, water and the National Grid into public ownership so the essential services that we all rely on are run by and for the public, not for private profit.",38,55,the National Grid,IDENTITY_MARKER,POSITIVE,2019
"And we'll bring rail, mail, water and the National Grid into public ownership so the essential services that we all rely on are run by and for the public, not for private profit.",61,77,public ownership,IDENTITY_MARKER,POSITIVE,2019
"And we'll bring rail, mail, water and the National Grid into public ownership so the essential services that we all rely on are run by and for the public, not for private profit.",81,103,the essential services,IDENTITY_MARKER,POSITIVE,2019
"And we'll bring rail, mail, water and the National Grid into public ownership so the essential services that we all rely on are run by and for the public, not for private profit.",109,111,we,PRONOUN,POSITIVE,2019
"And we'll bring rail, mail, water and the National Grid into public ownership so the essential services that we all rely on are run by and for the public, not for private profit.",143,153,the public,IDENTITY_MARKER,POSITIVE,2019
"And we'll bring rail, mail, water and the National Grid into public ownership so the essential services that we all rely on are run by and for the public, not for private profit.",163,177,private profit,IDENTITY_MARKER,NEGATIVE,2019
"It's quite simple, that's what we're going to do.",0,2,It,PRONOUN,POSITIVE,2019
"It's quite simple, that's what we're going to do.",31,33,we,PRONOUN,POSITIVE,2019
"Yesterday, here in Brighton, I met Luis Walker, a wonderful nine-year-old boy.",19,27,Brighton,IDENTITY_MARKER,NEUTRAL,2019
"Yesterday, here in Brighton, I met Luis Walker, a wonderful nine-year-old boy.",35,46,Luis Walker,IDENTITY_MARKER,POSITIVE,2019
"Yesterday, here in Brighton, I met Luis Walker, a wonderful nine-year-old boy.",48,77,a wonderful nine-year-old boy,IDENTITY_MARKER,POSITIVE,2019
"A bright, bubbly, lovely boy.",0,28,"A bright, bubbly, lovely boy",IDENTITY_MARKER,POSITIVE,2019
Luis is living with cystic fibrosis.,0,4,Luis,IDENTITY_MARKER,NEUTRAL,2019
"Every day he needs four hours of treatment and is often in hospital, which obviously keeps him from school and his friends - the normal life of a nine year old.",10,12,he,PRONOUN,POSITIVE,2019
"Every day he needs four hours of treatment and is often in hospital, which obviously keeps him from school and his friends - the normal life of a nine year old.",59,67,hospital,IDENTITY_MARKER,NEUTRAL,2019
"Every day he needs four hours of treatment and is often in hospital, which obviously keeps him from school and his friends - the normal life of a nine year old.",91,94,him,PRONOUN,POSITIVE,2019
"Every day he needs four hours of treatment and is often in hospital, which obviously keeps him from school and his friends - the normal life of a nine year old.",100,106,school,IDENTITY_MARKER,POSITIVE,2019
"Every day he needs four hours of treatment and is often in hospital, which obviously keeps him from school and his friends - the normal life of a nine year old.",111,122,his friends,IDENTITY_MARKER,POSITIVE,2019
"Every day he needs four hours of treatment and is often in hospital, which obviously keeps him from school and his friends - the normal life of a nine year old.",144,159,a nine year old,IDENTITY_MARKER,POSITIVE,2019
Luis' life could be very different with the aid of a medicine called Orkambi.,0,10,Luis' life,IDENTITY_MARKER,POSITIVE,2019
Luis' life could be very different with the aid of a medicine called Orkambi.,40,61,the aid of a medicine,IDENTITY_MARKER,POSITIVE,2019
Luis' life could be very different with the aid of a medicine called Orkambi.,69,76,Orkambi,IDENTITY_MARKER,POSITIVE,2019
But Luis is denied the medicine he needs because its manufacturer refuses to sell the drug to the NHS at an affordable price.,4,8,Luis,IDENTITY_MARKER,POSITIVE,2019
But Luis is denied the medicine he needs because its manufacturer refuses to sell the drug to the NHS at an affordable price.,19,31,the medicine,IDENTITY_MARKER,POSITIVE,2019
But Luis is denied the medicine he needs because its manufacturer refuses to sell the drug to the NHS at an affordable price.,32,34,he,PRONOUN,POSITIVE,2019
But Luis is denied the medicine he needs because its manufacturer refuses to sell the drug to the NHS at an affordable price.,49,65,its manufacturer,IDENTITY_MARKER,NEGATIVE,2019
But Luis is denied the medicine he needs because its manufacturer refuses to sell the drug to the NHS at an affordable price.,82,90,the drug,IDENTITY_MARKER,POSITIVE,2019
But Luis is denied the medicine he needs because its manufacturer refuses to sell the drug to the NHS at an affordable price.,94,101,the NHS,IDENTITY_MARKER,POSITIVE,2019
But Luis is denied the medicine he needs because its manufacturer refuses to sell the drug to the NHS at an affordable price.,105,124,an affordable price,IDENTITY_MARKER,POSITIVE,2019
"Luis, and tens of thousands of others suffering from illnesses such as cystic fibrosis, hepatitis C, or breast cancer, are being denied life-saving medicines by a system that puts profits for shareholders before people's lives.",0,4,Luis,IDENTITY_MARKER,POSITIVE,2019
"Luis, and tens of thousands of others suffering from illnesses such as cystic fibrosis, hepatitis C, or breast cancer, are being denied life-saving medicines by a system that puts profits for shareholders before people's lives.",10,37,tens of thousands of others,IDENTITY_MARKER,POSITIVE,2019
"Luis, and tens of thousands of others suffering from illnesses such as cystic fibrosis, hepatitis C, or breast cancer, are being denied life-saving medicines by a system that puts profits for shareholders before people's lives.",53,62,illnesses,IDENTITY_MARKER,NEGATIVE,2019
"Luis, and tens of thousands of others suffering from illnesses such as cystic fibrosis, hepatitis C, or breast cancer, are being denied life-saving medicines by a system that puts profits for shareholders before people's lives.",71,86,cystic fibrosis,IDENTITY_MARKER,NEGATIVE,2019
"Luis, and tens of thousands of others suffering from illnesses such as cystic fibrosis, hepatitis C, or breast cancer, are being denied life-saving medicines by a system that puts profits for shareholders before people's lives.",88,99,hepatitis C,IDENTITY_MARKER,NEGATIVE,2019
"Luis, and tens of thousands of others suffering from illnesses such as cystic fibrosis, hepatitis C, or breast cancer, are being denied life-saving medicines by a system that puts profits for shareholders before people's lives.",104,117,breast cancer,IDENTITY_MARKER,NEGATIVE,2019
"Luis, and tens of thousands of others suffering from illnesses such as cystic fibrosis, hepatitis C, or breast cancer, are being denied life-saving medicines by a system that puts profits for shareholders before people's lives.",136,157,life-saving medicines,IDENTITY_MARKER,POSITIVE,2019
"Luis, and tens of thousands of others suffering from illnesses such as cystic fibrosis, hepatitis C, or breast cancer, are being denied life-saving medicines by a system that puts profits for shareholders before people's lives.",161,169,a system,IDENTITY_MARKER,NEGATIVE,2019
"Luis, and tens of thousands of others suffering from illnesses such as cystic fibrosis, hepatitis C, or breast cancer, are being denied life-saving medicines by a system that puts profits for shareholders before people's lives.",180,204,profits for shareholders,IDENTITY_MARKER,NEGATIVE,2019
"Luis, and tens of thousands of others suffering from illnesses such as cystic fibrosis, hepatitis C, or breast cancer, are being denied life-saving medicines by a system that puts profits for shareholders before people's lives.",212,226,people's lives,IDENTITY_MARKER,POSITIVE,2019
Labour will tackle this.,0,6,Labour,IDENTITY_MARKER,POSITIVE,2019
Labour will tackle this.,19,23,this,IDENTITY_MARKER,NEUTRAL,2019
We will redesign the system to serve public health - not private wealth - using compulsory licensing to secure generic versions of patented medicines.,0,2,We,PRONOUN,POSITIVE,2019
We will redesign the system to serve public health - not private wealth - using compulsory licensing to secure generic versions of patented medicines.,17,27,the system,IDENTITY_MARKER,NEUTRAL,2019
We will redesign the system to serve public health - not private wealth - using compulsory licensing to secure generic versions of patented medicines.,37,50,public health,IDENTITY_MARKER,POSITIVE,2019
We will redesign the system to serve public health - not private wealth - using compulsory licensing to secure generic versions of patented medicines.,57,71,private wealth,IDENTITY_MARKER,NEGATIVE,2019
We will redesign the system to serve public health - not private wealth - using compulsory licensing to secure generic versions of patented medicines.,80,100,compulsory licensing,IDENTITY_MARKER,POSITIVE,2019
We will redesign the system to serve public health - not private wealth - using compulsory licensing to secure generic versions of patented medicines.,111,149,generic versions of patented medicines,IDENTITY_MARKER,POSITIVE,2019
We'll tell the drug companies that if they want public research funding then they'll have to make their drugs affordable for all.,0,2,We,PRONOUN,POSITIVE,2019
We'll tell the drug companies that if they want public research funding then they'll have to make their drugs affordable for all.,11,29,the drug companies,IDENTITY_MARKER,NEGATIVE,2019
We'll tell the drug companies that if they want public research funding then they'll have to make their drugs affordable for all.,38,42,they,PRONOUN,NEGATIVE,2019
We'll tell the drug companies that if they want public research funding then they'll have to make their drugs affordable for all.,48,71,public research funding,IDENTITY_MARKER,POSITIVE,2019
We'll tell the drug companies that if they want public research funding then they'll have to make their drugs affordable for all.,77,81,they,PRONOUN,NEGATIVE,2019
We'll tell the drug companies that if they want public research funding then they'll have to make their drugs affordable for all.,98,109,their drugs,IDENTITY_MARKER,POSITIVE,2019
We'll tell the drug companies that if they want public research funding then they'll have to make their drugs affordable for all.,125,128,all,IDENTITY_MARKER,POSITIVE,2019
"And we will create a new, publicly-owned generic drugs manufacturer to supply cheaper medicines to our NHS, saving our health service money and saving lives at the same time.",4,6,we,PRONOUN,POSITIVE,2019
"And we will create a new, publicly-owned generic drugs manufacturer to supply cheaper medicines to our NHS, saving our health service money and saving lives at the same time.",19,67,"a new, publicly-owned generic drugs manufacturer",IDENTITY_MARKER,POSITIVE,2019
"And we will create a new, publicly-owned generic drugs manufacturer to supply cheaper medicines to our NHS, saving our health service money and saving lives at the same time.",78,95,cheaper medicines,IDENTITY_MARKER,POSITIVE,2019
"And we will create a new, publicly-owned generic drugs manufacturer to supply cheaper medicines to our NHS, saving our health service money and saving lives at the same time.",99,106,our NHS,IDENTITY_MARKER,POSITIVE,2019
"And we will create a new, publicly-owned generic drugs manufacturer to supply cheaper medicines to our NHS, saving our health service money and saving lives at the same time.",115,139,our health service money,IDENTITY_MARKER,POSITIVE,2019
"And we will create a new, publicly-owned generic drugs manufacturer to supply cheaper medicines to our NHS, saving our health service money and saving lives at the same time.",151,156,lives,IDENTITY_MARKER,POSITIVE,2019
"I'll just say thank you to Luis, and his family, and so many other families going through the same level of stress which, despite all of that, they find the time and the energy to campaign for others - thank you, Luis, and thank you to your family.",27,31,Luis,IDENTITY_MARKER,POSITIVE,2019
"I'll just say thank you to Luis, and his family, and so many other families going through the same level of stress which, despite all of that, they find the time and the energy to campaign for others - thank you, Luis, and thank you to your family.",37,47,his family,IDENTITY_MARKER,POSITIVE,2019
"I'll just say thank you to Luis, and his family, and so many other families going through the same level of stress which, despite all of that, they find the time and the energy to campaign for others - thank you, Luis, and thank you to your family.",53,75,so many other families,IDENTITY_MARKER,POSITIVE,2019
"I'll just say thank you to Luis, and his family, and so many other families going through the same level of stress which, despite all of that, they find the time and the energy to campaign for others - thank you, Luis, and thank you to your family.",108,114,stress,IDENTITY_MARKER,NEGATIVE,2019
"I'll just say thank you to Luis, and his family, and so many other families going through the same level of stress which, despite all of that, they find the time and the energy to campaign for others - thank you, Luis, and thank you to your family.",137,141,that,IDENTITY_MARKER,NEGATIVE,2019
"I'll just say thank you to Luis, and his family, and so many other families going through the same level of stress which, despite all of that, they find the time and the energy to campaign for others - thank you, Luis, and thank you to your family.",143,147,they,IDENTITY_MARKER,POSITIVE,2019
"I'll just say thank you to Luis, and his family, and so many other families going through the same level of stress which, despite all of that, they find the time and the energy to campaign for others - thank you, Luis, and thank you to your family.",153,161,the time,IDENTITY_MARKER,POSITIVE,2019
"I'll just say thank you to Luis, and his family, and so many other families going through the same level of stress which, despite all of that, they find the time and the energy to campaign for others - thank you, Luis, and thank you to your family.",166,176,the energy,IDENTITY_MARKER,POSITIVE,2019
"I'll just say thank you to Luis, and his family, and so many other families going through the same level of stress which, despite all of that, they find the time and the energy to campaign for others - thank you, Luis, and thank you to your family.",193,199,others,IDENTITY_MARKER,POSITIVE,2019
"I'll just say thank you to Luis, and his family, and so many other families going through the same level of stress which, despite all of that, they find the time and the energy to campaign for others - thank you, Luis, and thank you to your family.",213,217,Luis,IDENTITY_MARKER,POSITIVE,2019
"I'll just say thank you to Luis, and his family, and so many other families going through the same level of stress which, despite all of that, they find the time and the energy to campaign for others - thank you, Luis, and thank you to your family.",236,247,your family,IDENTITY_MARKER,POSITIVE,2019
"We are the party, the Labour Party, that created the National Health Service.",0,2,We,PRONOUN,POSITIVE,2019
"We are the party, the Labour Party, that created the National Health Service.",7,16,the party,IDENTITY_MARKER,POSITIVE,2019
"We are the party, the Labour Party, that created the National Health Service.",18,34,the Labour Party,IDENTITY_MARKER,POSITIVE,2019
"We are the party, the Labour Party, that created the National Health Service.",49,76,the National Health Service,IDENTITY_MARKER,POSITIVE,2019
Only Labour can be trusted with its future.,5,11,Labour,IDENTITY_MARKER,POSITIVE,2019
Only Labour can be trusted with its future.,32,42,its future,IDENTITY_MARKER,NEUTRAL,2019
"My parents' generation, that wonderful post-war generation, fought hard to establish the principle of a universal health service owned and run by the public.",0,22,My parents' generation,IDENTITY_MARKER,POSITIVE,2019
"My parents' generation, that wonderful post-war generation, fought hard to establish the principle of a universal health service owned and run by the public.",39,58,post-war generation,IDENTITY_MARKER,POSITIVE,2019
"My parents' generation, that wonderful post-war generation, fought hard to establish the principle of a universal health service owned and run by the public.",85,128,the principle of a universal health service,IDENTITY_MARKER,POSITIVE,2019
"My parents' generation, that wonderful post-war generation, fought hard to establish the principle of a universal health service owned and run by the public.",146,156,the public,IDENTITY_MARKER,POSITIVE,2019
They left it in our trust.,0,4,They,PRONOUN,POSITIVE,2019
They left it in our trust.,10,12,it,PRONOUN,POSITIVE,2019
They left it in our trust.,16,25,our trust,IDENTITY_MARKER,POSITIVE,2019
It's our duty to defend it.,0,2,It,PRONOUN,NEUTRAL,2019
It's our duty to defend it.,5,13,our duty,IDENTITY_MARKER,POSITIVE,2019
It's our duty to defend it.,24,26,it,PRONOUN,POSITIVE,2019
We will end the sell-offs and privatisation.,0,2,We,PRONOUN,POSITIVE,2019
We will end the sell-offs and privatisation.,12,25,the sell-offs,IDENTITY_MARKER,NEGATIVE,2019
We will end the sell-offs and privatisation.,30,43,privatisation,IDENTITY_MARKER,NEGATIVE,2019
"Our NHS is not for sale, not to Trump or anyone else.",0,7,Our NHS,IDENTITY_MARKER,POSITIVE,2019
"Our NHS is not for sale, not to Trump or anyone else.",32,37,Trump,IDENTITY_MARKER,NEGATIVE,2019
"Our NHS is not for sale, not to Trump or anyone else.",41,52,anyone else,IDENTITY_MARKER,NEGATIVE,2019
It's our NHS for our people.,0,2,It,PRONOUN,POSITIVE,2019
It's our NHS for our people.,5,12,our NHS,IDENTITY_MARKER,POSITIVE,2019
It's our NHS for our people.,17,27,our people,IDENTITY_MARKER,POSITIVE,2019
"And conference, we will make prescriptions free in England, as they have been in Wales since 2007, when charges were abolished and I say thank you to Mark Drakeford and the Welsh Labour government for the abolition of those prescription charges in Wales.",4,14,conference,IDENTITY_MARKER,NEUTRAL,2019
"And conference, we will make prescriptions free in England, as they have been in Wales since 2007, when charges were abolished and I say thank you to Mark Drakeford and the Welsh Labour government for the abolition of those prescription charges in Wales.",16,18,we,PRONOUN,POSITIVE,2019
"And conference, we will make prescriptions free in England, as they have been in Wales since 2007, when charges were abolished and I say thank you to Mark Drakeford and the Welsh Labour government for the abolition of those prescription charges in Wales.",29,42,prescriptions,IDENTITY_MARKER,POSITIVE,2019
"And conference, we will make prescriptions free in England, as they have been in Wales since 2007, when charges were abolished and I say thank you to Mark Drakeford and the Welsh Labour government for the abolition of those prescription charges in Wales.",51,58,England,IDENTITY_MARKER,NEUTRAL,2019
"And conference, we will make prescriptions free in England, as they have been in Wales since 2007, when charges were abolished and I say thank you to Mark Drakeford and the Welsh Labour government for the abolition of those prescription charges in Wales.",63,67,they,PRONOUN,POSITIVE,2019
"And conference, we will make prescriptions free in England, as they have been in Wales since 2007, when charges were abolished and I say thank you to Mark Drakeford and the Welsh Labour government for the abolition of those prescription charges in Wales.",81,86,Wales,IDENTITY_MARKER,NEUTRAL,2019
"And conference, we will make prescriptions free in England, as they have been in Wales since 2007, when charges were abolished and I say thank you to Mark Drakeford and the Welsh Labour government for the abolition of those prescription charges in Wales.",104,111,charges,IDENTITY_MARKER,NEGATIVE,2019
"And conference, we will make prescriptions free in England, as they have been in Wales since 2007, when charges were abolished and I say thank you to Mark Drakeford and the Welsh Labour government for the abolition of those prescription charges in Wales.",150,164,Mark Drakeford,IDENTITY_MARKER,POSITIVE,2019
"And conference, we will make prescriptions free in England, as they have been in Wales since 2007, when charges were abolished and I say thank you to Mark Drakeford and the Welsh Labour government for the abolition of those prescription charges in Wales.",169,196,the Welsh Labour government,IDENTITY_MARKER,POSITIVE,2019
"And conference, we will make prescriptions free in England, as they have been in Wales since 2007, when charges were abolished and I say thank you to Mark Drakeford and the Welsh Labour government for the abolition of those prescription charges in Wales.",201,244,the abolition of those prescription charges,IDENTITY_MARKER,POSITIVE,2019
"And conference, we will make prescriptions free in England, as they have been in Wales since 2007, when charges were abolished and I say thank you to Mark Drakeford and the Welsh Labour government for the abolition of those prescription charges in Wales.",248,253,Wales,IDENTITY_MARKER,NEUTRAL,2019
But we need to talk about social care as well.,4,6,we,PRONOUN,NEUTRAL,2019
But we need to talk about social care as well.,26,37,social care,IDENTITY_MARKER,NEUTRAL,2019
"When older people, who have paid into the system all their lives need a little help we shouldn't deny it to them.",5,17,older people,IDENTITY_MARKER,POSITIVE,2019
"When older people, who have paid into the system all their lives need a little help we shouldn't deny it to them.",38,48,the system,IDENTITY_MARKER,NEUTRAL,2019
"When older people, who have paid into the system all their lives need a little help we shouldn't deny it to them.",53,64,their lives,IDENTITY_MARKER,POSITIVE,2019
"When older people, who have paid into the system all their lives need a little help we shouldn't deny it to them.",84,86,we,PRONOUN,NEUTRAL,2019
"When older people, who have paid into the system all their lives need a little help we shouldn't deny it to them.",102,104,it,PRONOUN,POSITIVE,2019
"When older people, who have paid into the system all their lives need a little help we shouldn't deny it to them.",108,112,them,PRONOUN,POSITIVE,2019
"We really shouldn't, it's wrong.",0,2,We,PRONOUN,NEUTRAL,2019
"We really shouldn't, it's wrong.",21,23,it,PRONOUN,NEGATIVE,2019
So we will introduce free personal care for those who need it as the first step in our plan for a National Care Service.,3,5,we,PRONOUN,POSITIVE,2019
So we will introduce free personal care for those who need it as the first step in our plan for a National Care Service.,21,39,free personal care,IDENTITY_MARKER,POSITIVE,2019
So we will introduce free personal care for those who need it as the first step in our plan for a National Care Service.,44,49,those,IDENTITY_MARKER,POSITIVE,2019
So we will introduce free personal care for those who need it as the first step in our plan for a National Care Service.,59,61,it,PRONOUN,POSITIVE,2019
So we will introduce free personal care for those who need it as the first step in our plan for a National Care Service.,83,91,our plan,IDENTITY_MARKER,POSITIVE,2019
So we will introduce free personal care for those who need it as the first step in our plan for a National Care Service.,98,119,National Care Service,IDENTITY_MARKER,POSITIVE,2019
Because I believe government should provide a platform that allows everyone to reach their full potential.,18,28,government,IDENTITY_MARKER,POSITIVE,2019
Because I believe government should provide a platform that allows everyone to reach their full potential.,44,54,a platform,IDENTITY_MARKER,POSITIVE,2019
Because I believe government should provide a platform that allows everyone to reach their full potential.,67,75,everyone,IDENTITY_MARKER,POSITIVE,2019
Because I believe government should provide a platform that allows everyone to reach their full potential.,85,105,their full potential,IDENTITY_MARKER,POSITIVE,2019
That's the principle behind the National Education Service that the next Labour government will create.,0,4,That,IDENTITY_MARKER,NEUTRAL,2019
That's the principle behind the National Education Service that the next Labour government will create.,7,20,the principle,IDENTITY_MARKER,NEUTRAL,2019
That's the principle behind the National Education Service that the next Labour government will create.,28,58,the National Education Service,IDENTITY_MARKER,POSITIVE,2019
That's the principle behind the National Education Service that the next Labour government will create.,64,90,the next Labour government,IDENTITY_MARKER,POSITIVE,2019
"Free education for everyone as a right, throughout life, not a privilege.",0,14,Free education,IDENTITY_MARKER,POSITIVE,2019
"Free education for everyone as a right, throughout life, not a privilege.",19,27,everyone,IDENTITY_MARKER,POSITIVE,2019
"Free education for everyone as a right, throughout life, not a privilege.",31,38,a right,IDENTITY_MARKER,POSITIVE,2019
"Free education for everyone as a right, throughout life, not a privilege.",51,55,life,IDENTITY_MARKER,NEUTRAL,2019
"Free education for everyone as a right, throughout life, not a privilege.",61,72,a privilege,IDENTITY_MARKER,NEGATIVE,2019
So - no more university tuition fees.,13,36,university tuition fees,IDENTITY_MARKER,NEGATIVE,2019
"Free childcare and a new, great Sure Start programme so that all children get help when they need it.",0,14,Free childcare,IDENTITY_MARKER,POSITIVE,2019
"Free childcare and a new, great Sure Start programme so that all children get help when they need it.",19,52,"a new, great Sure Start programme",IDENTITY_MARKER,POSITIVE,2019
"Free childcare and a new, great Sure Start programme so that all children get help when they need it.",61,73,all children,IDENTITY_MARKER,POSITIVE,2019
"Free childcare and a new, great Sure Start programme so that all children get help when they need it.",88,92,they,PRONOUN,POSITIVE,2019
"Free childcare and a new, great Sure Start programme so that all children get help when they need it.",98,100,it,PRONOUN,NEUTRAL,2019
Free vocational and technical education.,0,39,Free vocational and technical education,IDENTITY_MARKER,POSITIVE,2019
And free training for adults.,4,17,free training,IDENTITY_MARKER,POSITIVE,2019
And free training for adults.,22,28,adults,IDENTITY_MARKER,NEUTRAL,2019
"And when it comes to paying for our public services, Labour will raise tax but only for the top five per cent.",9,11,it,PRONOUN,NEUTRAL,2019
"And when it comes to paying for our public services, Labour will raise tax but only for the top five per cent.",32,51,our public services,IDENTITY_MARKER,NEUTRAL,2019
"And when it comes to paying for our public services, Labour will raise tax but only for the top five per cent.",53,59,Labour,IDENTITY_MARKER,POSITIVE,2019
"And when it comes to paying for our public services, Labour will raise tax but only for the top five per cent.",71,74,tax,IDENTITY_MARKER,NEUTRAL,2019
"And when it comes to paying for our public services, Labour will raise tax but only for the top five per cent.",88,109,the top five per cent,IDENTITY_MARKER,NEUTRAL,2019
The Tories will cut taxes for the highest paid.,0,10,The Tories,IDENTITY_MARKER,NEGATIVE,2019
The Tories will cut taxes for the highest paid.,20,25,taxes,IDENTITY_MARKER,NEUTRAL,2019
The Tories will cut taxes for the highest paid.,30,46,the highest paid,IDENTITY_MARKER,NEGATIVE,2019
Labour will make the big corporations pay the tax they owe.,0,6,Labour,IDENTITY_MARKER,POSITIVE,2019
Labour will make the big corporations pay the tax they owe.,17,37,the big corporations,IDENTITY_MARKER,NEGATIVE,2019
Labour will make the big corporations pay the tax they owe.,42,49,the tax,IDENTITY_MARKER,POSITIVE,2019
Labour will make the big corporations pay the tax they owe.,50,54,they,PRONOUN,NEGATIVE,2019
The Tories will give them tax breaks.,0,10,The Tories,IDENTITY_MARKER,NEGATIVE,2019
The Tories will give them tax breaks.,21,25,them,PRONOUN,NEGATIVE,2019
The Tories will give them tax breaks.,26,36,tax breaks,IDENTITY_MARKER,NEGATIVE,2019
"How can it be right that the largest companies and wealthiest individuals are being given tax cuts, while at the other end mums are dads are missing meals so they can feed their kids?",8,10,it,PRONOUN,NEUTRAL,2019
"How can it be right that the largest companies and wealthiest individuals are being given tax cuts, while at the other end mums are dads are missing meals so they can feed their kids?",25,46,the largest companies,IDENTITY_MARKER,NEGATIVE,2019
"How can it be right that the largest companies and wealthiest individuals are being given tax cuts, while at the other end mums are dads are missing meals so they can feed their kids?",51,73,wealthiest individuals,IDENTITY_MARKER,NEGATIVE,2019
"How can it be right that the largest companies and wealthiest individuals are being given tax cuts, while at the other end mums are dads are missing meals so they can feed their kids?",90,98,tax cuts,IDENTITY_MARKER,NEGATIVE,2019
"How can it be right that the largest companies and wealthiest individuals are being given tax cuts, while at the other end mums are dads are missing meals so they can feed their kids?",109,122,the other end,IDENTITY_MARKER,NEUTRAL,2019
"How can it be right that the largest companies and wealthiest individuals are being given tax cuts, while at the other end mums are dads are missing meals so they can feed their kids?",123,127,mums,IDENTITY_MARKER,POSITIVE,2019
"How can it be right that the largest companies and wealthiest individuals are being given tax cuts, while at the other end mums are dads are missing meals so they can feed their kids?",132,136,dads,IDENTITY_MARKER,POSITIVE,2019
"How can it be right that the largest companies and wealthiest individuals are being given tax cuts, while at the other end mums are dads are missing meals so they can feed their kids?",158,162,they,PRONOUN,POSITIVE,2019
"How can it be right that the largest companies and wealthiest individuals are being given tax cuts, while at the other end mums are dads are missing meals so they can feed their kids?",172,182,their kids,IDENTITY_MARKER,POSITIVE,2019
"Shouldn't it be a source of shame to our country that the United Nations - yes, the United Nations - had to take our government to task this year over the shocking fact that 14 million people are living in poverty in ours, the fifth richest country in the world?",37,48,our country,IDENTITY_MARKER,NEUTRAL,2019
"Shouldn't it be a source of shame to our country that the United Nations - yes, the United Nations - had to take our government to task this year over the shocking fact that 14 million people are living in poverty in ours, the fifth richest country in the world?",54,72,the United Nations,IDENTITY_MARKER,POSITIVE,2019
"Shouldn't it be a source of shame to our country that the United Nations - yes, the United Nations - had to take our government to task this year over the shocking fact that 14 million people are living in poverty in ours, the fifth richest country in the world?",80,98,the United Nations,IDENTITY_MARKER,POSITIVE,2019
"Shouldn't it be a source of shame to our country that the United Nations - yes, the United Nations - had to take our government to task this year over the shocking fact that 14 million people are living in poverty in ours, the fifth richest country in the world?",113,127,our government,IDENTITY_MARKER,NEGATIVE,2019
"Shouldn't it be a source of shame to our country that the United Nations - yes, the United Nations - had to take our government to task this year over the shocking fact that 14 million people are living in poverty in ours, the fifth richest country in the world?",136,145,this year,IDENTITY_MARKER,NEUTRAL,2019
"Shouldn't it be a source of shame to our country that the United Nations - yes, the United Nations - had to take our government to task this year over the shocking fact that 14 million people are living in poverty in ours, the fifth richest country in the world?",174,191,14 million people,IDENTITY_MARKER,POSITIVE,2019
"Shouldn't it be a source of shame to our country that the United Nations - yes, the United Nations - had to take our government to task this year over the shocking fact that 14 million people are living in poverty in ours, the fifth richest country in the world?",206,213,poverty,IDENTITY_MARKER,NEGATIVE,2019
"Shouldn't it be a source of shame to our country that the United Nations - yes, the United Nations - had to take our government to task this year over the shocking fact that 14 million people are living in poverty in ours, the fifth richest country in the world?",217,221,ours,PRONOUN,NEUTRAL,2019
"Shouldn't it be a source of shame to our country that the United Nations - yes, the United Nations - had to take our government to task this year over the shocking fact that 14 million people are living in poverty in ours, the fifth richest country in the world?",223,248,the fifth richest country,IDENTITY_MARKER,NEUTRAL,2019
"Shouldn't it be a source of shame to our country that the United Nations - yes, the United Nations - had to take our government to task this year over the shocking fact that 14 million people are living in poverty in ours, the fifth richest country in the world?",252,261,the world,IDENTITY_MARKER,NEUTRAL,2019
Let me quote directly from the UN report.,27,40,the UN report,IDENTITY_MARKER,NEUTRAL,2019
"It said: ""Much of the glue that has held British society together since the Second World War has been deliberately removed and replaced with a harsh and uncaring ethos.""",18,26,the glue,IDENTITY_MARKER,POSITIVE,2019
"It said: ""Much of the glue that has held British society together since the Second World War has been deliberately removed and replaced with a harsh and uncaring ethos.""",41,56,British society,IDENTITY_MARKER,NEUTRAL,2019
"It said: ""Much of the glue that has held British society together since the Second World War has been deliberately removed and replaced with a harsh and uncaring ethos.""",72,92,the Second World War,IDENTITY_MARKER,NEUTRAL,2019
"It said: ""Much of the glue that has held British society together since the Second World War has been deliberately removed and replaced with a harsh and uncaring ethos.""",141,167,a harsh and uncaring ethos,IDENTITY_MARKER,NEGATIVE,2019
Doesn't that sum up the Tories: a harsh and uncaring ethos?,8,12,that,IDENTITY_MARKER,NEUTRAL,2019
Doesn't that sum up the Tories: a harsh and uncaring ethos?,20,30,the Tories,IDENTITY_MARKER,NEGATIVE,2019
Doesn't that sum up the Tories: a harsh and uncaring ethos?,32,58,a harsh and uncaring ethos,IDENTITY_MARKER,NEGATIVE,2019
In the fifth richest country in the world.,3,28,the fifth richest country,IDENTITY_MARKER,NEUTRAL,2019
In the fifth richest country in the world.,32,41,the world,IDENTITY_MARKER,NEUTRAL,2019
"Labour will stand up for tenants, for underpaid workers, and for all those struggling to make ends meet.",0,6,Labour,IDENTITY_MARKER,POSITIVE,2019
"Labour will stand up for tenants, for underpaid workers, and for all those struggling to make ends meet.",25,32,tenants,IDENTITY_MARKER,POSITIVE,2019
"Labour will stand up for tenants, for underpaid workers, and for all those struggling to make ends meet.",38,55,underpaid workers,IDENTITY_MARKER,POSITIVE,2019
"Labour will stand up for tenants, for underpaid workers, and for all those struggling to make ends meet.",69,85,those struggling,IDENTITY_MARKER,POSITIVE,2019
We will start the largest council house building programme in a generation.,0,2,We,PRONOUN,POSITIVE,2019
We will start the largest council house building programme in a generation.,14,58,the largest council house building programme,IDENTITY_MARKER,POSITIVE,2019
We will start the largest council house building programme in a generation.,62,74,a generation,IDENTITY_MARKER,NEUTRAL,2019
Because Labour puts people before privilege.,8,14,Labour,IDENTITY_MARKER,POSITIVE,2019
Because Labour puts people before privilege.,20,26,people,IDENTITY_MARKER,POSITIVE,2019
Because Labour puts people before privilege.,34,43,privilege,IDENTITY_MARKER,NEGATIVE,2019
We will end austerity and help rebuild your community.,0,2,We,PRONOUN,POSITIVE,2019
We will end austerity and help rebuild your community.,12,21,austerity,IDENTITY_MARKER,NEGATIVE,2019
We will end austerity and help rebuild your community.,39,53,your community,IDENTITY_MARKER,POSITIVE,2019
"We'll restore local pride, revive the high streets that are the centres of our communities.",0,2,We,PRONOUN,POSITIVE,2019
"We'll restore local pride, revive the high streets that are the centres of our communities.",14,25,local pride,IDENTITY_MARKER,POSITIVE,2019
"We'll restore local pride, revive the high streets that are the centres of our communities.",34,50,the high streets,IDENTITY_MARKER,POSITIVE,2019
"We'll restore local pride, revive the high streets that are the centres of our communities.",60,90,the centres of our communities,IDENTITY_MARKER,POSITIVE,2019
"You know, those high streets, dominated by closed shops, by graffiti, roller blinds, a couple of payday loan shops, and that's about it.",10,28,those high streets,IDENTITY_MARKER,POSITIVE,2019
"You know, those high streets, dominated by closed shops, by graffiti, roller blinds, a couple of payday loan shops, and that's about it.",43,55,closed shops,IDENTITY_MARKER,NEGATIVE,2019
"You know, those high streets, dominated by closed shops, by graffiti, roller blinds, a couple of payday loan shops, and that's about it.",60,68,graffiti,IDENTITY_MARKER,NEGATIVE,2019
"You know, those high streets, dominated by closed shops, by graffiti, roller blinds, a couple of payday loan shops, and that's about it.",70,83,roller blinds,IDENTITY_MARKER,NEGATIVE,2019
"You know, those high streets, dominated by closed shops, by graffiti, roller blinds, a couple of payday loan shops, and that's about it.",85,114,a couple of payday loan shops,IDENTITY_MARKER,NEGATIVE,2019
"You know, those high streets, dominated by closed shops, by graffiti, roller blinds, a couple of payday loan shops, and that's about it.",120,124,that,IDENTITY_MARKER,NEUTRAL,2019
"You know, those high streets, dominated by closed shops, by graffiti, roller blinds, a couple of payday loan shops, and that's about it.",133,135,it,PRONOUN,NEGATIVE,2019
"Destruction of the centres of our communities, that place where people come together to socialise, to meet and feel part of a community.",15,45,the centres of our communities,IDENTITY_MARKER,POSITIVE,2019
"Destruction of the centres of our communities, that place where people come together to socialise, to meet and feel part of a community.",47,57,that place,IDENTITY_MARKER,POSITIVE,2019
"Destruction of the centres of our communities, that place where people come together to socialise, to meet and feel part of a community.",64,70,people,IDENTITY_MARKER,POSITIVE,2019
"Destruction of the centres of our communities, that place where people come together to socialise, to meet and feel part of a community.",116,135,part of a community,IDENTITY_MARKER,POSITIVE,2019
Destroyed by austerity and destroyed by underfunding of local government.,13,22,austerity,IDENTITY_MARKER,NEGATIVE,2019
Destroyed by austerity and destroyed by underfunding of local government.,40,72,underfunding of local government,IDENTITY_MARKER,NEGATIVE,2019
"So, it's our job to reverse those cuts.",4,6,it,PRONOUN,NEUTRAL,2019
"So, it's our job to reverse those cuts.",9,16,our job,IDENTITY_MARKER,POSITIVE,2019
"So, it's our job to reverse those cuts.",28,38,those cuts,IDENTITY_MARKER,NEGATIVE,2019
"Because all those cuts added together have caused violent crime to double, and caused underachievement to increase.",8,22,all those cuts,IDENTITY_MARKER,NEGATIVE,2019
"Because all those cuts added together have caused violent crime to double, and caused underachievement to increase.",50,63,violent crime,IDENTITY_MARKER,NEGATIVE,2019
"Because all those cuts added together have caused violent crime to double, and caused underachievement to increase.",86,102,underachievement,IDENTITY_MARKER,NEGATIVE,2019
"It's our job as the Labour Party to get our economy working in every town, every city and every region of this country, with record investment, a blitz on the problems of this country and the investment we need.",0,2,It,PRONOUN,NEUTRAL,2019
"It's our job as the Labour Party to get our economy working in every town, every city and every region of this country, with record investment, a blitz on the problems of this country and the investment we need.",5,12,our job,IDENTITY_MARKER,POSITIVE,2019
"It's our job as the Labour Party to get our economy working in every town, every city and every region of this country, with record investment, a blitz on the problems of this country and the investment we need.",16,32,the Labour Party,IDENTITY_MARKER,POSITIVE,2019
"It's our job as the Labour Party to get our economy working in every town, every city and every region of this country, with record investment, a blitz on the problems of this country and the investment we need.",40,51,our economy,IDENTITY_MARKER,POSITIVE,2019
"It's our job as the Labour Party to get our economy working in every town, every city and every region of this country, with record investment, a blitz on the problems of this country and the investment we need.",63,73,every town,IDENTITY_MARKER,POSITIVE,2019
"It's our job as the Labour Party to get our economy working in every town, every city and every region of this country, with record investment, a blitz on the problems of this country and the investment we need.",75,85,every city,IDENTITY_MARKER,POSITIVE,2019
"It's our job as the Labour Party to get our economy working in every town, every city and every region of this country, with record investment, a blitz on the problems of this country and the investment we need.",90,118,every region of this country,IDENTITY_MARKER,POSITIVE,2019
"It's our job as the Labour Party to get our economy working in every town, every city and every region of this country, with record investment, a blitz on the problems of this country and the investment we need.",125,142,record investment,IDENTITY_MARKER,POSITIVE,2019
"It's our job as the Labour Party to get our economy working in every town, every city and every region of this country, with record investment, a blitz on the problems of this country and the investment we need.",155,167,the problems,IDENTITY_MARKER,NEGATIVE,2019
"It's our job as the Labour Party to get our economy working in every town, every city and every region of this country, with record investment, a blitz on the problems of this country and the investment we need.",171,183,this country,IDENTITY_MARKER,NEUTRAL,2019
"It's our job as the Labour Party to get our economy working in every town, every city and every region of this country, with record investment, a blitz on the problems of this country and the investment we need.",188,202,the investment,IDENTITY_MARKER,POSITIVE,2019
"It's our job as the Labour Party to get our economy working in every town, every city and every region of this country, with record investment, a blitz on the problems of this country and the investment we need.",203,205,we,PRONOUN,POSITIVE,2019
"And we'll boost the devolved budgets in Wales and Scotland, as well.",4,6,we,PRONOUN,POSITIVE,2019
"And we'll boost the devolved budgets in Wales and Scotland, as well.",16,36,the devolved budgets,IDENTITY_MARKER,POSITIVE,2019
"And we'll boost the devolved budgets in Wales and Scotland, as well.",40,45,Wales,IDENTITY_MARKER,POSITIVE,2019
"And we'll boost the devolved budgets in Wales and Scotland, as well.",50,58,Scotland,IDENTITY_MARKER,POSITIVE,2019
"And we will upgrade our transport, energy and broadband infrastructure with £250 billion of investment.",4,6,we,PRONOUN,POSITIVE,2019
"And we will upgrade our transport, energy and broadband infrastructure with £250 billion of investment.",20,33,our transport,IDENTITY_MARKER,POSITIVE,2019
"And we will upgrade our transport, energy and broadband infrastructure with £250 billion of investment.",35,41,energy,IDENTITY_MARKER,POSITIVE,2019
"And we will upgrade our transport, energy and broadband infrastructure with £250 billion of investment.",46,70,broadband infrastructure,IDENTITY_MARKER,POSITIVE,2019
"And we will upgrade our transport, energy and broadband infrastructure with £250 billion of investment.",76,102,£250 billion of investment,IDENTITY_MARKER,POSITIVE,2019
"And breathe new life into every community, with a further £250 billion of capital for businesses and co-operatives.",12,20,new life,IDENTITY_MARKER,POSITIVE,2019
"And breathe new life into every community, with a further £250 billion of capital for businesses and co-operatives.",26,41,every community,IDENTITY_MARKER,POSITIVE,2019
"And breathe new life into every community, with a further £250 billion of capital for businesses and co-operatives.",58,81,£250 billion of capital,IDENTITY_MARKER,POSITIVE,2019
"And breathe new life into every community, with a further £250 billion of capital for businesses and co-operatives.",86,96,businesses,IDENTITY_MARKER,POSITIVE,2019
"And breathe new life into every community, with a further £250 billion of capital for businesses and co-operatives.",101,114,co-operatives,IDENTITY_MARKER,POSITIVE,2019
"Investment on a scale our country has never known, bringing good, new jobs and fresh growth to every area where you live in this country.",0,10,Investment,IDENTITY_MARKER,POSITIVE,2019
"Investment on a scale our country has never known, bringing good, new jobs and fresh growth to every area where you live in this country.",22,33,our country,IDENTITY_MARKER,POSITIVE,2019
"Investment on a scale our country has never known, bringing good, new jobs and fresh growth to every area where you live in this country.",70,74,jobs,IDENTITY_MARKER,POSITIVE,2019
"Investment on a scale our country has never known, bringing good, new jobs and fresh growth to every area where you live in this country.",85,91,growth,IDENTITY_MARKER,POSITIVE,2019
"Investment on a scale our country has never known, bringing good, new jobs and fresh growth to every area where you live in this country.",95,105,every area,IDENTITY_MARKER,POSITIVE,2019
"Investment on a scale our country has never known, bringing good, new jobs and fresh growth to every area where you live in this country.",112,115,you,PRONOUN,POSITIVE,2019
"Investment on a scale our country has never known, bringing good, new jobs and fresh growth to every area where you live in this country.",124,136,this country,IDENTITY_MARKER,NEUTRAL,2019
No more tinkering around the edges.,25,34,the edges,IDENTITY_MARKER,NEGATIVE,2019
Because these aren't abstract numbers on a spreadsheet.,8,13,these,PRONOUN,NEUTRAL,2019
Because these aren't abstract numbers on a spreadsheet.,21,37,abstract numbers,IDENTITY_MARKER,NEGATIVE,2019
Because these aren't abstract numbers on a spreadsheet.,43,54,spreadsheet,IDENTITY_MARKER,NEGATIVE,2019
They stand for an economic transformation that will change your daily life.,0,4,They,PRONOUN,POSITIVE,2019
They stand for an economic transformation that will change your daily life.,15,41,an economic transformation,IDENTITY_MARKER,POSITIVE,2019
They stand for an economic transformation that will change your daily life.,59,74,your daily life,IDENTITY_MARKER,POSITIVE,2019
Let me give you a concrete example of what it will mean.,12,15,you,PRONOUN,NEUTRAL,2019
Let me give you a concrete example of what it will mean.,43,45,it,PRONOUN,NEUTRAL,2019
"Labour will invest in Crossrail for the North to link our great Northern cities, from Liverpool to Hull and to Newcastle in the North East.",0,6,Labour,IDENTITY_MARKER,POSITIVE,2019
"Labour will invest in Crossrail for the North to link our great Northern cities, from Liverpool to Hull and to Newcastle in the North East.",22,31,Crossrail,IDENTITY_MARKER,POSITIVE,2019
"Labour will invest in Crossrail for the North to link our great Northern cities, from Liverpool to Hull and to Newcastle in the North East.",36,45,the North,IDENTITY_MARKER,NEUTRAL,2019
"Labour will invest in Crossrail for the North to link our great Northern cities, from Liverpool to Hull and to Newcastle in the North East.",54,79,our great Northern cities,IDENTITY_MARKER,POSITIVE,2019
"Labour will invest in Crossrail for the North to link our great Northern cities, from Liverpool to Hull and to Newcastle in the North East.",86,95,Liverpool,IDENTITY_MARKER,NEUTRAL,2019
"Labour will invest in Crossrail for the North to link our great Northern cities, from Liverpool to Hull and to Newcastle in the North East.",99,103,Hull,IDENTITY_MARKER,NEUTRAL,2019
"Labour will invest in Crossrail for the North to link our great Northern cities, from Liverpool to Hull and to Newcastle in the North East.",111,138,Newcastle in the North East,IDENTITY_MARKER,NEUTRAL,2019
"And we'll restore the bus services that have been cut all over the country, leaving people isolated from their communities.",4,6,we,PRONOUN,POSITIVE,2019
"And we'll restore the bus services that have been cut all over the country, leaving people isolated from their communities.",18,34,the bus services,IDENTITY_MARKER,POSITIVE,2019
"And we'll restore the bus services that have been cut all over the country, leaving people isolated from their communities.",54,74,all over the country,IDENTITY_MARKER,NEUTRAL,2019
"And we'll restore the bus services that have been cut all over the country, leaving people isolated from their communities.",84,90,people,IDENTITY_MARKER,POSITIVE,2019
"And we'll restore the bus services that have been cut all over the country, leaving people isolated from their communities.",105,122,their communities,IDENTITY_MARKER,POSITIVE,2019
"Better trains, a proper bus service - that's what Labour will bring.",7,13,trains,IDENTITY_MARKER,POSITIVE,2019
"Better trains, a proper bus service - that's what Labour will bring.",24,35,bus service,IDENTITY_MARKER,POSITIVE,2019
"Better trains, a proper bus service - that's what Labour will bring.",38,42,that,IDENTITY_MARKER,POSITIVE,2019
"Better trains, a proper bus service - that's what Labour will bring.",50,56,Labour,IDENTITY_MARKER,POSITIVE,2019
"For decades, we've been told the economy is beyond our control.",13,15,we,PRONOUN,NEUTRAL,2019
"For decades, we've been told the economy is beyond our control.",29,40,the economy,IDENTITY_MARKER,NEUTRAL,2019
"For decades, we've been told the economy is beyond our control.",51,62,our control,IDENTITY_MARKER,POSITIVE,2019
"It's an irresistible force that can lay waste to entire communities while we can only watch on, as passive spectators to the disaster before our very eyes.",5,26,an irresistible force,IDENTITY_MARKER,NEGATIVE,2019
"It's an irresistible force that can lay waste to entire communities while we can only watch on, as passive spectators to the disaster before our very eyes.",49,67,entire communities,IDENTITY_MARKER,POSITIVE,2019
"It's an irresistible force that can lay waste to entire communities while we can only watch on, as passive spectators to the disaster before our very eyes.",74,76,we,PRONOUN,POSITIVE,2019
"It's an irresistible force that can lay waste to entire communities while we can only watch on, as passive spectators to the disaster before our very eyes.",99,117,passive spectators,IDENTITY_MARKER,NEGATIVE,2019
"It's an irresistible force that can lay waste to entire communities while we can only watch on, as passive spectators to the disaster before our very eyes.",121,133,the disaster,IDENTITY_MARKER,NEGATIVE,2019
"It's an irresistible force that can lay waste to entire communities while we can only watch on, as passive spectators to the disaster before our very eyes.",141,154,our very eyes,IDENTITY_MARKER,NEUTRAL,2019
"With a serious industrial strategy and a radical Labour government, the economy can be a tool in our hands rather than the master of our fate.",5,34,a serious industrial strategy,IDENTITY_MARKER,POSITIVE,2019
"With a serious industrial strategy and a radical Labour government, the economy can be a tool in our hands rather than the master of our fate.",39,66,a radical Labour government,IDENTITY_MARKER,POSITIVE,2019
"With a serious industrial strategy and a radical Labour government, the economy can be a tool in our hands rather than the master of our fate.",68,79,the economy,IDENTITY_MARKER,POSITIVE,2019
"With a serious industrial strategy and a radical Labour government, the economy can be a tool in our hands rather than the master of our fate.",87,93,a tool,IDENTITY_MARKER,POSITIVE,2019
"With a serious industrial strategy and a radical Labour government, the economy can be a tool in our hands rather than the master of our fate.",97,106,our hands,IDENTITY_MARKER,POSITIVE,2019
"With a serious industrial strategy and a radical Labour government, the economy can be a tool in our hands rather than the master of our fate.",119,141,the master of our fate,IDENTITY_MARKER,NEGATIVE,2019
"And with a government that's prepared to intervene, we can prioritise the things that matter most.",9,21,a government,IDENTITY_MARKER,NEUTRAL,2019
"And with a government that's prepared to intervene, we can prioritise the things that matter most.",22,26,that,IDENTITY_MARKER,POSITIVE,2019
"And with a government that's prepared to intervene, we can prioritise the things that matter most.",52,54,we,PRONOUN,POSITIVE,2019
"And with a government that's prepared to intervene, we can prioritise the things that matter most.",70,80,the things,IDENTITY_MARKER,POSITIVE,2019
"Which is precisely what our times demand, because nothing matters more than the climate emergency.",24,33,our times,IDENTITY_MARKER,NEUTRAL,2019
"Which is precisely what our times demand, because nothing matters more than the climate emergency.",50,57,nothing,IDENTITY_MARKER,NEUTRAL,2019
"Which is precisely what our times demand, because nothing matters more than the climate emergency.",76,97,the climate emergency,IDENTITY_MARKER,NEGATIVE,2019
That means taking on the big polluters and the wealth hoarders who profit from the current system.,0,4,That,IDENTITY_MARKER,NEUTRAL,2019
That means taking on the big polluters and the wealth hoarders who profit from the current system.,21,38,the big polluters,IDENTITY_MARKER,NEGATIVE,2019
That means taking on the big polluters and the wealth hoarders who profit from the current system.,43,62,the wealth hoarders,IDENTITY_MARKER,NEGATIVE,2019
That means taking on the big polluters and the wealth hoarders who profit from the current system.,79,97,the current system,IDENTITY_MARKER,NEGATIVE,2019
Bringing our emissions down to net zero won't happen by itself.,9,22,our emissions,IDENTITY_MARKER,NEGATIVE,2019
Bringing our emissions down to net zero won't happen by itself.,31,39,net zero,IDENTITY_MARKER,POSITIVE,2019
Bringing our emissions down to net zero won't happen by itself.,56,62,itself,PRONOUN,NEUTRAL,2019
It will only be possible with massive public investment in renewable energy and green technology.,0,2,It,PRONOUN,NEUTRAL,2019
It will only be possible with massive public investment in renewable energy and green technology.,38,55,public investment,IDENTITY_MARKER,POSITIVE,2019
It will only be possible with massive public investment in renewable energy and green technology.,59,75,renewable energy,IDENTITY_MARKER,POSITIVE,2019
It will only be possible with massive public investment in renewable energy and green technology.,80,96,green technology,IDENTITY_MARKER,POSITIVE,2019
That's not a burden.,0,4,That,IDENTITY_MARKER,POSITIVE,2019
It's an opportunity to kickstart a Green Industrial Revolution.,0,2,It,PRONOUN,NEUTRAL,2019
It's an opportunity to kickstart a Green Industrial Revolution.,5,19,an opportunity,IDENTITY_MARKER,POSITIVE,2019
It's an opportunity to kickstart a Green Industrial Revolution.,33,62,a Green Industrial Revolution,IDENTITY_MARKER,POSITIVE,2019
"And that Green Industrial Revolution will create hundreds of thousands of high-skill, high-wage, unionised jobs as we triple solar power, double onshore wind and bring about a seven-fold increase in offshore wind projects.",4,36,that Green Industrial Revolution,IDENTITY_MARKER,POSITIVE,2019
"And that Green Industrial Revolution will create hundreds of thousands of high-skill, high-wage, unionised jobs as we triple solar power, double onshore wind and bring about a seven-fold increase in offshore wind projects.",49,111,"hundreds of thousands of high-skill, high-wage, unionised jobs",IDENTITY_MARKER,POSITIVE,2019
"And that Green Industrial Revolution will create hundreds of thousands of high-skill, high-wage, unionised jobs as we triple solar power, double onshore wind and bring about a seven-fold increase in offshore wind projects.",115,117,we,PRONOUN,POSITIVE,2019
"And that Green Industrial Revolution will create hundreds of thousands of high-skill, high-wage, unionised jobs as we triple solar power, double onshore wind and bring about a seven-fold increase in offshore wind projects.",125,136,solar power,IDENTITY_MARKER,POSITIVE,2019
"And that Green Industrial Revolution will create hundreds of thousands of high-skill, high-wage, unionised jobs as we triple solar power, double onshore wind and bring about a seven-fold increase in offshore wind projects.",145,157,onshore wind,IDENTITY_MARKER,POSITIVE,2019
"And that Green Industrial Revolution will create hundreds of thousands of high-skill, high-wage, unionised jobs as we triple solar power, double onshore wind and bring about a seven-fold increase in offshore wind projects.",199,221,offshore wind projects,IDENTITY_MARKER,POSITIVE,2019
"And that's why we've announced today that the next Labour government will build three new battery plants in South Wales, in Stoke-on-Trent and in Swindon.",4,8,that,IDENTITY_MARKER,NEUTRAL,2019
"And that's why we've announced today that the next Labour government will build three new battery plants in South Wales, in Stoke-on-Trent and in Swindon.",15,17,we,PRONOUN,NEUTRAL,2019
"And that's why we've announced today that the next Labour government will build three new battery plants in South Wales, in Stoke-on-Trent and in Swindon.",42,68,the next Labour government,IDENTITY_MARKER,POSITIVE,2019
"And that's why we've announced today that the next Labour government will build three new battery plants in South Wales, in Stoke-on-Trent and in Swindon.",80,104,three new battery plants,IDENTITY_MARKER,POSITIVE,2019
"And that's why we've announced today that the next Labour government will build three new battery plants in South Wales, in Stoke-on-Trent and in Swindon.",108,119,South Wales,IDENTITY_MARKER,NEUTRAL,2019
"And that's why we've announced today that the next Labour government will build three new battery plants in South Wales, in Stoke-on-Trent and in Swindon.",124,138,Stoke-on-Trent,IDENTITY_MARKER,NEUTRAL,2019
"And that's why we've announced today that the next Labour government will build three new battery plants in South Wales, in Stoke-on-Trent and in Swindon.",146,153,Swindon,IDENTITY_MARKER,NEUTRAL,2019
The climate and environmental emergency we all face is an issue of global security.,0,39,The climate and environmental emergency,IDENTITY_MARKER,NEGATIVE,2019
The climate and environmental emergency we all face is an issue of global security.,40,46,we all,IDENTITY_MARKER,NEUTRAL,2019
The climate and environmental emergency we all face is an issue of global security.,67,82,global security,IDENTITY_MARKER,POSITIVE,2019
"We're seeing ice caps melting, coral reefs dissolving, wildfires in the Arctic Circle and Brazil's right-wing President Bolsonaro fiddles while the Amazon rainforest burns.",0,2,We,PRONOUN,NEUTRAL,2019
"We're seeing ice caps melting, coral reefs dissolving, wildfires in the Arctic Circle and Brazil's right-wing President Bolsonaro fiddles while the Amazon rainforest burns.",13,21,ice caps,IDENTITY_MARKER,POSITIVE,2019
"We're seeing ice caps melting, coral reefs dissolving, wildfires in the Arctic Circle and Brazil's right-wing President Bolsonaro fiddles while the Amazon rainforest burns.",31,42,coral reefs,IDENTITY_MARKER,POSITIVE,2019
"We're seeing ice caps melting, coral reefs dissolving, wildfires in the Arctic Circle and Brazil's right-wing President Bolsonaro fiddles while the Amazon rainforest burns.",55,64,wildfires,IDENTITY_MARKER,NEGATIVE,2019
"We're seeing ice caps melting, coral reefs dissolving, wildfires in the Arctic Circle and Brazil's right-wing President Bolsonaro fiddles while the Amazon rainforest burns.",68,85,the Arctic Circle,IDENTITY_MARKER,NEUTRAL,2019
"We're seeing ice caps melting, coral reefs dissolving, wildfires in the Arctic Circle and Brazil's right-wing President Bolsonaro fiddles while the Amazon rainforest burns.",90,129,Brazil's right-wing President Bolsonaro,IDENTITY_MARKER,NEGATIVE,2019
"We're seeing ice caps melting, coral reefs dissolving, wildfires in the Arctic Circle and Brazil's right-wing President Bolsonaro fiddles while the Amazon rainforest burns.",144,165,the Amazon rainforest,IDENTITY_MARKER,POSITIVE,2019
Real security doesn't come from belligerent posturing or reckless military interventions.,5,13,security,IDENTITY_MARKER,POSITIVE,2019
Real security doesn't come from belligerent posturing or reckless military interventions.,32,53,belligerent posturing,IDENTITY_MARKER,NEGATIVE,2019
Real security doesn't come from belligerent posturing or reckless military interventions.,66,88,military interventions,IDENTITY_MARKER,NEGATIVE,2019
"It comes from international cooperation and diplomacy, and addressing the root causes of the threats that we all face.",0,2,It,PRONOUN,NEUTRAL,2019
"It comes from international cooperation and diplomacy, and addressing the root causes of the threats that we all face.",14,53,international cooperation and diplomacy,IDENTITY_MARKER,POSITIVE,2019
"It comes from international cooperation and diplomacy, and addressing the root causes of the threats that we all face.",70,85,the root causes,IDENTITY_MARKER,POSITIVE,2019
"It comes from international cooperation and diplomacy, and addressing the root causes of the threats that we all face.",89,100,the threats,IDENTITY_MARKER,NEGATIVE,2019
"It comes from international cooperation and diplomacy, and addressing the root causes of the threats that we all face.",106,108,we,PRONOUN,POSITIVE,2019
"Our foreign policy, our international strategy, will be defined by our commitment to human rights and international justice, not enthusiasm for foreign wars that fuel - rather than combat - terrorism and insecurity.",0,18,Our foreign policy,IDENTITY_MARKER,NEUTRAL,2019
"Our foreign policy, our international strategy, will be defined by our commitment to human rights and international justice, not enthusiasm for foreign wars that fuel - rather than combat - terrorism and insecurity.",20,46,our international strategy,IDENTITY_MARKER,NEUTRAL,2019
"Our foreign policy, our international strategy, will be defined by our commitment to human rights and international justice, not enthusiasm for foreign wars that fuel - rather than combat - terrorism and insecurity.",67,81,our commitment,IDENTITY_MARKER,POSITIVE,2019
"Our foreign policy, our international strategy, will be defined by our commitment to human rights and international justice, not enthusiasm for foreign wars that fuel - rather than combat - terrorism and insecurity.",85,97,human rights,IDENTITY_MARKER,POSITIVE,2019
"Our foreign policy, our international strategy, will be defined by our commitment to human rights and international justice, not enthusiasm for foreign wars that fuel - rather than combat - terrorism and insecurity.",102,123,international justice,IDENTITY_MARKER,POSITIVE,2019
"Our foreign policy, our international strategy, will be defined by our commitment to human rights and international justice, not enthusiasm for foreign wars that fuel - rather than combat - terrorism and insecurity.",144,156,foreign wars,IDENTITY_MARKER,NEGATIVE,2019
"Our foreign policy, our international strategy, will be defined by our commitment to human rights and international justice, not enthusiasm for foreign wars that fuel - rather than combat - terrorism and insecurity.",190,199,terrorism,IDENTITY_MARKER,NEGATIVE,2019
"Our foreign policy, our international strategy, will be defined by our commitment to human rights and international justice, not enthusiasm for foreign wars that fuel - rather than combat - terrorism and insecurity.",204,214,insecurity,IDENTITY_MARKER,NEGATIVE,2019
"So, it really does beggar belief that this week Boris Johnson is openly talking about sending troops to Saudi Arabia as part of the increasingly dangerous confrontation between Saudi Arabia and Iran, in an apparent bid to appease Donald Trump.",4,6,it,PRONOUN,NEUTRAL,2019
"So, it really does beggar belief that this week Boris Johnson is openly talking about sending troops to Saudi Arabia as part of the increasingly dangerous confrontation between Saudi Arabia and Iran, in an apparent bid to appease Donald Trump.",48,61,Boris Johnson,IDENTITY_MARKER,NEGATIVE,2019
"So, it really does beggar belief that this week Boris Johnson is openly talking about sending troops to Saudi Arabia as part of the increasingly dangerous confrontation between Saudi Arabia and Iran, in an apparent bid to appease Donald Trump.",94,100,troops,IDENTITY_MARKER,NEUTRAL,2019
"So, it really does beggar belief that this week Boris Johnson is openly talking about sending troops to Saudi Arabia as part of the increasingly dangerous confrontation between Saudi Arabia and Iran, in an apparent bid to appease Donald Trump.",104,116,Saudi Arabia,IDENTITY_MARKER,NEUTRAL,2019
"So, it really does beggar belief that this week Boris Johnson is openly talking about sending troops to Saudi Arabia as part of the increasingly dangerous confrontation between Saudi Arabia and Iran, in an apparent bid to appease Donald Trump.",128,198,the increasingly dangerous confrontation between Saudi Arabia and Iran,IDENTITY_MARKER,NEGATIVE,2019
"So, it really does beggar belief that this week Boris Johnson is openly talking about sending troops to Saudi Arabia as part of the increasingly dangerous confrontation between Saudi Arabia and Iran, in an apparent bid to appease Donald Trump.",230,242,Donald Trump,IDENTITY_MARKER,NEGATIVE,2019
"Time and again over the last two decades the British political and military establishments have made the wrong call on military intervention in the Middle East, spreading conflicts rather than settling them.",41,90,the British political and military establishments,IDENTITY_MARKER,NEGATIVE,2019
"Time and again over the last two decades the British political and military establishments have made the wrong call on military intervention in the Middle East, spreading conflicts rather than settling them.",119,140,military intervention,IDENTITY_MARKER,NEGATIVE,2019
"Time and again over the last two decades the British political and military establishments have made the wrong call on military intervention in the Middle East, spreading conflicts rather than settling them.",144,159,the Middle East,IDENTITY_MARKER,NEUTRAL,2019
"Time and again over the last two decades the British political and military establishments have made the wrong call on military intervention in the Middle East, spreading conflicts rather than settling them.",171,180,conflicts,IDENTITY_MARKER,NEGATIVE,2019
"Time and again over the last two decades the British political and military establishments have made the wrong call on military intervention in the Middle East, spreading conflicts rather than settling them.",202,206,them,PRONOUN,NEGATIVE,2019
We must not make those mistakes again.,0,2,We,PRONOUN,NEUTRAL,2019
We must not make those mistakes again.,17,31,those mistakes,IDENTITY_MARKER,NEGATIVE,2019
"Under a Labour government, Britain will be a force, a pressure, for peace and for international justice.",6,25,a Labour government,IDENTITY_MARKER,POSITIVE,2019
"Under a Labour government, Britain will be a force, a pressure, for peace and for international justice.",27,34,Britain,IDENTITY_MARKER,POSITIVE,2019
"Under a Labour government, Britain will be a force, a pressure, for peace and for international justice.",68,73,peace,IDENTITY_MARKER,POSITIVE,2019
"Under a Labour government, Britain will be a force, a pressure, for peace and for international justice.",82,103,international justice,IDENTITY_MARKER,POSITIVE,2019
Dangerous and wrong-headed international interventions have also exacerbated community tensions at home.,27,54,international interventions,IDENTITY_MARKER,NEGATIVE,2019
Dangerous and wrong-headed international interventions have also exacerbated community tensions at home.,77,95,community tensions,IDENTITY_MARKER,NEGATIVE,2019
Dangerous and wrong-headed international interventions have also exacerbated community tensions at home.,99,103,home,IDENTITY_MARKER,POSITIVE,2019
"When Boris Johnson compared Muslim women to letterboxes or bank robbers, it wasn't a flippant comment, it was calculated to play on people's fears, as Tan Dhesi pointed out in parliament.",5,18,Boris Johnson,IDENTITY_MARKER,NEGATIVE,2019
"When Boris Johnson compared Muslim women to letterboxes or bank robbers, it wasn't a flippant comment, it was calculated to play on people's fears, as Tan Dhesi pointed out in parliament.",28,40,Muslim women,IDENTITY_MARKER,POSITIVE,2019
"When Boris Johnson compared Muslim women to letterboxes or bank robbers, it wasn't a flippant comment, it was calculated to play on people's fears, as Tan Dhesi pointed out in parliament.",44,55,letterboxes,IDENTITY_MARKER,NEGATIVE,2019
"When Boris Johnson compared Muslim women to letterboxes or bank robbers, it wasn't a flippant comment, it was calculated to play on people's fears, as Tan Dhesi pointed out in parliament.",59,71,bank robbers,IDENTITY_MARKER,NEGATIVE,2019
"When Boris Johnson compared Muslim women to letterboxes or bank robbers, it wasn't a flippant comment, it was calculated to play on people's fears, as Tan Dhesi pointed out in parliament.",73,75,it,PRONOUN,NEGATIVE,2019
"When Boris Johnson compared Muslim women to letterboxes or bank robbers, it wasn't a flippant comment, it was calculated to play on people's fears, as Tan Dhesi pointed out in parliament.",103,105,it,PRONOUN,NEGATIVE,2019
"When Boris Johnson compared Muslim women to letterboxes or bank robbers, it wasn't a flippant comment, it was calculated to play on people's fears, as Tan Dhesi pointed out in parliament.",132,146,people's fears,IDENTITY_MARKER,NEGATIVE,2019
"When Boris Johnson compared Muslim women to letterboxes or bank robbers, it wasn't a flippant comment, it was calculated to play on people's fears, as Tan Dhesi pointed out in parliament.",151,160,Tan Dhesi,IDENTITY_MARKER,POSITIVE,2019
"When Boris Johnson compared Muslim women to letterboxes or bank robbers, it wasn't a flippant comment, it was calculated to play on people's fears, as Tan Dhesi pointed out in parliament.",176,186,parliament,IDENTITY_MARKER,NEUTRAL,2019
"Displays of racism, Islamophobia or antisemitism are not a sign of strength, but a sign of weakness.",12,18,racism,IDENTITY_MARKER,NEGATIVE,2019
"Displays of racism, Islamophobia or antisemitism are not a sign of strength, but a sign of weakness.",20,32,Islamophobia,IDENTITY_MARKER,NEGATIVE,2019
"Displays of racism, Islamophobia or antisemitism are not a sign of strength, but a sign of weakness.",36,48,antisemitism,IDENTITY_MARKER,NEGATIVE,2019
"This Conservative government, as well as the far-right, has fuelled division in our society.",0,28,This Conservative government,IDENTITY_MARKER,NEGATIVE,2019
"This Conservative government, as well as the far-right, has fuelled division in our society.",41,54,the far-right,IDENTITY_MARKER,NEGATIVE,2019
"This Conservative government, as well as the far-right, has fuelled division in our society.",68,76,division,IDENTITY_MARKER,NEGATIVE,2019
"This Conservative government, as well as the far-right, has fuelled division in our society.",80,91,our society,IDENTITY_MARKER,POSITIVE,2019
They'll blame people's problems on the migrant worker trying to make a better life.,0,4,They,PRONOUN,NEGATIVE,2019
They'll blame people's problems on the migrant worker trying to make a better life.,14,31,people's problems,IDENTITY_MARKER,NEGATIVE,2019
They'll blame people's problems on the migrant worker trying to make a better life.,35,53,the migrant worker,IDENTITY_MARKER,POSITIVE,2019
They'll blame it on the mother who's struggling on Universal Credit.,0,4,They,PRONOUN,NEGATIVE,2019
They'll blame it on the mother who's struggling on Universal Credit.,14,16,it,PRONOUN,NEUTRAL,2019
They'll blame it on the mother who's struggling on Universal Credit.,20,30,the mother,IDENTITY_MARKER,POSITIVE,2019
They'll blame it on the mother who's struggling on Universal Credit.,51,67,Universal Credit,IDENTITY_MARKER,NEUTRAL,2019
"They'll blame it on Muslims, on young people, or anyone but themselves and their backers, who benefit from a grossly unequal and rigged system.",0,4,They,PRONOUN,NEGATIVE,2019
"They'll blame it on Muslims, on young people, or anyone but themselves and their backers, who benefit from a grossly unequal and rigged system.",14,16,it,PRONOUN,NEGATIVE,2019
"They'll blame it on Muslims, on young people, or anyone but themselves and their backers, who benefit from a grossly unequal and rigged system.",20,27,Muslims,IDENTITY_MARKER,POSITIVE,2019
"They'll blame it on Muslims, on young people, or anyone but themselves and their backers, who benefit from a grossly unequal and rigged system.",32,44,young people,IDENTITY_MARKER,POSITIVE,2019
"They'll blame it on Muslims, on young people, or anyone but themselves and their backers, who benefit from a grossly unequal and rigged system.",49,55,anyone,IDENTITY_MARKER,POSITIVE,2019
"They'll blame it on Muslims, on young people, or anyone but themselves and their backers, who benefit from a grossly unequal and rigged system.",60,70,themselves,PRONOUN,NEGATIVE,2019
"They'll blame it on Muslims, on young people, or anyone but themselves and their backers, who benefit from a grossly unequal and rigged system.",75,88,their backers,IDENTITY_MARKER,NEGATIVE,2019
"They'll blame it on Muslims, on young people, or anyone but themselves and their backers, who benefit from a grossly unequal and rigged system.",107,142,a grossly unequal and rigged system,IDENTITY_MARKER,NEGATIVE,2019
That is what Tories do.,0,4,That,IDENTITY_MARKER,NEGATIVE,2019
That is what Tories do.,13,19,Tories,IDENTITY_MARKER,NEGATIVE,2019
Labour will do the opposite - we will bring people together.,0,6,Labour,IDENTITY_MARKER,POSITIVE,2019
Labour will do the opposite - we will bring people together.,15,27,the opposite,IDENTITY_MARKER,POSITIVE,2019
Labour will do the opposite - we will bring people together.,30,32,we,PRONOUN,POSITIVE,2019
Labour will do the opposite - we will bring people together.,44,50,people,IDENTITY_MARKER,POSITIVE,2019
A Labour government will transform our economy and our communities.,0,19,A Labour government,IDENTITY_MARKER,POSITIVE,2019
A Labour government will transform our economy and our communities.,35,46,our economy,IDENTITY_MARKER,POSITIVE,2019
A Labour government will transform our economy and our communities.,51,66,our communities,IDENTITY_MARKER,POSITIVE,2019
"We stand not just for the 52 per cent or the 48 per cent, but we stand for the 99 per cent.",0,2,We,PRONOUN,POSITIVE,2019
"We stand not just for the 52 per cent or the 48 per cent, but we stand for the 99 per cent.",22,37,the 52 per cent,IDENTITY_MARKER,NEGATIVE,2019
"We stand not just for the 52 per cent or the 48 per cent, but we stand for the 99 per cent.",41,56,the 48 per cent,IDENTITY_MARKER,NEGATIVE,2019
"We stand not just for the 52 per cent or the 48 per cent, but we stand for the 99 per cent.",62,64,we,PRONOUN,POSITIVE,2019
"We stand not just for the 52 per cent or the 48 per cent, but we stand for the 99 per cent.",75,90,the 99 per cent,IDENTITY_MARKER,POSITIVE,2019
"The Labour government I lead will take on those who really run our country - the financial speculators, tax dodgers and big polluters - so the real wealth creators, the people of this country, can have the jobs, the services and the futures they deserve.",0,21,The Labour government,IDENTITY_MARKER,POSITIVE,2019
"The Labour government I lead will take on those who really run our country - the financial speculators, tax dodgers and big polluters - so the real wealth creators, the people of this country, can have the jobs, the services and the futures they deserve.",42,47,those,PRONOUN,NEGATIVE,2019
"The Labour government I lead will take on those who really run our country - the financial speculators, tax dodgers and big polluters - so the real wealth creators, the people of this country, can have the jobs, the services and the futures they deserve.",63,74,our country,IDENTITY_MARKER,POSITIVE,2019
"The Labour government I lead will take on those who really run our country - the financial speculators, tax dodgers and big polluters - so the real wealth creators, the people of this country, can have the jobs, the services and the futures they deserve.",77,102,the financial speculators,IDENTITY_MARKER,NEGATIVE,2019
"The Labour government I lead will take on those who really run our country - the financial speculators, tax dodgers and big polluters - so the real wealth creators, the people of this country, can have the jobs, the services and the futures they deserve.",104,115,tax dodgers,IDENTITY_MARKER,NEGATIVE,2019
"The Labour government I lead will take on those who really run our country - the financial speculators, tax dodgers and big polluters - so the real wealth creators, the people of this country, can have the jobs, the services and the futures they deserve.",120,133,big polluters,IDENTITY_MARKER,NEGATIVE,2019
"The Labour government I lead will take on those who really run our country - the financial speculators, tax dodgers and big polluters - so the real wealth creators, the people of this country, can have the jobs, the services and the futures they deserve.",139,163,the real wealth creators,IDENTITY_MARKER,POSITIVE,2019
"The Labour government I lead will take on those who really run our country - the financial speculators, tax dodgers and big polluters - so the real wealth creators, the people of this country, can have the jobs, the services and the futures they deserve.",165,191,the people of this country,IDENTITY_MARKER,POSITIVE,2019
"The Labour government I lead will take on those who really run our country - the financial speculators, tax dodgers and big polluters - so the real wealth creators, the people of this country, can have the jobs, the services and the futures they deserve.",202,210,the jobs,IDENTITY_MARKER,POSITIVE,2019
"The Labour government I lead will take on those who really run our country - the financial speculators, tax dodgers and big polluters - so the real wealth creators, the people of this country, can have the jobs, the services and the futures they deserve.",212,224,the services,IDENTITY_MARKER,POSITIVE,2019
"The Labour government I lead will take on those who really run our country - the financial speculators, tax dodgers and big polluters - so the real wealth creators, the people of this country, can have the jobs, the services and the futures they deserve.",229,240,the futures,IDENTITY_MARKER,POSITIVE,2019
"The Labour government I lead will take on those who really run our country - the financial speculators, tax dodgers and big polluters - so the real wealth creators, the people of this country, can have the jobs, the services and the futures they deserve.",241,245,they,PRONOUN,POSITIVE,2019
"When Labour wins, the nurse wins, the pensioner wins, the student wins, the office worker wins, the engineers win.",5,11,Labour,IDENTITY_MARKER,POSITIVE,2019
"When Labour wins, the nurse wins, the pensioner wins, the student wins, the office worker wins, the engineers win.",18,27,the nurse,IDENTITY_MARKER,POSITIVE,2019
"When Labour wins, the nurse wins, the pensioner wins, the student wins, the office worker wins, the engineers win.",34,47,the pensioner,IDENTITY_MARKER,POSITIVE,2019
"When Labour wins, the nurse wins, the pensioner wins, the student wins, the office worker wins, the engineers win.",54,65,the student,IDENTITY_MARKER,POSITIVE,2019
"When Labour wins, the nurse wins, the pensioner wins, the student wins, the office worker wins, the engineers win.",72,89,the office worker,IDENTITY_MARKER,POSITIVE,2019
"When Labour wins, the nurse wins, the pensioner wins, the student wins, the office worker wins, the engineers win.",96,109,the engineers,IDENTITY_MARKER,POSITIVE,2019
We all win.,0,6,We all,IDENTITY_MARKER,POSITIVE,2019
The politics we stand for is about giving people who don't have a lot of money and don't have friends in high places the chance to take control of their own lives.,0,12,The politics,IDENTITY_MARKER,NEUTRAL,2019
The politics we stand for is about giving people who don't have a lot of money and don't have friends in high places the chance to take control of their own lives.,13,15,we,PRONOUN,POSITIVE,2019
The politics we stand for is about giving people who don't have a lot of money and don't have friends in high places the chance to take control of their own lives.,42,78,people who don't have a lot of money,IDENTITY_MARKER,POSITIVE,2019
The politics we stand for is about giving people who don't have a lot of money and don't have friends in high places the chance to take control of their own lives.,94,116,friends in high places,IDENTITY_MARKER,NEGATIVE,2019
The politics we stand for is about giving people who don't have a lot of money and don't have friends in high places the chance to take control of their own lives.,147,162,their own lives,IDENTITY_MARKER,POSITIVE,2019
"My job as Leader, and our job as the Labour Party, is to champion those people, to stand up for those communities and deliver the real change our country needs.",0,6,My job,IDENTITY_MARKER,POSITIVE,2019
"My job as Leader, and our job as the Labour Party, is to champion those people, to stand up for those communities and deliver the real change our country needs.",10,16,Leader,IDENTITY_MARKER,NEUTRAL,2019
"My job as Leader, and our job as the Labour Party, is to champion those people, to stand up for those communities and deliver the real change our country needs.",22,29,our job,IDENTITY_MARKER,POSITIVE,2019
"My job as Leader, and our job as the Labour Party, is to champion those people, to stand up for those communities and deliver the real change our country needs.",33,49,the Labour Party,IDENTITY_MARKER,NEUTRAL,2019
"My job as Leader, and our job as the Labour Party, is to champion those people, to stand up for those communities and deliver the real change our country needs.",66,78,those people,IDENTITY_MARKER,POSITIVE,2019
"My job as Leader, and our job as the Labour Party, is to champion those people, to stand up for those communities and deliver the real change our country needs.",96,113,those communities,IDENTITY_MARKER,POSITIVE,2019
"My job as Leader, and our job as the Labour Party, is to champion those people, to stand up for those communities and deliver the real change our country needs.",126,141,the real change,IDENTITY_MARKER,POSITIVE,2019
"My job as Leader, and our job as the Labour Party, is to champion those people, to stand up for those communities and deliver the real change our country needs.",142,153,our country,IDENTITY_MARKER,POSITIVE,2019
"I want to take this opportunity to say thank you to every one of them as well as all the members of our party, our elected representatives, our trade unions for making our party such a strong and welcoming place in every community and in every part of out country.",15,31,this opportunity,IDENTITY_MARKER,NEUTRAL,2019
"I want to take this opportunity to say thank you to every one of them as well as all the members of our party, our elected representatives, our trade unions for making our party such a strong and welcoming place in every community and in every part of out country.",52,69,every one of them,IDENTITY_MARKER,POSITIVE,2019
"I want to take this opportunity to say thank you to every one of them as well as all the members of our party, our elected representatives, our trade unions for making our party such a strong and welcoming place in every community and in every part of out country.",81,109,all the members of our party,IDENTITY_MARKER,POSITIVE,2019
"I want to take this opportunity to say thank you to every one of them as well as all the members of our party, our elected representatives, our trade unions for making our party such a strong and welcoming place in every community and in every part of out country.",111,138,our elected representatives,IDENTITY_MARKER,POSITIVE,2019
"I want to take this opportunity to say thank you to every one of them as well as all the members of our party, our elected representatives, our trade unions for making our party such a strong and welcoming place in every community and in every part of out country.",140,156,our trade unions,IDENTITY_MARKER,POSITIVE,2019
"I want to take this opportunity to say thank you to every one of them as well as all the members of our party, our elected representatives, our trade unions for making our party such a strong and welcoming place in every community and in every part of out country.",168,177,our party,IDENTITY_MARKER,POSITIVE,2019
"I want to take this opportunity to say thank you to every one of them as well as all the members of our party, our elected representatives, our trade unions for making our party such a strong and welcoming place in every community and in every part of out country.",183,211,a strong and welcoming place,IDENTITY_MARKER,POSITIVE,2019
"I want to take this opportunity to say thank you to every one of them as well as all the members of our party, our elected representatives, our trade unions for making our party such a strong and welcoming place in every community and in every part of out country.",215,230,every community,IDENTITY_MARKER,POSITIVE,2019
"I want to take this opportunity to say thank you to every one of them as well as all the members of our party, our elected representatives, our trade unions for making our party such a strong and welcoming place in every community and in every part of out country.",238,248,every part,IDENTITY_MARKER,POSITIVE,2019
"I want to take this opportunity to say thank you to every one of them as well as all the members of our party, our elected representatives, our trade unions for making our party such a strong and welcoming place in every community and in every part of out country.",252,263,out country,IDENTITY_MARKER,POSITIVE,2019
"I want to also say thank you to my community in Islington North in London, who teach me so much every day.",32,73,my community in Islington North in London,IDENTITY_MARKER,POSITIVE,2019
You know what - you learn from people when you listen to them.,0,3,You,PRONOUN,NEUTRAL,2019
You know what - you learn from people when you listen to them.,16,19,you,PRONOUN,NEUTRAL,2019
You know what - you learn from people when you listen to them.,31,37,people,IDENTITY_MARKER,POSITIVE,2019
You know what - you learn from people when you listen to them.,43,46,you,PRONOUN,POSITIVE,2019
You know what - you learn from people when you listen to them.,57,61,them,PRONOUN,POSITIVE,2019
"And I want to say thank you to all of my widest family for their support, their help, their advice - which is often freely given, and generously, and frequently.",24,27,you,PRONOUN,NEUTRAL,2019
"And I want to say thank you to all of my widest family for their support, their help, their advice - which is often freely given, and generously, and frequently.",38,54,my widest family,IDENTITY_MARKER,POSITIVE,2019
"And I want to say thank you to all of my widest family for their support, their help, their advice - which is often freely given, and generously, and frequently.",59,72,their support,IDENTITY_MARKER,POSITIVE,2019
"And I want to say thank you to all of my widest family for their support, their help, their advice - which is often freely given, and generously, and frequently.",74,84,their help,IDENTITY_MARKER,POSITIVE,2019
"And I want to say thank you to all of my widest family for their support, their help, their advice - which is often freely given, and generously, and frequently.",86,98,their advice,IDENTITY_MARKER,POSITIVE,2019
"I want to say thank you to all of them for their tolerance and forebearance, and the intrusions they suffer from some of the media the abuse that they suffer.",27,38,all of them,IDENTITY_MARKER,POSITIVE,2019
"I want to say thank you to all of them for their tolerance and forebearance, and the intrusions they suffer from some of the media the abuse that they suffer.",43,75,their tolerance and forebearance,IDENTITY_MARKER,POSITIVE,2019
"I want to say thank you to all of them for their tolerance and forebearance, and the intrusions they suffer from some of the media the abuse that they suffer.",81,95,the intrusions,IDENTITY_MARKER,NEGATIVE,2019
"I want to say thank you to all of them for their tolerance and forebearance, and the intrusions they suffer from some of the media the abuse that they suffer.",96,100,they,PRONOUN,POSITIVE,2019
"I want to say thank you to all of them for their tolerance and forebearance, and the intrusions they suffer from some of the media the abuse that they suffer.",113,130,some of the media,IDENTITY_MARKER,NEGATIVE,2019
"I want to say thank you to all of them for their tolerance and forebearance, and the intrusions they suffer from some of the media the abuse that they suffer.",131,140,the abuse,IDENTITY_MARKER,NEGATIVE,2019
"I want to say thank you to all of them for their tolerance and forebearance, and the intrusions they suffer from some of the media the abuse that they suffer.",146,150,they,PRONOUN,POSITIVE,2019
"And I also, in particular, want to say thank you to my wife, Laura Alverez, for all that she tolerates.",52,59,my wife,IDENTITY_MARKER,POSITIVE,2019
"And I also, in particular, want to say thank you to my wife, Laura Alverez, for all that she tolerates.",61,74,Laura Alverez,IDENTITY_MARKER,POSITIVE,2019
"And I also, in particular, want to say thank you to my wife, Laura Alverez, for all that she tolerates.",89,92,she,PRONOUN,POSITIVE,2019
I have what might be considered a different view of leadership from the one people are used to.,32,62,a different view of leadership,IDENTITY_MARKER,POSITIVE,2019
I have what might be considered a different view of leadership from the one people are used to.,68,75,the one,IDENTITY_MARKER,NEGATIVE,2019
I have what might be considered a different view of leadership from the one people are used to.,76,82,people,IDENTITY_MARKER,NEUTRAL,2019
I really do.,,,,,,2019
I do believe that leaders should have strong principles that people can trust.,13,25,that leaders,IDENTITY_MARKER,NEUTRAL,2019
I do believe that leaders should have strong principles that people can trust.,38,55,strong principles,IDENTITY_MARKER,POSITIVE,2019
I do believe that leaders should have strong principles that people can trust.,61,67,people,IDENTITY_MARKER,NEUTRAL,2019
But leaders must also listen and trust others to play their part.,4,11,leaders,IDENTITY_MARKER,NEUTRAL,2019
But leaders must also listen and trust others to play their part.,39,45,others,IDENTITY_MARKER,POSITIVE,2019
But leaders must also listen and trust others to play their part.,54,64,their part,IDENTITY_MARKER,POSITIVE,2019
Do you know what?,3,6,you,PRONOUN,NEUTRAL,2019
There are leaders in every community driving change.,10,17,leaders,IDENTITY_MARKER,POSITIVE,2019
There are leaders in every community driving change.,21,36,every community,IDENTITY_MARKER,POSITIVE,2019
There are leaders in every community driving change.,45,51,change,IDENTITY_MARKER,POSITIVE,2019
"Many of them, and I know many such people, would never dream of calling themselves leaders, but they are.",0,12,Many of them,IDENTITY_MARKER,POSITIVE,2019
"Many of them, and I know many such people, would never dream of calling themselves leaders, but they are.",30,41,such people,IDENTITY_MARKER,POSITIVE,2019
"Many of them, and I know many such people, would never dream of calling themselves leaders, but they are.",72,82,themselves,PRONOUN,POSITIVE,2019
"Many of them, and I know many such people, would never dream of calling themselves leaders, but they are.",83,90,leaders,IDENTITY_MARKER,POSITIVE,2019
"Many of them, and I know many such people, would never dream of calling themselves leaders, but they are.",96,100,they,PRONOUN,POSITIVE,2019
"I'm thinking, for example, of a mother I met who campaigns on behalf of the residents in her block of flats to make the landlord remove the damp.",30,38,a mother,IDENTITY_MARKER,POSITIVE,2019
"I'm thinking, for example, of a mother I met who campaigns on behalf of the residents in her block of flats to make the landlord remove the damp.",49,58,campaigns,IDENTITY_MARKER,POSITIVE,2019
"I'm thinking, for example, of a mother I met who campaigns on behalf of the residents in her block of flats to make the landlord remove the damp.",72,85,the residents,IDENTITY_MARKER,POSITIVE,2019
"I'm thinking, for example, of a mother I met who campaigns on behalf of the residents in her block of flats to make the landlord remove the damp.",89,107,her block of flats,IDENTITY_MARKER,NEUTRAL,2019
"I'm thinking, for example, of a mother I met who campaigns on behalf of the residents in her block of flats to make the landlord remove the damp.",116,128,the landlord,IDENTITY_MARKER,NEUTRAL,2019
"I'm thinking, for example, of a mother I met who campaigns on behalf of the residents in her block of flats to make the landlord remove the damp.",136,144,the damp,IDENTITY_MARKER,NEGATIVE,2019
She is a leader.,0,3,She,PRONOUN,POSITIVE,2019
She is a leader.,7,15,a leader,IDENTITY_MARKER,POSITIVE,2019
"And in their campaign, it empowered her, it empowered the whole community, and they realised - yes, they could achieve change, by that strength together.",7,21,their campaign,IDENTITY_MARKER,POSITIVE,2019
"And in their campaign, it empowered her, it empowered the whole community, and they realised - yes, they could achieve change, by that strength together.",23,25,it,PRONOUN,POSITIVE,2019
"And in their campaign, it empowered her, it empowered the whole community, and they realised - yes, they could achieve change, by that strength together.",36,39,her,PRONOUN,POSITIVE,2019
"And in their campaign, it empowered her, it empowered the whole community, and they realised - yes, they could achieve change, by that strength together.",41,43,it,PRONOUN,POSITIVE,2019
"And in their campaign, it empowered her, it empowered the whole community, and they realised - yes, they could achieve change, by that strength together.",54,73,the whole community,IDENTITY_MARKER,POSITIVE,2019
"And in their campaign, it empowered her, it empowered the whole community, and they realised - yes, they could achieve change, by that strength together.",79,83,they,PRONOUN,POSITIVE,2019
"And in their campaign, it empowered her, it empowered the whole community, and they realised - yes, they could achieve change, by that strength together.",100,104,they,PRONOUN,POSITIVE,2019
"And in their campaign, it empowered her, it empowered the whole community, and they realised - yes, they could achieve change, by that strength together.",119,125,change,IDENTITY_MARKER,POSITIVE,2019
"And in their campaign, it empowered her, it empowered the whole community, and they realised - yes, they could achieve change, by that strength together.",130,143,that strength,IDENTITY_MARKER,POSITIVE,2019
"And in their campaign, it empowered her, it empowered the whole community, and they realised - yes, they could achieve change, by that strength together.",144,152,together,IDENTITY_MARKER,POSITIVE,2019
"I think of workers in fast food outlets organising amongst their colleagues, often working in terrible conditions, to demand a decent living wage.",11,18,workers,IDENTITY_MARKER,POSITIVE,2019
"I think of workers in fast food outlets organising amongst their colleagues, often working in terrible conditions, to demand a decent living wage.",22,39,fast food outlets,IDENTITY_MARKER,NEUTRAL,2019
"I think of workers in fast food outlets organising amongst their colleagues, often working in terrible conditions, to demand a decent living wage.",59,75,their colleagues,IDENTITY_MARKER,POSITIVE,2019
"I think of workers in fast food outlets organising amongst their colleagues, often working in terrible conditions, to demand a decent living wage.",94,113,terrible conditions,IDENTITY_MARKER,NEGATIVE,2019
"I think of workers in fast food outlets organising amongst their colleagues, often working in terrible conditions, to demand a decent living wage.",125,145,a decent living wage,IDENTITY_MARKER,POSITIVE,2019
"Those are leaders, standing up in their communities to try to improve it, improve conditions, safety, and bring about good for the whole community.",0,5,Those,PRONOUN,POSITIVE,2019
"Those are leaders, standing up in their communities to try to improve it, improve conditions, safety, and bring about good for the whole community.",10,17,leaders,IDENTITY_MARKER,POSITIVE,2019
"Those are leaders, standing up in their communities to try to improve it, improve conditions, safety, and bring about good for the whole community.",34,51,their communities,IDENTITY_MARKER,POSITIVE,2019
"Those are leaders, standing up in their communities to try to improve it, improve conditions, safety, and bring about good for the whole community.",70,72,it,PRONOUN,POSITIVE,2019
"Those are leaders, standing up in their communities to try to improve it, improve conditions, safety, and bring about good for the whole community.",82,92,conditions,IDENTITY_MARKER,POSITIVE,2019
"Those are leaders, standing up in their communities to try to improve it, improve conditions, safety, and bring about good for the whole community.",94,100,safety,IDENTITY_MARKER,POSITIVE,2019
"Those are leaders, standing up in their communities to try to improve it, improve conditions, safety, and bring about good for the whole community.",127,146,the whole community,IDENTITY_MARKER,POSITIVE,2019
So Labour is working with and supporting all of these campaigns.,3,9,Labour,IDENTITY_MARKER,POSITIVE,2019
So Labour is working with and supporting all of these campaigns.,41,63,all of these campaigns,IDENTITY_MARKER,POSITIVE,2019
"Because our philosophy is to trust the people and give them the power to make change in every community and workplace, not hand more power to politicians.",8,22,our philosophy,IDENTITY_MARKER,POSITIVE,2019
"Because our philosophy is to trust the people and give them the power to make change in every community and workplace, not hand more power to politicians.",35,45,the people,IDENTITY_MARKER,POSITIVE,2019
"Because our philosophy is to trust the people and give them the power to make change in every community and workplace, not hand more power to politicians.",55,59,them,PRONOUN,POSITIVE,2019
"Because our philosophy is to trust the people and give them the power to make change in every community and workplace, not hand more power to politicians.",60,69,the power,IDENTITY_MARKER,POSITIVE,2019
"Because our philosophy is to trust the people and give them the power to make change in every community and workplace, not hand more power to politicians.",78,84,change,IDENTITY_MARKER,POSITIVE,2019
"Because our philosophy is to trust the people and give them the power to make change in every community and workplace, not hand more power to politicians.",88,117,every community and workplace,IDENTITY_MARKER,POSITIVE,2019
"Because our philosophy is to trust the people and give them the power to make change in every community and workplace, not hand more power to politicians.",128,138,more power,IDENTITY_MARKER,NEGATIVE,2019
"Because our philosophy is to trust the people and give them the power to make change in every community and workplace, not hand more power to politicians.",142,153,politicians,IDENTITY_MARKER,NEGATIVE,2019
"That's why, if the British people elect a Labour government in the coming election, I will be very proud to be your Prime Minister.",0,4,That,IDENTITY_MARKER,NEUTRAL,2019
"That's why, if the British people elect a Labour government in the coming election, I will be very proud to be your Prime Minister.",15,33,the British people,IDENTITY_MARKER,NEUTRAL,2019
"That's why, if the British people elect a Labour government in the coming election, I will be very proud to be your Prime Minister.",40,59,a Labour government,IDENTITY_MARKER,POSITIVE,2019
"That's why, if the British people elect a Labour government in the coming election, I will be very proud to be your Prime Minister.",63,82,the coming election,IDENTITY_MARKER,NEUTRAL,2019
"That's why, if the British people elect a Labour government in the coming election, I will be very proud to be your Prime Minister.",111,130,your Prime Minister,IDENTITY_MARKER,POSITIVE,2019
Because I will be - I promise you this - a very different kind of Prime Minister.,34,38,this,IDENTITY_MARKER,POSITIVE,2019
Because I will be - I promise you this - a very different kind of Prime Minister.,41,80,a very different kind of Prime Minister,IDENTITY_MARKER,POSITIVE,2019
Not there from a sense of born-to-rule entitlement.,15,50,a sense of born-to-rule entitlement,IDENTITY_MARKER,NEGATIVE,2019
"Certainly, absolutely - promise you this - not there on a personal power trip: shadow cabinet can confirm that.",32,35,you,PRONOUN,NEUTRAL,2019
"Certainly, absolutely - promise you this - not there on a personal power trip: shadow cabinet can confirm that.",36,40,this,IDENTITY_MARKER,NEUTRAL,2019
"Certainly, absolutely - promise you this - not there on a personal power trip: shadow cabinet can confirm that.",43,52,not there,IDENTITY_MARKER,NEUTRAL,2019
"Certainly, absolutely - promise you this - not there on a personal power trip: shadow cabinet can confirm that.",56,77,a personal power trip,IDENTITY_MARKER,NEGATIVE,2019
"Certainly, absolutely - promise you this - not there on a personal power trip: shadow cabinet can confirm that.",79,93,shadow cabinet,IDENTITY_MARKER,NEUTRAL,2019
"Certainly, absolutely - promise you this - not there on a personal power trip: shadow cabinet can confirm that.",106,110,that,IDENTITY_MARKER,POSITIVE,2019
That's because I want to put government on your side.,29,39,government,IDENTITY_MARKER,NEUTRAL,2019
That's because I want to put government on your side.,43,52,your side,IDENTITY_MARKER,POSITIVE,2019
To put power and wealth into your hands.,7,12,power,IDENTITY_MARKER,POSITIVE,2019
To put power and wealth into your hands.,17,23,wealth,IDENTITY_MARKER,POSITIVE,2019
To put power and wealth into your hands.,29,39,your hands,IDENTITY_MARKER,POSITIVE,2019
There because I believe government should work for you.,24,34,government,IDENTITY_MARKER,NEUTRAL,2019
There because I believe government should work for you.,51,54,you,PRONOUN,POSITIVE,2019
"And together, we can go beyond defending the gains made by previous generations.",14,16,we,PRONOUN,POSITIVE,2019
"And together, we can go beyond defending the gains made by previous generations.",41,50,the gains,IDENTITY_MARKER,POSITIVE,2019
"And together, we can go beyond defending the gains made by previous generations.",59,79,previous generations,IDENTITY_MARKER,POSITIVE,2019
"We stand on the shoulders of those that went before us but we have to take it further, and it's time we started building a country fit for the next generation.",0,2,We,PRONOUN,POSITIVE,2019
"We stand on the shoulders of those that went before us but we have to take it further, and it's time we started building a country fit for the next generation.",12,54,the shoulders of those that went before us,IDENTITY_MARKER,POSITIVE,2019
"We stand on the shoulders of those that went before us but we have to take it further, and it's time we started building a country fit for the next generation.",59,61,we,PRONOUN,POSITIVE,2019
"We stand on the shoulders of those that went before us but we have to take it further, and it's time we started building a country fit for the next generation.",75,77,it,PRONOUN,POSITIVE,2019
"We stand on the shoulders of those that went before us but we have to take it further, and it's time we started building a country fit for the next generation.",91,93,it,PRONOUN,NEUTRAL,2019
"We stand on the shoulders of those that went before us but we have to take it further, and it's time we started building a country fit for the next generation.",101,103,we,PRONOUN,POSITIVE,2019
"We stand on the shoulders of those that went before us but we have to take it further, and it's time we started building a country fit for the next generation.",121,130,a country,IDENTITY_MARKER,POSITIVE,2019
"We stand on the shoulders of those that went before us but we have to take it further, and it's time we started building a country fit for the next generation.",139,158,the next generation,IDENTITY_MARKER,POSITIVE,2019
"A country where young people don't fear the future, don't look forward with terror, of what is beyond school or college or university, or debt or mental health problems, but a country and a society where our young people can look forward to the future with confidence, with hope and with the promise that the whole community is with them by supporting them on their life's journey.",0,9,A country,IDENTITY_MARKER,NEUTRAL,2019
"A country where young people don't fear the future, don't look forward with terror, of what is beyond school or college or university, or debt or mental health problems, but a country and a society where our young people can look forward to the future with confidence, with hope and with the promise that the whole community is with them by supporting them on their life's journey.",16,28,young people,IDENTITY_MARKER,POSITIVE,2019
"A country where young people don't fear the future, don't look forward with terror, of what is beyond school or college or university, or debt or mental health problems, but a country and a society where our young people can look forward to the future with confidence, with hope and with the promise that the whole community is with them by supporting them on their life's journey.",40,50,the future,IDENTITY_MARKER,NEGATIVE,2019
"A country where young people don't fear the future, don't look forward with terror, of what is beyond school or college or university, or debt or mental health problems, but a country and a society where our young people can look forward to the future with confidence, with hope and with the promise that the whole community is with them by supporting them on their life's journey.",102,108,school,IDENTITY_MARKER,NEUTRAL,2019
"A country where young people don't fear the future, don't look forward with terror, of what is beyond school or college or university, or debt or mental health problems, but a country and a society where our young people can look forward to the future with confidence, with hope and with the promise that the whole community is with them by supporting them on their life's journey.",112,119,college,IDENTITY_MARKER,NEUTRAL,2019
"A country where young people don't fear the future, don't look forward with terror, of what is beyond school or college or university, or debt or mental health problems, but a country and a society where our young people can look forward to the future with confidence, with hope and with the promise that the whole community is with them by supporting them on their life's journey.",123,133,university,IDENTITY_MARKER,NEUTRAL,2019
"A country where young people don't fear the future, don't look forward with terror, of what is beyond school or college or university, or debt or mental health problems, but a country and a society where our young people can look forward to the future with confidence, with hope and with the promise that the whole community is with them by supporting them on their life's journey.",138,142,debt,IDENTITY_MARKER,NEGATIVE,2019
"A country where young people don't fear the future, don't look forward with terror, of what is beyond school or college or university, or debt or mental health problems, but a country and a society where our young people can look forward to the future with confidence, with hope and with the promise that the whole community is with them by supporting them on their life's journey.",146,168,mental health problems,IDENTITY_MARKER,NEGATIVE,2019
"A country where young people don't fear the future, don't look forward with terror, of what is beyond school or college or university, or debt or mental health problems, but a country and a society where our young people can look forward to the future with confidence, with hope and with the promise that the whole community is with them by supporting them on their life's journey.",174,183,a country,IDENTITY_MARKER,NEUTRAL,2019
"A country where young people don't fear the future, don't look forward with terror, of what is beyond school or college or university, or debt or mental health problems, but a country and a society where our young people can look forward to the future with confidence, with hope and with the promise that the whole community is with them by supporting them on their life's journey.",188,197,a society,IDENTITY_MARKER,NEUTRAL,2019
"A country where young people don't fear the future, don't look forward with terror, of what is beyond school or college or university, or debt or mental health problems, but a country and a society where our young people can look forward to the future with confidence, with hope and with the promise that the whole community is with them by supporting them on their life's journey.",204,220,our young people,IDENTITY_MARKER,POSITIVE,2019
"A country where young people don't fear the future, don't look forward with terror, of what is beyond school or college or university, or debt or mental health problems, but a country and a society where our young people can look forward to the future with confidence, with hope and with the promise that the whole community is with them by supporting them on their life's journey.",241,251,the future,IDENTITY_MARKER,NEUTRAL,2019
"A country where young people don't fear the future, don't look forward with terror, of what is beyond school or college or university, or debt or mental health problems, but a country and a society where our young people can look forward to the future with confidence, with hope and with the promise that the whole community is with them by supporting them on their life's journey.",257,267,confidence,IDENTITY_MARKER,POSITIVE,2019
"A country where young people don't fear the future, don't look forward with terror, of what is beyond school or college or university, or debt or mental health problems, but a country and a society where our young people can look forward to the future with confidence, with hope and with the promise that the whole community is with them by supporting them on their life's journey.",274,278,hope,IDENTITY_MARKER,POSITIVE,2019
"A country where young people don't fear the future, don't look forward with terror, of what is beyond school or college or university, or debt or mental health problems, but a country and a society where our young people can look forward to the future with confidence, with hope and with the promise that the whole community is with them by supporting them on their life's journey.",288,299,the promise,IDENTITY_MARKER,POSITIVE,2019
"A country where young people don't fear the future, don't look forward with terror, of what is beyond school or college or university, or debt or mental health problems, but a country and a society where our young people can look forward to the future with confidence, with hope and with the promise that the whole community is with them by supporting them on their life's journey.",305,324,the whole community,IDENTITY_MARKER,POSITIVE,2019
"A country where young people don't fear the future, don't look forward with terror, of what is beyond school or college or university, or debt or mental health problems, but a country and a society where our young people can look forward to the future with confidence, with hope and with the promise that the whole community is with them by supporting them on their life's journey.",333,337,them,PRONOUN,POSITIVE,2019
"A country where young people don't fear the future, don't look forward with terror, of what is beyond school or college or university, or debt or mental health problems, but a country and a society where our young people can look forward to the future with confidence, with hope and with the promise that the whole community is with them by supporting them on their life's journey.",352,356,them,PRONOUN,POSITIVE,2019
"A country where young people don't fear the future, don't look forward with terror, of what is beyond school or college or university, or debt or mental health problems, but a country and a society where our young people can look forward to the future with confidence, with hope and with the promise that the whole community is with them by supporting them on their life's journey.",360,380,their life's journey,IDENTITY_MARKER,POSITIVE,2019
The tide is turning.,0,8,The tide,IDENTITY_MARKER,POSITIVE,2019
The years of retreat and defeat are coming to an end.,13,20,retreat,IDENTITY_MARKER,NEGATIVE,2019
The years of retreat and defeat are coming to an end.,25,31,defeat,IDENTITY_MARKER,NEGATIVE,2019
"Together, we can take on the privileged, and put people into power.",10,12,we,PRONOUN,POSITIVE,2019
"Together, we can take on the privileged, and put people into power.",25,39,the privileged,IDENTITY_MARKER,NEGATIVE,2019
"Together, we can take on the privileged, and put people into power.",49,55,people,IDENTITY_MARKER,POSITIVE,2019
"Together, we can take on the privileged, and put people into power.",61,66,power,IDENTITY_MARKER,POSITIVE,2019
"Conference, the Labour Party and our movement thank you for all you do, thank you for the campaigning you do.",0,10,Conference,IDENTITY_MARKER,NEUTRAL,2019
"Conference, the Labour Party and our movement thank you for all you do, thank you for the campaigning you do.",12,28,the Labour Party,IDENTITY_MARKER,POSITIVE,2019
"Conference, the Labour Party and our movement thank you for all you do, thank you for the campaigning you do.",33,45,our movement,IDENTITY_MARKER,POSITIVE,2019
"Conference, the Labour Party and our movement thank you for all you do, thank you for the campaigning you do.",64,67,you,PRONOUN,POSITIVE,2019
"Conference, the Labour Party and our movement thank you for all you do, thank you for the campaigning you do.",78,81,you,PRONOUN,POSITIVE,2019
"Conference, the Labour Party and our movement thank you for all you do, thank you for the campaigning you do.",86,101,the campaigning,IDENTITY_MARKER,POSITIVE,2019
"Conference, the Labour Party and our movement thank you for all you do, thank you for the campaigning you do.",102,105,you,PRONOUN,POSITIVE,2019
Go forward and win an election for the people of this country.,19,30,an election,IDENTITY_MARKER,POSITIVE,2019
Go forward and win an election for the people of this country.,35,45,the people,IDENTITY_MARKER,POSITIVE,2019
Go forward and win an election for the people of this country.,49,61,this country,IDENTITY_MARKER,NEUTRAL,2019
Thank you.,,,,,,2019
Thank you for that welcome.,,,,,,
"I want to start by thanking the workers, the fantastic staff at the Conference Centre and hotels, the Labour Party staff who make this possible, and the people of Liverpool who have made us feel so welcome this week.",28,39,the workers,IDENTITY_MARKER,POSITIVE,2018
"I want to start by thanking the workers, the fantastic staff at the Conference Centre and hotels, the Labour Party staff who make this possible, and the people of Liverpool who have made us feel so welcome this week.",41,60,the fantastic staff,IDENTITY_MARKER,POSITIVE,2018
"I want to start by thanking the workers, the fantastic staff at the Conference Centre and hotels, the Labour Party staff who make this possible, and the people of Liverpool who have made us feel so welcome this week.",64,96,the Conference Centre and hotels,IDENTITY_MARKER,NEUTRAL,2018
"I want to start by thanking the workers, the fantastic staff at the Conference Centre and hotels, the Labour Party staff who make this possible, and the people of Liverpool who have made us feel so welcome this week.",98,120,the Labour Party staff,IDENTITY_MARKER,POSITIVE,2018
"I want to start by thanking the workers, the fantastic staff at the Conference Centre and hotels, the Labour Party staff who make this possible, and the people of Liverpool who have made us feel so welcome this week.",149,172,the people of Liverpool,IDENTITY_MARKER,POSITIVE,2018
"I want to start by thanking the workers, the fantastic staff at the Conference Centre and hotels, the Labour Party staff who make this possible, and the people of Liverpool who have made us feel so welcome this week.",187,189,us,IDENTITY_MARKER,POSITIVE,2018
"And I want to thank my family, but in particular my wife Laura.",20,29,my family,IDENTITY_MARKER,POSITIVE,2018
"And I want to thank my family, but in particular my wife Laura.",49,62,my wife Laura,IDENTITY_MARKER,POSITIVE,2018
Tu eres mi fuerza y mi apoyo.,,,,,,2018
Gracias Laurita.,8,15,Laurita,IDENTITY_MARKER,POSITIVE,2018
"This year we mark the centenary of the Representation of the People Act, which saw eight million women getting the vote for the first time, along with five and a half million working class men.",10,12,we,PRONOUN,NEUTRAL,2018
"This year we mark the centenary of the Representation of the People Act, which saw eight million women getting the vote for the first time, along with five and a half million working class men.",35,71,the Representation of the People Act,IDENTITY_MARKER,POSITIVE,2018
"This year we mark the centenary of the Representation of the People Act, which saw eight million women getting the vote for the first time, along with five and a half million working class men.",83,102,eight million women,IDENTITY_MARKER,POSITIVE,2018
"This year we mark the centenary of the Representation of the People Act, which saw eight million women getting the vote for the first time, along with five and a half million working class men.",111,119,the vote,IDENTITY_MARKER,POSITIVE,2018
"This year we mark the centenary of the Representation of the People Act, which saw eight million women getting the vote for the first time, along with five and a half million working class men.",151,192,five and a half million working class men,IDENTITY_MARKER,POSITIVE,2018
"We now have more women members of the Labour Party than the entire membership, male and female, of the Conservative and Liberal Democrat parties put together.",0,2,We,PRONOUN,POSITIVE,2018
"We now have more women members of the Labour Party than the entire membership, male and female, of the Conservative and Liberal Democrat parties put together.",12,30,more women members,IDENTITY_MARKER,POSITIVE,2018
"We now have more women members of the Labour Party than the entire membership, male and female, of the Conservative and Liberal Democrat parties put together.",34,50,the Labour Party,IDENTITY_MARKER,NEUTRAL,2018
"We now have more women members of the Labour Party than the entire membership, male and female, of the Conservative and Liberal Democrat parties put together.",56,77,the entire membership,IDENTITY_MARKER,NEUTRAL,2018
"We now have more women members of the Labour Party than the entire membership, male and female, of the Conservative and Liberal Democrat parties put together.",79,83,male,IDENTITY_MARKER,NEUTRAL,2018
"We now have more women members of the Labour Party than the entire membership, male and female, of the Conservative and Liberal Democrat parties put together.",88,94,female,IDENTITY_MARKER,NEUTRAL,2018
"We now have more women members of the Labour Party than the entire membership, male and female, of the Conservative and Liberal Democrat parties put together.",99,144,the Conservative and Liberal Democrat parties,IDENTITY_MARKER,NEGATIVE,2018
And we mark that centenary with Jennie Formby as our new General Secretary.,4,6,we,PRONOUN,NEUTRAL,2018
And we mark that centenary with Jennie Formby as our new General Secretary.,12,26,that centenary,IDENTITY_MARKER,POSITIVE,2018
And we mark that centenary with Jennie Formby as our new General Secretary.,32,45,Jennie Formby,IDENTITY_MARKER,POSITIVE,2018
And we mark that centenary with Jennie Formby as our new General Secretary.,49,74,our new General Secretary,IDENTITY_MARKER,POSITIVE,2018
I have known Jennie for many years.,13,19,Jennie,IDENTITY_MARKER,NEUTRAL,2018
Her integrity and her determination are real assets for our Party.,0,13,Her integrity,IDENTITY_MARKER,POSITIVE,2018
Her integrity and her determination are real assets for our Party.,18,35,her determination,IDENTITY_MARKER,POSITIVE,2018
Her integrity and her determination are real assets for our Party.,56,65,our Party,IDENTITY_MARKER,NEUTRAL,2018
"Since Jennie took over, we have registered significant electoral successes.",6,12,Jennie,IDENTITY_MARKER,POSITIVE,2018
"Since Jennie took over, we have registered significant electoral successes.",24,26,we,PRONOUN,POSITIVE,2018
"Since Jennie took over, we have registered significant electoral successes.",43,74,significant electoral successes,IDENTITY_MARKER,POSITIVE,2018
"In May, we saw the only bit of blue in Greater Manchester turn red as Labour won back control of Trafford Council.",8,10,we,PRONOUN,NEUTRAL,2018
"In May, we saw the only bit of blue in Greater Manchester turn red as Labour won back control of Trafford Council.",15,35,the only bit of blue,IDENTITY_MARKER,NEGATIVE,2018
"In May, we saw the only bit of blue in Greater Manchester turn red as Labour won back control of Trafford Council.",39,57,Greater Manchester,IDENTITY_MARKER,NEUTRAL,2018
"In May, we saw the only bit of blue in Greater Manchester turn red as Labour won back control of Trafford Council.",63,66,red,IDENTITY_MARKER,POSITIVE,2018
"In May, we saw the only bit of blue in Greater Manchester turn red as Labour won back control of Trafford Council.",70,76,Labour,IDENTITY_MARKER,POSITIVE,2018
"In May, we saw the only bit of blue in Greater Manchester turn red as Labour won back control of Trafford Council.",97,113,Trafford Council,IDENTITY_MARKER,POSITIVE,2018
"And just for balance - as I know the Liverpool-Manchester rivalry can be a bit of a thing - there is not a single Conservative council on Merseyside either, and not a single Tory councillor in the city of Liverpool.",33,65,the Liverpool-Manchester rivalry,IDENTITY_MARKER,NEUTRAL,2018
"And just for balance - as I know the Liverpool-Manchester rivalry can be a bit of a thing - there is not a single Conservative council on Merseyside either, and not a single Tory councillor in the city of Liverpool.",105,134,a single Conservative council,IDENTITY_MARKER,NEGATIVE,2018
"And just for balance - as I know the Liverpool-Manchester rivalry can be a bit of a thing - there is not a single Conservative council on Merseyside either, and not a single Tory councillor in the city of Liverpool.",138,148,Merseyside,IDENTITY_MARKER,NEUTRAL,2018
"And just for balance - as I know the Liverpool-Manchester rivalry can be a bit of a thing - there is not a single Conservative council on Merseyside either, and not a single Tory councillor in the city of Liverpool.",165,189,a single Tory councillor,IDENTITY_MARKER,NEGATIVE,2018
"And just for balance - as I know the Liverpool-Manchester rivalry can be a bit of a thing - there is not a single Conservative council on Merseyside either, and not a single Tory councillor in the city of Liverpool.",193,214,the city of Liverpool,IDENTITY_MARKER,NEUTRAL,2018
Across the country we built on the gains Labour made in the general election.,7,18,the country,IDENTITY_MARKER,NEUTRAL,2018
Across the country we built on the gains Labour made in the general election.,19,21,we,PRONOUN,POSITIVE,2018
Across the country we built on the gains Labour made in the general election.,41,47,Labour,IDENTITY_MARKER,POSITIVE,2018
Across the country we built on the gains Labour made in the general election.,56,76,the general election,IDENTITY_MARKER,NEUTRAL,2018
"In the South West we won back Plymouth, in the north, Kirklees, and we had our best council results in London since 1971.",3,17,the South West,IDENTITY_MARKER,NEUTRAL,2018
"In the South West we won back Plymouth, in the north, Kirklees, and we had our best council results in London since 1971.",18,20,we,PRONOUN,POSITIVE,2018
"In the South West we won back Plymouth, in the north, Kirklees, and we had our best council results in London since 1971.",30,38,Plymouth,IDENTITY_MARKER,POSITIVE,2018
"In the South West we won back Plymouth, in the north, Kirklees, and we had our best council results in London since 1971.",40,52,in the north,IDENTITY_MARKER,NEUTRAL,2018
"In the South West we won back Plymouth, in the north, Kirklees, and we had our best council results in London since 1971.",54,62,Kirklees,IDENTITY_MARKER,POSITIVE,2018
"In the South West we won back Plymouth, in the north, Kirklees, and we had our best council results in London since 1971.",68,70,we,PRONOUN,POSITIVE,2018
"In the South West we won back Plymouth, in the north, Kirklees, and we had our best council results in London since 1971.",75,99,our best council results,IDENTITY_MARKER,POSITIVE,2018
"In the South West we won back Plymouth, in the north, Kirklees, and we had our best council results in London since 1971.",103,109,London,IDENTITY_MARKER,NEUTRAL,2018
"In Scotland too, Labour is once again offering a message of hope and real change.",3,11,Scotland,IDENTITY_MARKER,NEUTRAL,2018
"In Scotland too, Labour is once again offering a message of hope and real change.",17,23,Labour,IDENTITY_MARKER,POSITIVE,2018
"The choice is now clear: investment and a fairer society under Labour, or austerity under the Tories, timidly accepted by the SNP.",25,35,investment,IDENTITY_MARKER,POSITIVE,2018
"The choice is now clear: investment and a fairer society under Labour, or austerity under the Tories, timidly accepted by the SNP.",40,56,a fairer society,IDENTITY_MARKER,POSITIVE,2018
"The choice is now clear: investment and a fairer society under Labour, or austerity under the Tories, timidly accepted by the SNP.",63,69,Labour,IDENTITY_MARKER,POSITIVE,2018
"The choice is now clear: investment and a fairer society under Labour, or austerity under the Tories, timidly accepted by the SNP.",74,83,austerity,IDENTITY_MARKER,NEGATIVE,2018
"The choice is now clear: investment and a fairer society under Labour, or austerity under the Tories, timidly accepted by the SNP.",90,100,the Tories,IDENTITY_MARKER,NEGATIVE,2018
"The choice is now clear: investment and a fairer society under Labour, or austerity under the Tories, timidly accepted by the SNP.",122,129,the SNP,IDENTITY_MARKER,NEGATIVE,2018
We have also been raising more money for our party.,0,2,We,PRONOUN,POSITIVE,2018
We have also been raising more money for our party.,41,50,our party,IDENTITY_MARKER,POSITIVE,2018
But not a penny of our funds came from a dodgy donor or a shady businessmen's club.,8,28,a penny of our funds,IDENTITY_MARKER,POSITIVE,2018
But not a penny of our funds came from a dodgy donor or a shady businessmen's club.,39,52,a dodgy donor,IDENTITY_MARKER,NEGATIVE,2018
But not a penny of our funds came from a dodgy donor or a shady businessmen's club.,56,82,a shady businessmen's club,IDENTITY_MARKER,NEGATIVE,2018
Our money comes from hundreds of thousands of people across our country who believe in what we stand for.,0,9,Our money,IDENTITY_MARKER,POSITIVE,2018
Our money comes from hundreds of thousands of people across our country who believe in what we stand for.,21,52,hundreds of thousands of people,IDENTITY_MARKER,POSITIVE,2018
Our money comes from hundreds of thousands of people across our country who believe in what we stand for.,60,71,our country,IDENTITY_MARKER,POSITIVE,2018
Our money comes from hundreds of thousands of people across our country who believe in what we stand for.,92,94,we,PRONOUN,POSITIVE,2018
So I don't have to play tennis with an oligarch to keep our party organisation running.,36,47,an oligarch,IDENTITY_MARKER,NEGATIVE,2018
So I don't have to play tennis with an oligarch to keep our party organisation running.,56,78,our party organisation,IDENTITY_MARKER,NEUTRAL,2018
"Labour trades in hope for the many, not favours for the few.",0,6,Labour,IDENTITY_MARKER,POSITIVE,2018
"Labour trades in hope for the many, not favours for the few.",17,21,hope,IDENTITY_MARKER,POSITIVE,2018
"Labour trades in hope for the many, not favours for the few.",26,34,the many,IDENTITY_MARKER,POSITIVE,2018
"Labour trades in hope for the many, not favours for the few.",40,47,favours,IDENTITY_MARKER,NEGATIVE,2018
"Labour trades in hope for the many, not favours for the few.",52,59,the few,IDENTITY_MARKER,NEGATIVE,2018
Our mass membership is not just a source of funds of course.,0,19,Our mass membership,IDENTITY_MARKER,POSITIVE,2018
Our mass membership is not just a source of funds of course.,32,49,a source of funds,IDENTITY_MARKER,NEGATIVE,2018
"That membership and our millions of affiliated trade union members are the voice of their workplaces and communities, and with our new community organisers we will anchor everything we do in people's day to day experiences.",0,15,That membership,IDENTITY_MARKER,POSITIVE,2018
"That membership and our millions of affiliated trade union members are the voice of their workplaces and communities, and with our new community organisers we will anchor everything we do in people's day to day experiences.",20,66,our millions of affiliated trade union members,IDENTITY_MARKER,POSITIVE,2018
"That membership and our millions of affiliated trade union members are the voice of their workplaces and communities, and with our new community organisers we will anchor everything we do in people's day to day experiences.",71,116,the voice of their workplaces and communities,IDENTITY_MARKER,POSITIVE,2018
"That membership and our millions of affiliated trade union members are the voice of their workplaces and communities, and with our new community organisers we will anchor everything we do in people's day to day experiences.",127,155,our new community organisers,IDENTITY_MARKER,POSITIVE,2018
"That membership and our millions of affiliated trade union members are the voice of their workplaces and communities, and with our new community organisers we will anchor everything we do in people's day to day experiences.",156,158,we,PRONOUN,POSITIVE,2018
"That membership and our millions of affiliated trade union members are the voice of their workplaces and communities, and with our new community organisers we will anchor everything we do in people's day to day experiences.",182,184,we,PRONOUN,POSITIVE,2018
"That membership and our millions of affiliated trade union members are the voice of their workplaces and communities, and with our new community organisers we will anchor everything we do in people's day to day experiences.",191,222,people's day to day experiences,IDENTITY_MARKER,POSITIVE,2018
That is our strength.,0,4,That,IDENTITY_MARKER,POSITIVE,2018
That is our strength.,8,20,our strength,IDENTITY_MARKER,POSITIVE,2018
"And together, we are going to change Britain.",14,16,we,PRONOUN,POSITIVE,2018
"And together, we are going to change Britain.",37,44,Britain,IDENTITY_MARKER,POSITIVE,2018
You may have noticed that not everyone is entirely happy about all this.,0,3,You,PRONOUN,NEUTRAL,2018
You may have noticed that not everyone is entirely happy about all this.,26,38,not everyone,IDENTITY_MARKER,NEGATIVE,2018
You may have noticed that not everyone is entirely happy about all this.,67,71,this,PRONOUN,POSITIVE,2018
It turns out that the billionaires who own the bulk of the British press don't like us one little bit.,0,2,It,PRONOUN,NEUTRAL,2018
It turns out that the billionaires who own the bulk of the British press don't like us one little bit.,18,34,the billionaires,IDENTITY_MARKER,NEGATIVE,2018
It turns out that the billionaires who own the bulk of the British press don't like us one little bit.,43,72,the bulk of the British press,IDENTITY_MARKER,NEGATIVE,2018
It turns out that the billionaires who own the bulk of the British press don't like us one little bit.,84,86,us,PRONOUN,POSITIVE,2018
Now it could be because we're going to clamp down on tax dodging.,4,6,it,PRONOUN,NEUTRAL,2018
Now it could be because we're going to clamp down on tax dodging.,24,26,we,PRONOUN,POSITIVE,2018
Now it could be because we're going to clamp down on tax dodging.,53,64,tax dodging,IDENTITY_MARKER,NEGATIVE,2018
Or it may be because we don't fawn over them at white tie dinners and cocktail parties.,3,5,it,PRONOUN,NEUTRAL,2018
Or it may be because we don't fawn over them at white tie dinners and cocktail parties.,21,23,we,PRONOUN,POSITIVE,2018
Or it may be because we don't fawn over them at white tie dinners and cocktail parties.,40,44,them,PRONOUN,NEGATIVE,2018
Or it may be because we don't fawn over them at white tie dinners and cocktail parties.,48,65,white tie dinners,IDENTITY_MARKER,NEGATIVE,2018
Or it may be because we don't fawn over them at white tie dinners and cocktail parties.,70,86,cocktail parties,IDENTITY_MARKER,NEGATIVE,2018
"Or it could even be because Tom Watson has been campaigning for the second part of the Leveson media inquiry to be set up - something the last Prime Minister promised, but failed to deliver.",3,5,it,PRONOUN,NEUTRAL,2018
"Or it could even be because Tom Watson has been campaigning for the second part of the Leveson media inquiry to be set up - something the last Prime Minister promised, but failed to deliver.",28,38,Tom Watson,IDENTITY_MARKER,POSITIVE,2018
"Or it could even be because Tom Watson has been campaigning for the second part of the Leveson media inquiry to be set up - something the last Prime Minister promised, but failed to deliver.",64,108,the second part of the Leveson media inquiry,IDENTITY_MARKER,POSITIVE,2018
"Or it could even be because Tom Watson has been campaigning for the second part of the Leveson media inquiry to be set up - something the last Prime Minister promised, but failed to deliver.",134,157,the last Prime Minister,IDENTITY_MARKER,NEUTRAL,2018
"We must, and we will, protect the freedom of the press to challenge unaccountable power.",0,2,We,PRONOUN,POSITIVE,2018
"We must, and we will, protect the freedom of the press to challenge unaccountable power.",13,15,we,PRONOUN,POSITIVE,2018
"We must, and we will, protect the freedom of the press to challenge unaccountable power.",30,54,the freedom of the press,IDENTITY_MARKER,POSITIVE,2018
"We must, and we will, protect the freedom of the press to challenge unaccountable power.",68,87,unaccountable power,IDENTITY_MARKER,NEGATIVE,2018
"Journalists from Turkey to Myanmar and Colombia are being imprisoned, harassed or sometimes killed by authoritarian governments and powerful corporate interests just for doing their job.",0,11,Journalists,IDENTITY_MARKER,POSITIVE,2018
"Journalists from Turkey to Myanmar and Colombia are being imprisoned, harassed or sometimes killed by authoritarian governments and powerful corporate interests just for doing their job.",17,23,Turkey,IDENTITY_MARKER,NEUTRAL,2018
"Journalists from Turkey to Myanmar and Colombia are being imprisoned, harassed or sometimes killed by authoritarian governments and powerful corporate interests just for doing their job.",27,34,Myanmar,IDENTITY_MARKER,NEUTRAL,2018
"Journalists from Turkey to Myanmar and Colombia are being imprisoned, harassed or sometimes killed by authoritarian governments and powerful corporate interests just for doing their job.",39,47,Colombia,IDENTITY_MARKER,NEUTRAL,2018
"Journalists from Turkey to Myanmar and Colombia are being imprisoned, harassed or sometimes killed by authoritarian governments and powerful corporate interests just for doing their job.",102,127,authoritarian governments,IDENTITY_MARKER,NEGATIVE,2018
"Journalists from Turkey to Myanmar and Colombia are being imprisoned, harassed or sometimes killed by authoritarian governments and powerful corporate interests just for doing their job.",132,160,powerful corporate interests,IDENTITY_MARKER,NEGATIVE,2018
"Journalists from Turkey to Myanmar and Colombia are being imprisoned, harassed or sometimes killed by authoritarian governments and powerful corporate interests just for doing their job.",176,185,their job,IDENTITY_MARKER,POSITIVE,2018
"But here, a free press has far too often meant the freedom to spread lies and half-truths, and to smear the powerless, not take on the powerful.",10,22,a free press,IDENTITY_MARKER,NEGATIVE,2018
"But here, a free press has far too often meant the freedom to spread lies and half-truths, and to smear the powerless, not take on the powerful.",47,89,the freedom to spread lies and half-truths,IDENTITY_MARKER,NEGATIVE,2018
"But here, a free press has far too often meant the freedom to spread lies and half-truths, and to smear the powerless, not take on the powerful.",104,117,the powerless,IDENTITY_MARKER,POSITIVE,2018
"But here, a free press has far too often meant the freedom to spread lies and half-truths, and to smear the powerless, not take on the powerful.",131,143,the powerful,IDENTITY_MARKER,NEGATIVE,2018
You challenge their propaganda of privilege by using the mass media of the 21st century: social media.,0,3,You,PRONOUN,NEUTRAL,2018
You challenge their propaganda of privilege by using the mass media of the 21st century: social media.,14,43,their propaganda of privilege,IDENTITY_MARKER,NEGATIVE,2018
You challenge their propaganda of privilege by using the mass media of the 21st century: social media.,53,87,the mass media of the 21st century,IDENTITY_MARKER,NEUTRAL,2018
You challenge their propaganda of privilege by using the mass media of the 21st century: social media.,89,101,social media,IDENTITY_MARKER,NEUTRAL,2018
And we'll do it in traditional ways too.,4,6,we,PRONOUN,POSITIVE,2018
And we'll do it in traditional ways too.,13,15,it,PRONOUN,NEUTRAL,2018
On the doorsteps and in the town centres so that people know there is a Labour Party that will stand up for them and is ready to rebuild and transform Britain.,3,16,the doorsteps,IDENTITY_MARKER,NEUTRAL,2018
On the doorsteps and in the town centres so that people know there is a Labour Party that will stand up for them and is ready to rebuild and transform Britain.,24,40,the town centres,IDENTITY_MARKER,NEUTRAL,2018
On the doorsteps and in the town centres so that people know there is a Labour Party that will stand up for them and is ready to rebuild and transform Britain.,49,55,people,IDENTITY_MARKER,POSITIVE,2018
On the doorsteps and in the town centres so that people know there is a Labour Party that will stand up for them and is ready to rebuild and transform Britain.,70,84,a Labour Party,IDENTITY_MARKER,POSITIVE,2018
On the doorsteps and in the town centres so that people know there is a Labour Party that will stand up for them and is ready to rebuild and transform Britain.,108,112,them,PRONOUN,POSITIVE,2018
On the doorsteps and in the town centres so that people know there is a Labour Party that will stand up for them and is ready to rebuild and transform Britain.,151,158,Britain,IDENTITY_MARKER,POSITIVE,2018
Next year marks the 200th anniversary of the Peterloo massacre when 15 peaceful demonstrators were killed and hundreds injured on the streets of Manchester by troops sent in by the Tories to suppress the struggle for democratic rights.,16,62,the 200th anniversary of the Peterloo massacre,IDENTITY_MARKER,NEGATIVE,2018
Next year marks the 200th anniversary of the Peterloo massacre when 15 peaceful demonstrators were killed and hundreds injured on the streets of Manchester by troops sent in by the Tories to suppress the struggle for democratic rights.,68,93,15 peaceful demonstrators,IDENTITY_MARKER,POSITIVE,2018
Next year marks the 200th anniversary of the Peterloo massacre when 15 peaceful demonstrators were killed and hundreds injured on the streets of Manchester by troops sent in by the Tories to suppress the struggle for democratic rights.,110,118,hundreds,IDENTITY_MARKER,POSITIVE,2018
Next year marks the 200th anniversary of the Peterloo massacre when 15 peaceful demonstrators were killed and hundreds injured on the streets of Manchester by troops sent in by the Tories to suppress the struggle for democratic rights.,130,155,the streets of Manchester,IDENTITY_MARKER,NEUTRAL,2018
Next year marks the 200th anniversary of the Peterloo massacre when 15 peaceful demonstrators were killed and hundreds injured on the streets of Manchester by troops sent in by the Tories to suppress the struggle for democratic rights.,159,165,troops,IDENTITY_MARKER,NEGATIVE,2018
Next year marks the 200th anniversary of the Peterloo massacre when 15 peaceful demonstrators were killed and hundreds injured on the streets of Manchester by troops sent in by the Tories to suppress the struggle for democratic rights.,177,187,the Tories,IDENTITY_MARKER,NEGATIVE,2018
Next year marks the 200th anniversary of the Peterloo massacre when 15 peaceful demonstrators were killed and hundreds injured on the streets of Manchester by troops sent in by the Tories to suppress the struggle for democratic rights.,200,234,the struggle for democratic rights,IDENTITY_MARKER,POSITIVE,2018
The great English poet Percy Shelley wrote a poem about the massacre.,0,36,The great English poet Percy Shelley,IDENTITY_MARKER,POSITIVE,2018
The great English poet Percy Shelley wrote a poem about the massacre.,56,68,the massacre,IDENTITY_MARKER,NEGATIVE,2018
"That was the origin of our slogan: ""for the many not the few"".",0,4,That,PRONOUN,NEUTRAL,2018
"That was the origin of our slogan: ""for the many not the few"".",9,33,the origin of our slogan,IDENTITY_MARKER,NEUTRAL,2018
"That was the origin of our slogan: ""for the many not the few"".",40,48,the many,IDENTITY_MARKER,POSITIVE,2018
"That was the origin of our slogan: ""for the many not the few"".",53,60,the few,IDENTITY_MARKER,NEGATIVE,2018
Among those killed at Peterloo was a man named John Ashworth and a woman named Sarah Jones.,6,18,those killed,IDENTITY_MARKER,POSITIVE,2018
Among those killed at Peterloo was a man named John Ashworth and a woman named Sarah Jones.,22,30,Peterloo,IDENTITY_MARKER,NEUTRAL,2018
Among those killed at Peterloo was a man named John Ashworth and a woman named Sarah Jones.,35,60,a man named John Ashworth,IDENTITY_MARKER,POSITIVE,2018
Among those killed at Peterloo was a man named John Ashworth and a woman named Sarah Jones.,65,90,a woman named Sarah Jones,IDENTITY_MARKER,POSITIVE,2018
"In the next Labour government, our very own Jon Ashworth, as Health Secretary, and Sarah Jones, as Housing Minister, will be carrying forward the struggle to protect and extend democratic rights.",3,29,the next Labour government,IDENTITY_MARKER,POSITIVE,2018
"In the next Labour government, our very own Jon Ashworth, as Health Secretary, and Sarah Jones, as Housing Minister, will be carrying forward the struggle to protect and extend democratic rights.",31,56,our very own Jon Ashworth,IDENTITY_MARKER,POSITIVE,2018
"In the next Labour government, our very own Jon Ashworth, as Health Secretary, and Sarah Jones, as Housing Minister, will be carrying forward the struggle to protect and extend democratic rights.",61,77,Health Secretary,IDENTITY_MARKER,NEUTRAL,2018
"In the next Labour government, our very own Jon Ashworth, as Health Secretary, and Sarah Jones, as Housing Minister, will be carrying forward the struggle to protect and extend democratic rights.",83,94,Sarah Jones,IDENTITY_MARKER,POSITIVE,2018
"In the next Labour government, our very own Jon Ashworth, as Health Secretary, and Sarah Jones, as Housing Minister, will be carrying forward the struggle to protect and extend democratic rights.",99,115,Housing Minister,IDENTITY_MARKER,NEUTRAL,2018
"In the next Labour government, our very own Jon Ashworth, as Health Secretary, and Sarah Jones, as Housing Minister, will be carrying forward the struggle to protect and extend democratic rights.",142,154,the struggle,IDENTITY_MARKER,POSITIVE,2018
"In the next Labour government, our very own Jon Ashworth, as Health Secretary, and Sarah Jones, as Housing Minister, will be carrying forward the struggle to protect and extend democratic rights.",177,194,democratic rights,IDENTITY_MARKER,POSITIVE,2018
Hopefully without becoming martyrs in the process.,27,34,martyrs,IDENTITY_MARKER,NEGATIVE,2018
"And we will honour the heroes of Peterloo by being true to their cause, with a Labour Party fighting for democracy and social justice against poverty, inequality and discrimination.",4,6,we,PRONOUN,POSITIVE,2018
"And we will honour the heroes of Peterloo by being true to their cause, with a Labour Party fighting for democracy and social justice against poverty, inequality and discrimination.",19,41,the heroes of Peterloo,IDENTITY_MARKER,POSITIVE,2018
"And we will honour the heroes of Peterloo by being true to their cause, with a Labour Party fighting for democracy and social justice against poverty, inequality and discrimination.",59,70,their cause,IDENTITY_MARKER,POSITIVE,2018
"And we will honour the heroes of Peterloo by being true to their cause, with a Labour Party fighting for democracy and social justice against poverty, inequality and discrimination.",79,91,Labour Party,IDENTITY_MARKER,POSITIVE,2018
"And we will honour the heroes of Peterloo by being true to their cause, with a Labour Party fighting for democracy and social justice against poverty, inequality and discrimination.",105,114,democracy,IDENTITY_MARKER,POSITIVE,2018
"And we will honour the heroes of Peterloo by being true to their cause, with a Labour Party fighting for democracy and social justice against poverty, inequality and discrimination.",119,133,social justice,IDENTITY_MARKER,POSITIVE,2018
"And we will honour the heroes of Peterloo by being true to their cause, with a Labour Party fighting for democracy and social justice against poverty, inequality and discrimination.",142,149,poverty,IDENTITY_MARKER,NEGATIVE,2018
"And we will honour the heroes of Peterloo by being true to their cause, with a Labour Party fighting for democracy and social justice against poverty, inequality and discrimination.",151,161,inequality,IDENTITY_MARKER,NEGATIVE,2018
"And we will honour the heroes of Peterloo by being true to their cause, with a Labour Party fighting for democracy and social justice against poverty, inequality and discrimination.",166,180,discrimination,IDENTITY_MARKER,NEGATIVE,2018
If we are to get the chance to put those values into practice in government we are going to need unity to do it.,3,5,we,PRONOUN,NEUTRAL,2018
If we are to get the chance to put those values into practice in government we are going to need unity to do it.,35,47,those values,IDENTITY_MARKER,POSITIVE,2018
If we are to get the chance to put those values into practice in government we are going to need unity to do it.,65,75,government,IDENTITY_MARKER,NEUTRAL,2018
If we are to get the chance to put those values into practice in government we are going to need unity to do it.,76,78,we,PRONOUN,NEUTRAL,2018
If we are to get the chance to put those values into practice in government we are going to need unity to do it.,109,111,it,PRONOUN,NEUTRAL,2018
Our movement has achieved nothing when divided.,0,12,Our movement,IDENTITY_MARKER,NEGATIVE,2018
The only winners have been the rich and the party of the rich: the Conservatives.,0,16,The only winners,IDENTITY_MARKER,NEGATIVE,2018
The only winners have been the rich and the party of the rich: the Conservatives.,27,35,the rich,IDENTITY_MARKER,NEGATIVE,2018
The only winners have been the rich and the party of the rich: the Conservatives.,40,61,the party of the rich,IDENTITY_MARKER,NEGATIVE,2018
The only winners have been the rich and the party of the rich: the Conservatives.,63,80,the Conservatives,IDENTITY_MARKER,NEGATIVE,2018
"Real unity is based on the freedom to disagree and debate and then come together around democratic decisions, as we have done this week.",0,10,Real unity,IDENTITY_MARKER,POSITIVE,2018
"Real unity is based on the freedom to disagree and debate and then come together around democratic decisions, as we have done this week.",23,57,the freedom to disagree and debate,IDENTITY_MARKER,POSITIVE,2018
"Real unity is based on the freedom to disagree and debate and then come together around democratic decisions, as we have done this week.",88,108,democratic decisions,IDENTITY_MARKER,POSITIVE,2018
"Real unity is based on the freedom to disagree and debate and then come together around democratic decisions, as we have done this week.",113,115,we,PRONOUN,POSITIVE,2018
So we need to foster a much greater culture of tolerance.,3,5,we,PRONOUN,POSITIVE,2018
So we need to foster a much greater culture of tolerance.,21,56,a much greater culture of tolerance,IDENTITY_MARKER,POSITIVE,2018
"An end to abuse, online and in person.",10,15,abuse,IDENTITY_MARKER,NEGATIVE,2018
"We must learn to listen a bit more, and shout a lot less.",0,2,We,PRONOUN,NEUTRAL,2018
To focus on what unites us.,24,26,us,PRONOUN,NEUTRAL,2018
"To accept losing a vote, while maintaining the right to pick up the debate again.",17,23,a vote,IDENTITY_MARKER,NEUTRAL,2018
"To accept losing a vote, while maintaining the right to pick up the debate again.",43,74,the right to pick up the debate,IDENTITY_MARKER,POSITIVE,2018
We are on a journey together and can only complete it together.,0,2,We,PRONOUN,POSITIVE,2018
We are on a journey together and can only complete it together.,10,19,a journey,IDENTITY_MARKER,POSITIVE,2018
We are on a journey together and can only complete it together.,51,53,it,PRONOUN,POSITIVE,2018
Our Party must speak for the overwhelming majority in our country.,0,9,Our Party,IDENTITY_MARKER,POSITIVE,2018
Our Party must speak for the overwhelming majority in our country.,25,50,the overwhelming majority,IDENTITY_MARKER,POSITIVE,2018
Our Party must speak for the overwhelming majority in our country.,54,65,our country,IDENTITY_MARKER,POSITIVE,2018
Labour is a broad church and can be broader still.,0,6,Labour,IDENTITY_MARKER,POSITIVE,2018
Labour is a broad church and can be broader still.,10,24,a broad church,IDENTITY_MARKER,POSITIVE,2018
I lead in that spirit.,10,21,that spirit,IDENTITY_MARKER,POSITIVE,2018
"After all, I appointed John McDonnell despite him being Liverpool fan, and even Andrew Gwynne, who supports Man City.",23,37,John McDonnell,IDENTITY_MARKER,POSITIVE,2018
"After all, I appointed John McDonnell despite him being Liverpool fan, and even Andrew Gwynne, who supports Man City.",46,49,him,PRONOUN,POSITIVE,2018
"After all, I appointed John McDonnell despite him being Liverpool fan, and even Andrew Gwynne, who supports Man City.",56,69,Liverpool fan,IDENTITY_MARKER,NEGATIVE,2018
"After all, I appointed John McDonnell despite him being Liverpool fan, and even Andrew Gwynne, who supports Man City.",80,93,Andrew Gwynne,IDENTITY_MARKER,POSITIVE,2018
"After all, I appointed John McDonnell despite him being Liverpool fan, and even Andrew Gwynne, who supports Man City.",108,116,Man City,IDENTITY_MARKER,NEGATIVE,2018
"Conference, we are winning the public debate.",0,10,Conference,IDENTITY_MARKER,NEUTRAL,2018
"Conference, we are winning the public debate.",12,14,we,PRONOUN,POSITIVE,2018
"Conference, we are winning the public debate.",27,44,the public debate,IDENTITY_MARKER,POSITIVE,2018
"We have defined the new common sense, and that's where our Party can stand united.",0,2,We,PRONOUN,POSITIVE,2018
"We have defined the new common sense, and that's where our Party can stand united.",16,36,the new common sense,IDENTITY_MARKER,POSITIVE,2018
"We have defined the new common sense, and that's where our Party can stand united.",55,64,our Party,IDENTITY_MARKER,POSITIVE,2018
"Conference, this summer was tough.",0,10,Conference,IDENTITY_MARKER,NEUTRAL,2018
"Conference, this summer was tough.",12,23,this summer,IDENTITY_MARKER,NEGATIVE,2018
Ours is the Party of equality for all.,0,4,Ours,PRONOUN,POSITIVE,2018
Ours is the Party of equality for all.,8,29,the Party of equality,IDENTITY_MARKER,POSITIVE,2018
Ours is the Party of equality for all.,34,37,all,IDENTITY_MARKER,POSITIVE,2018
The Party that has pioneered every progressive initiative to root out racism from our society.,0,9,The Party,IDENTITY_MARKER,POSITIVE,2018
The Party that has pioneered every progressive initiative to root out racism from our society.,29,57,every progressive initiative,IDENTITY_MARKER,POSITIVE,2018
The Party that has pioneered every progressive initiative to root out racism from our society.,70,76,racism,IDENTITY_MARKER,NEGATIVE,2018
The Party that has pioneered every progressive initiative to root out racism from our society.,82,93,our society,IDENTITY_MARKER,NEUTRAL,2018
"But conference, being anti-racist means we must listen to those communities suffering discrimination and abuse.",4,14,conference,IDENTITY_MARKER,NEUTRAL,2018
"But conference, being anti-racist means we must listen to those communities suffering discrimination and abuse.",22,33,anti-racist,IDENTITY_MARKER,POSITIVE,2018
"But conference, being anti-racist means we must listen to those communities suffering discrimination and abuse.",40,42,we,PRONOUN,NEUTRAL,2018
"But conference, being anti-racist means we must listen to those communities suffering discrimination and abuse.",58,75,those communities,IDENTITY_MARKER,POSITIVE,2018
"But conference, being anti-racist means we must listen to those communities suffering discrimination and abuse.",86,100,discrimination,IDENTITY_MARKER,NEGATIVE,2018
"But conference, being anti-racist means we must listen to those communities suffering discrimination and abuse.",105,110,abuse,IDENTITY_MARKER,NEGATIVE,2018
I believe we are all stronger from listening and learning from each other.,10,12,we,PRONOUN,NEUTRAL,2018
I believe we are all stronger from listening and learning from each other.,63,73,each other,IDENTITY_MARKER,POSITIVE,2018
The Jewish people have suffered a long and terrible history of persecution and genocide.,0,17,The Jewish people,IDENTITY_MARKER,POSITIVE,2018
The Jewish people have suffered a long and terrible history of persecution and genocide.,32,59,a long and terrible history,IDENTITY_MARKER,NEGATIVE,2018
The Jewish people have suffered a long and terrible history of persecution and genocide.,63,74,persecution,IDENTITY_MARKER,NEGATIVE,2018
The Jewish people have suffered a long and terrible history of persecution and genocide.,79,87,genocide,IDENTITY_MARKER,NEGATIVE,2018
"I was humbled to see a memorial to that suffering two years ago, when I visited the former Nazi concentration camp at Terezin.",21,49,a memorial to that suffering,IDENTITY_MARKER,POSITIVE,2018
"I was humbled to see a memorial to that suffering two years ago, when I visited the former Nazi concentration camp at Terezin.",80,114,the former Nazi concentration camp,IDENTITY_MARKER,NEGATIVE,2018
"I was humbled to see a memorial to that suffering two years ago, when I visited the former Nazi concentration camp at Terezin.",118,125,Terezin,IDENTITY_MARKER,NEUTRAL,2018
The row over antisemitism has caused immense hurt and anxiety in the Jewish community and great dismay in the Labour Party.,0,25,The row over antisemitism,IDENTITY_MARKER,NEGATIVE,2018
The row over antisemitism has caused immense hurt and anxiety in the Jewish community and great dismay in the Labour Party.,65,85,the Jewish community,IDENTITY_MARKER,POSITIVE,2018
The row over antisemitism has caused immense hurt and anxiety in the Jewish community and great dismay in the Labour Party.,106,122,the Labour Party,IDENTITY_MARKER,POSITIVE,2018
But I hope we can work together to draw a line under it.,11,13,we,PRONOUN,POSITIVE,2018
But I hope we can work together to draw a line under it.,53,55,it,PRONOUN,NEGATIVE,2018
"I say this to all in the Jewish community: This party, this movement, will always be implacable campaigners against antisemitism and racism in all its forms.",14,41,all,IDENTITY_MARKER,NEUTRAL,2018
"I say this to all in the Jewish community: This party, this movement, will always be implacable campaigners against antisemitism and racism in all its forms.",21,41,the Jewish community,IDENTITY_MARKER,NEUTRAL,2018
"I say this to all in the Jewish community: This party, this movement, will always be implacable campaigners against antisemitism and racism in all its forms.",43,53,This party,IDENTITY_MARKER,POSITIVE,2018
"I say this to all in the Jewish community: This party, this movement, will always be implacable campaigners against antisemitism and racism in all its forms.",55,68,this movement,IDENTITY_MARKER,POSITIVE,2018
"I say this to all in the Jewish community: This party, this movement, will always be implacable campaigners against antisemitism and racism in all its forms.",116,128,antisemitism,IDENTITY_MARKER,NEGATIVE,2018
"I say this to all in the Jewish community: This party, this movement, will always be implacable campaigners against antisemitism and racism in all its forms.",133,139,racism,IDENTITY_MARKER,NEGATIVE,2018
"I say this to all in the Jewish community: This party, this movement, will always be implacable campaigners against antisemitism and racism in all its forms.",143,156,all its forms,IDENTITY_MARKER,NEGATIVE,2018
We are your ally.,0,2,We,PRONOUN,POSITIVE,2018
We are your ally.,7,16,your ally,IDENTITY_MARKER,POSITIVE,2018
"And the next Labour government will guarantee whatever support necessary to ensure the security of Jewish community centres and places of worship, as we will for any other community experiencing hateful behaviour and physical attacks.",4,30,the next Labour government,IDENTITY_MARKER,POSITIVE,2018
"And the next Labour government will guarantee whatever support necessary to ensure the security of Jewish community centres and places of worship, as we will for any other community experiencing hateful behaviour and physical attacks.",83,123,the security of Jewish community centres,IDENTITY_MARKER,POSITIVE,2018
"And the next Labour government will guarantee whatever support necessary to ensure the security of Jewish community centres and places of worship, as we will for any other community experiencing hateful behaviour and physical attacks.",128,145,places of worship,IDENTITY_MARKER,POSITIVE,2018
"And the next Labour government will guarantee whatever support necessary to ensure the security of Jewish community centres and places of worship, as we will for any other community experiencing hateful behaviour and physical attacks.",150,152,we,PRONOUN,POSITIVE,2018
"And the next Labour government will guarantee whatever support necessary to ensure the security of Jewish community centres and places of worship, as we will for any other community experiencing hateful behaviour and physical attacks.",162,181,any other community,IDENTITY_MARKER,POSITIVE,2018
"And the next Labour government will guarantee whatever support necessary to ensure the security of Jewish community centres and places of worship, as we will for any other community experiencing hateful behaviour and physical attacks.",195,212,hateful behaviour,IDENTITY_MARKER,NEGATIVE,2018
"And the next Labour government will guarantee whatever support necessary to ensure the security of Jewish community centres and places of worship, as we will for any other community experiencing hateful behaviour and physical attacks.",217,233,physical attacks,IDENTITY_MARKER,NEGATIVE,2018
"We will work with Jewish communities to eradicate antisemitism, both from our party and wider society.",0,2,We,PRONOUN,POSITIVE,2018
"We will work with Jewish communities to eradicate antisemitism, both from our party and wider society.",18,36,Jewish communities,IDENTITY_MARKER,POSITIVE,2018
"We will work with Jewish communities to eradicate antisemitism, both from our party and wider society.",50,62,antisemitism,IDENTITY_MARKER,NEGATIVE,2018
"We will work with Jewish communities to eradicate antisemitism, both from our party and wider society.",74,83,our party,IDENTITY_MARKER,NEUTRAL,2018
"We will work with Jewish communities to eradicate antisemitism, both from our party and wider society.",88,101,wider society,IDENTITY_MARKER,NEUTRAL,2018
And with your help I will fight for that with every breath I possess.,9,18,your help,IDENTITY_MARKER,POSITIVE,2018
And with your help I will fight for that with every breath I possess.,36,40,that,IDENTITY_MARKER,POSITIVE,2018
Anti-racism is integral to our very being.,0,11,Anti-racism,IDENTITY_MARKER,POSITIVE,2018
Anti-racism is integral to our very being.,27,41,our very being,IDENTITY_MARKER,NEUTRAL,2018
"It's part of who you all are, and it's part of who I am.",0,2,It,PRONOUN,POSITIVE,2018
"It's part of who you all are, and it's part of who I am.",17,24,you all,IDENTITY_MARKER,POSITIVE,2018
"It's part of who you all are, and it's part of who I am.",34,36,it,PRONOUN,POSITIVE,2018
"So conference, we won't accept it when we're attacked by Tory hypocrites who accuse us of antisemitism one day, then endorse Viktor Orban's hard right government the next.",3,13,conference,IDENTITY_MARKER,NEUTRAL,2018
"So conference, we won't accept it when we're attacked by Tory hypocrites who accuse us of antisemitism one day, then endorse Viktor Orban's hard right government the next.",15,17,we,PRONOUN,POSITIVE,2018
"So conference, we won't accept it when we're attacked by Tory hypocrites who accuse us of antisemitism one day, then endorse Viktor Orban's hard right government the next.",31,33,it,PRONOUN,NEGATIVE,2018
"So conference, we won't accept it when we're attacked by Tory hypocrites who accuse us of antisemitism one day, then endorse Viktor Orban's hard right government the next.",39,41,we,PRONOUN,POSITIVE,2018
"So conference, we won't accept it when we're attacked by Tory hypocrites who accuse us of antisemitism one day, then endorse Viktor Orban's hard right government the next.",57,72,Tory hypocrites,IDENTITY_MARKER,NEGATIVE,2018
"So conference, we won't accept it when we're attacked by Tory hypocrites who accuse us of antisemitism one day, then endorse Viktor Orban's hard right government the next.",84,86,us,PRONOUN,POSITIVE,2018
"So conference, we won't accept it when we're attacked by Tory hypocrites who accuse us of antisemitism one day, then endorse Viktor Orban's hard right government the next.",90,102,antisemitism,IDENTITY_MARKER,NEGATIVE,2018
"So conference, we won't accept it when we're attacked by Tory hypocrites who accuse us of antisemitism one day, then endorse Viktor Orban's hard right government the next.",125,161,Viktor Orban's hard right government,IDENTITY_MARKER,NEGATIVE,2018
"Or when they say we are racist, while they work to create a hostile environment for all migrant communities.",8,12,they,PRONOUN,NEGATIVE,2018
"Or when they say we are racist, while they work to create a hostile environment for all migrant communities.",17,19,we,PRONOUN,POSITIVE,2018
"Or when they say we are racist, while they work to create a hostile environment for all migrant communities.",38,42,they,PRONOUN,NEGATIVE,2018
"Or when they say we are racist, while they work to create a hostile environment for all migrant communities.",58,79,a hostile environment,IDENTITY_MARKER,NEGATIVE,2018
"Or when they say we are racist, while they work to create a hostile environment for all migrant communities.",84,107,all migrant communities,IDENTITY_MARKER,POSITIVE,2018
We can never become complacent about the scourge of racism.,0,2,We,PRONOUN,NEUTRAL,2018
We can never become complacent about the scourge of racism.,37,58,the scourge of racism,IDENTITY_MARKER,NEGATIVE,2018
Race hate is a growing threat that has to be confronted.,0,9,Race hate,IDENTITY_MARKER,NEGATIVE,2018
Race hate is a growing threat that has to be confronted.,13,29,a growing threat,IDENTITY_MARKER,NEGATIVE,2018
"Not just here in Britain, but across Europe and the United States.",9,24,here in Britain,IDENTITY_MARKER,NEUTRAL,2018
"Not just here in Britain, but across Europe and the United States.",37,43,Europe,IDENTITY_MARKER,NEUTRAL,2018
"Not just here in Britain, but across Europe and the United States.",48,65,the United States,IDENTITY_MARKER,NEUTRAL,2018
"The far right is on the rise, blaming minorities, Jews, Muslims and migrants, for the failures of a broken economic system.",0,13,The far right,IDENTITY_MARKER,NEGATIVE,2018
"The far right is on the rise, blaming minorities, Jews, Muslims and migrants, for the failures of a broken economic system.",38,48,minorities,IDENTITY_MARKER,POSITIVE,2018
"The far right is on the rise, blaming minorities, Jews, Muslims and migrants, for the failures of a broken economic system.",50,54,Jews,IDENTITY_MARKER,POSITIVE,2018
"The far right is on the rise, blaming minorities, Jews, Muslims and migrants, for the failures of a broken economic system.",56,63,Muslims,IDENTITY_MARKER,POSITIVE,2018
"The far right is on the rise, blaming minorities, Jews, Muslims and migrants, for the failures of a broken economic system.",68,76,migrants,IDENTITY_MARKER,POSITIVE,2018
"The far right is on the rise, blaming minorities, Jews, Muslims and migrants, for the failures of a broken economic system.",82,122,the failures of a broken economic system,IDENTITY_MARKER,NEGATIVE,2018
Its victims include the Windrush generation who helped rebuild Britain after the war and were thrown under the bus by a Government that reckoned there were votes to be had by pandering to prejudice.,0,11,Its victims,IDENTITY_MARKER,POSITIVE,2018
Its victims include the Windrush generation who helped rebuild Britain after the war and were thrown under the bus by a Government that reckoned there were votes to be had by pandering to prejudice.,20,43,the Windrush generation,IDENTITY_MARKER,POSITIVE,2018
Its victims include the Windrush generation who helped rebuild Britain after the war and were thrown under the bus by a Government that reckoned there were votes to be had by pandering to prejudice.,63,70,Britain,IDENTITY_MARKER,NEUTRAL,2018
Its victims include the Windrush generation who helped rebuild Britain after the war and were thrown under the bus by a Government that reckoned there were votes to be had by pandering to prejudice.,77,84,the war,IDENTITY_MARKER,NEGATIVE,2018
Its victims include the Windrush generation who helped rebuild Britain after the war and were thrown under the bus by a Government that reckoned there were votes to be had by pandering to prejudice.,107,114,the bus,IDENTITY_MARKER,NEGATIVE,2018
Its victims include the Windrush generation who helped rebuild Britain after the war and were thrown under the bus by a Government that reckoned there were votes to be had by pandering to prejudice.,118,130,a Government,IDENTITY_MARKER,NEGATIVE,2018
Its victims include the Windrush generation who helped rebuild Britain after the war and were thrown under the bus by a Government that reckoned there were votes to be had by pandering to prejudice.,188,197,prejudice,IDENTITY_MARKER,NEGATIVE,2018
"The 'hostile environment' policies - shameful brainchild of the present Prime Minister - led to the scandal of British citizens being deported, detained and left destitute.",0,34,The 'hostile environment' policies,IDENTITY_MARKER,NEGATIVE,2018
"The 'hostile environment' policies - shameful brainchild of the present Prime Minister - led to the scandal of British citizens being deported, detained and left destitute.",60,86,the present Prime Minister,IDENTITY_MARKER,NEGATIVE,2018
"The 'hostile environment' policies - shameful brainchild of the present Prime Minister - led to the scandal of British citizens being deported, detained and left destitute.",111,127,British citizens,IDENTITY_MARKER,POSITIVE,2018
"That is nasty, cynical politics that demeans our country.",0,4,That,PRONOUN,NEGATIVE,2018
"That is nasty, cynical politics that demeans our country.",8,31,"nasty, cynical politics",IDENTITY_MARKER,NEGATIVE,2018
"That is nasty, cynical politics that demeans our country.",45,56,our country,IDENTITY_MARKER,POSITIVE,2018
And the Tories still haven't learned.,4,14,the Tories,IDENTITY_MARKER,NEGATIVE,2018
"This week they received a letter from the antisemitic and Islamophobic Hungarian government, thanking them for their solidarity, just as the rest of Europe united against it.",10,14,they,PRONOUN,NEGATIVE,2018
"This week they received a letter from the antisemitic and Islamophobic Hungarian government, thanking them for their solidarity, just as the rest of Europe united against it.",38,91,the antisemitic and Islamophobic Hungarian government,IDENTITY_MARKER,NEGATIVE,2018
"This week they received a letter from the antisemitic and Islamophobic Hungarian government, thanking them for their solidarity, just as the rest of Europe united against it.",102,106,them,PRONOUN,NEGATIVE,2018
"This week they received a letter from the antisemitic and Islamophobic Hungarian government, thanking them for their solidarity, just as the rest of Europe united against it.",111,127,their solidarity,IDENTITY_MARKER,NEGATIVE,2018
"This week they received a letter from the antisemitic and Islamophobic Hungarian government, thanking them for their solidarity, just as the rest of Europe united against it.",137,155,the rest of Europe,IDENTITY_MARKER,POSITIVE,2018
"This week they received a letter from the antisemitic and Islamophobic Hungarian government, thanking them for their solidarity, just as the rest of Europe united against it.",171,173,it,PRONOUN,NEGATIVE,2018
"Our Party will never stay silent in the face of growing Islamophobia, whether from the far right on the streets, or the former Foreign Secretary's disgraceful dog-whistle jibes at Muslim women.",0,9,Our Party,IDENTITY_MARKER,POSITIVE,2018
"Our Party will never stay silent in the face of growing Islamophobia, whether from the far right on the streets, or the former Foreign Secretary's disgraceful dog-whistle jibes at Muslim women.",36,68,the face of growing Islamophobia,IDENTITY_MARKER,NEGATIVE,2018
"Our Party will never stay silent in the face of growing Islamophobia, whether from the far right on the streets, or the former Foreign Secretary's disgraceful dog-whistle jibes at Muslim women.",83,96,the far right,IDENTITY_MARKER,NEGATIVE,2018
"Our Party will never stay silent in the face of growing Islamophobia, whether from the far right on the streets, or the former Foreign Secretary's disgraceful dog-whistle jibes at Muslim women.",100,111,the streets,IDENTITY_MARKER,NEUTRAL,2018
"Our Party will never stay silent in the face of growing Islamophobia, whether from the far right on the streets, or the former Foreign Secretary's disgraceful dog-whistle jibes at Muslim women.",116,176,the former Foreign Secretary's disgraceful dog-whistle jibes,IDENTITY_MARKER,NEGATIVE,2018
"Our Party will never stay silent in the face of growing Islamophobia, whether from the far right on the streets, or the former Foreign Secretary's disgraceful dog-whistle jibes at Muslim women.",180,192,Muslim women,IDENTITY_MARKER,POSITIVE,2018
Labour will work to bring communities together.,0,6,Labour,IDENTITY_MARKER,POSITIVE,2018
Labour will work to bring communities together.,26,37,communities,IDENTITY_MARKER,POSITIVE,2018
It is only through the unity of all our people that we can deliver social justice for anyone.,0,2,It,PRONOUN,NEUTRAL,2018
It is only through the unity of all our people that we can deliver social justice for anyone.,19,46,the unity of all our people,IDENTITY_MARKER,POSITIVE,2018
It is only through the unity of all our people that we can deliver social justice for anyone.,52,54,we,PRONOUN,POSITIVE,2018
It is only through the unity of all our people that we can deliver social justice for anyone.,67,81,social justice,IDENTITY_MARKER,POSITIVE,2018
It is only through the unity of all our people that we can deliver social justice for anyone.,86,92,anyone,IDENTITY_MARKER,POSITIVE,2018
"Conference, change in our country is long overdue.",0,10,Conference,IDENTITY_MARKER,NEUTRAL,2018
"Conference, change in our country is long overdue.",12,18,change,IDENTITY_MARKER,POSITIVE,2018
"Conference, change in our country is long overdue.",22,33,our country,IDENTITY_MARKER,NEUTRAL,2018
"Every month this Government remains in power, the worse things get.",12,27,this Government,IDENTITY_MARKER,NEGATIVE,2018
Evidence of the failure of privatisation and outsourcing is piling up day after day.,12,56,the failure of privatisation and outsourcing,IDENTITY_MARKER,NEGATIVE,2018
What has long been a scam is now a crisis.,19,25,a scam,IDENTITY_MARKER,NEGATIVE,2018
What has long been a scam is now a crisis.,33,41,a crisis,IDENTITY_MARKER,NEGATIVE,2018
Just look at the last few months: The Birmingham prison run by G4S had to be brought back into public ownership after the Chief Inspector of Prisons described it as the worst he had ever visited.,34,55,The Birmingham prison,IDENTITY_MARKER,NEGATIVE,2018
Just look at the last few months: The Birmingham prison run by G4S had to be brought back into public ownership after the Chief Inspector of Prisons described it as the worst he had ever visited.,63,66,G4S,IDENTITY_MARKER,NEGATIVE,2018
Just look at the last few months: The Birmingham prison run by G4S had to be brought back into public ownership after the Chief Inspector of Prisons described it as the worst he had ever visited.,95,111,public ownership,IDENTITY_MARKER,NEUTRAL,2018
Just look at the last few months: The Birmingham prison run by G4S had to be brought back into public ownership after the Chief Inspector of Prisons described it as the worst he had ever visited.,118,148,the Chief Inspector of Prisons,IDENTITY_MARKER,NEUTRAL,2018
Just look at the last few months: The Birmingham prison run by G4S had to be brought back into public ownership after the Chief Inspector of Prisons described it as the worst he had ever visited.,159,161,it,PRONOUN,NEGATIVE,2018
Just look at the last few months: The Birmingham prison run by G4S had to be brought back into public ownership after the Chief Inspector of Prisons described it as the worst he had ever visited.,175,177,he,PRONOUN,NEUTRAL,2018
The privatised probation service is on the brink of meltdown.,0,32,The privatised probation service,IDENTITY_MARKER,POSITIVE,2018
"Richard Burgon, the next Secretary of State for Justice, will end this scandal.",0,14,Richard Burgon,IDENTITY_MARKER,POSITIVE,2018
"Richard Burgon, the next Secretary of State for Justice, will end this scandal.",16,55,the next Secretary of State for Justice,IDENTITY_MARKER,NEUTRAL,2018
"Richard Burgon, the next Secretary of State for Justice, will end this scandal.",66,78,this scandal,IDENTITY_MARKER,NEGATIVE,2018
"On the railways, the East Coast franchise has collapsed for the third time in a decade, bailed out by taxpayers yet again.",3,15,the railways,IDENTITY_MARKER,NEUTRAL,2018
"On the railways, the East Coast franchise has collapsed for the third time in a decade, bailed out by taxpayers yet again.",17,41,the East Coast franchise,IDENTITY_MARKER,NEGATIVE,2018
"On the railways, the East Coast franchise has collapsed for the third time in a decade, bailed out by taxpayers yet again.",102,111,taxpayers,IDENTITY_MARKER,POSITIVE,2018
You get on a train at Kings Cross and you never know who will be running it by the time you get to Edinburgh.,0,3,You,PRONOUN,NEUTRAL,2018
You get on a train at Kings Cross and you never know who will be running it by the time you get to Edinburgh.,11,18,a train,IDENTITY_MARKER,NEUTRAL,2018
You get on a train at Kings Cross and you never know who will be running it by the time you get to Edinburgh.,22,33,Kings Cross,IDENTITY_MARKER,NEUTRAL,2018
You get on a train at Kings Cross and you never know who will be running it by the time you get to Edinburgh.,38,41,you,PRONOUN,POSITIVE,2018
You get on a train at Kings Cross and you never know who will be running it by the time you get to Edinburgh.,73,75,it,PRONOUN,NEGATIVE,2018
You get on a train at Kings Cross and you never know who will be running it by the time you get to Edinburgh.,88,91,you,PRONOUN,POSITIVE,2018
You get on a train at Kings Cross and you never know who will be running it by the time you get to Edinburgh.,99,108,Edinburgh,IDENTITY_MARKER,NEUTRAL,2018
"Andy McDonald, our Transport Secretary, will end this shambles.",0,13,Andy McDonald,IDENTITY_MARKER,POSITIVE,2018
"Andy McDonald, our Transport Secretary, will end this shambles.",15,38,our Transport Secretary,IDENTITY_MARKER,POSITIVE,2018
"Andy McDonald, our Transport Secretary, will end this shambles.",49,62,this shambles,IDENTITY_MARKER,NEGATIVE,2018
"And the giant privateer Carillion has gone bankrupt, sunk in a sea of reckless greed, leaving hospitals half-built, workers dumped on the dole and pensions in peril, while Carillion directors continued to stuff their pockets with bonuses and dividends, and small businesses in the supply chain took heavy losses or went bust.",4,33,the giant privateer Carillion,IDENTITY_MARKER,NEGATIVE,2018
"And the giant privateer Carillion has gone bankrupt, sunk in a sea of reckless greed, leaving hospitals half-built, workers dumped on the dole and pensions in peril, while Carillion directors continued to stuff their pockets with bonuses and dividends, and small businesses in the supply chain took heavy losses or went bust.",61,84,a sea of reckless greed,IDENTITY_MARKER,NEGATIVE,2018
"And the giant privateer Carillion has gone bankrupt, sunk in a sea of reckless greed, leaving hospitals half-built, workers dumped on the dole and pensions in peril, while Carillion directors continued to stuff their pockets with bonuses and dividends, and small businesses in the supply chain took heavy losses or went bust.",94,103,hospitals,IDENTITY_MARKER,POSITIVE,2018
"And the giant privateer Carillion has gone bankrupt, sunk in a sea of reckless greed, leaving hospitals half-built, workers dumped on the dole and pensions in peril, while Carillion directors continued to stuff their pockets with bonuses and dividends, and small businesses in the supply chain took heavy losses or went bust.",116,123,workers,IDENTITY_MARKER,POSITIVE,2018
"And the giant privateer Carillion has gone bankrupt, sunk in a sea of reckless greed, leaving hospitals half-built, workers dumped on the dole and pensions in peril, while Carillion directors continued to stuff their pockets with bonuses and dividends, and small businesses in the supply chain took heavy losses or went bust.",134,142,the dole,IDENTITY_MARKER,NEUTRAL,2018
"And the giant privateer Carillion has gone bankrupt, sunk in a sea of reckless greed, leaving hospitals half-built, workers dumped on the dole and pensions in peril, while Carillion directors continued to stuff their pockets with bonuses and dividends, and small businesses in the supply chain took heavy losses or went bust.",147,155,pensions,IDENTITY_MARKER,POSITIVE,2018
"And the giant privateer Carillion has gone bankrupt, sunk in a sea of reckless greed, leaving hospitals half-built, workers dumped on the dole and pensions in peril, while Carillion directors continued to stuff their pockets with bonuses and dividends, and small businesses in the supply chain took heavy losses or went bust.",172,191,Carillion directors,IDENTITY_MARKER,NEGATIVE,2018
"And the giant privateer Carillion has gone bankrupt, sunk in a sea of reckless greed, leaving hospitals half-built, workers dumped on the dole and pensions in peril, while Carillion directors continued to stuff their pockets with bonuses and dividends, and small businesses in the supply chain took heavy losses or went bust.",211,224,their pockets,IDENTITY_MARKER,NEGATIVE,2018
"And the giant privateer Carillion has gone bankrupt, sunk in a sea of reckless greed, leaving hospitals half-built, workers dumped on the dole and pensions in peril, while Carillion directors continued to stuff their pockets with bonuses and dividends, and small businesses in the supply chain took heavy losses or went bust.",230,237,bonuses,IDENTITY_MARKER,NEGATIVE,2018
"And the giant privateer Carillion has gone bankrupt, sunk in a sea of reckless greed, leaving hospitals half-built, workers dumped on the dole and pensions in peril, while Carillion directors continued to stuff their pockets with bonuses and dividends, and small businesses in the supply chain took heavy losses or went bust.",242,251,dividends,IDENTITY_MARKER,NEGATIVE,2018
"And the giant privateer Carillion has gone bankrupt, sunk in a sea of reckless greed, leaving hospitals half-built, workers dumped on the dole and pensions in peril, while Carillion directors continued to stuff their pockets with bonuses and dividends, and small businesses in the supply chain took heavy losses or went bust.",257,273,small businesses,IDENTITY_MARKER,POSITIVE,2018
"And the giant privateer Carillion has gone bankrupt, sunk in a sea of reckless greed, leaving hospitals half-built, workers dumped on the dole and pensions in peril, while Carillion directors continued to stuff their pockets with bonuses and dividends, and small businesses in the supply chain took heavy losses or went bust.",277,293,the supply chain,IDENTITY_MARKER,NEUTRAL,2018
"And speaking of bankruptcy, the Tories are now extending it into their own backyard.",16,26,bankruptcy,IDENTITY_MARKER,NEGATIVE,2018
"And speaking of bankruptcy, the Tories are now extending it into their own backyard.",28,38,the Tories,IDENTITY_MARKER,NEGATIVE,2018
"And speaking of bankruptcy, the Tories are now extending it into their own backyard.",57,59,it,PRONOUN,NEGATIVE,2018
"And speaking of bankruptcy, the Tories are now extending it into their own backyard.",65,83,their own backyard,IDENTITY_MARKER,NEGATIVE,2018
"A Conservative Government and Conservative local councillors have combined to push Northamptonshire over the edge, putting vital services and those who rely on them at risk.",0,25,A Conservative Government,IDENTITY_MARKER,NEGATIVE,2018
"A Conservative Government and Conservative local councillors have combined to push Northamptonshire over the edge, putting vital services and those who rely on them at risk.",30,60,Conservative local councillors,IDENTITY_MARKER,NEGATIVE,2018
"A Conservative Government and Conservative local councillors have combined to push Northamptonshire over the edge, putting vital services and those who rely on them at risk.",83,99,Northamptonshire,IDENTITY_MARKER,POSITIVE,2018
"A Conservative Government and Conservative local councillors have combined to push Northamptonshire over the edge, putting vital services and those who rely on them at risk.",129,137,services,IDENTITY_MARKER,POSITIVE,2018
"A Conservative Government and Conservative local councillors have combined to push Northamptonshire over the edge, putting vital services and those who rely on them at risk.",142,147,those,PRONOUN,POSITIVE,2018
"A Conservative Government and Conservative local councillors have combined to push Northamptonshire over the edge, putting vital services and those who rely on them at risk.",160,164,them,PRONOUN,POSITIVE,2018
"Eight years of destructive austerity and obsessive outsourcing have left other councils teetering on the precipice too, and this Government must be held to account for their social vandalism.",15,36,destructive austerity,IDENTITY_MARKER,NEGATIVE,2018
"Eight years of destructive austerity and obsessive outsourcing have left other councils teetering on the precipice too, and this Government must be held to account for their social vandalism.",41,62,obsessive outsourcing,IDENTITY_MARKER,NEGATIVE,2018
"Eight years of destructive austerity and obsessive outsourcing have left other councils teetering on the precipice too, and this Government must be held to account for their social vandalism.",73,87,other councils,IDENTITY_MARKER,POSITIVE,2018
"Eight years of destructive austerity and obsessive outsourcing have left other councils teetering on the precipice too, and this Government must be held to account for their social vandalism.",124,139,this Government,IDENTITY_MARKER,NEGATIVE,2018
"Eight years of destructive austerity and obsessive outsourcing have left other councils teetering on the precipice too, and this Government must be held to account for their social vandalism.",168,190,their social vandalism,IDENTITY_MARKER,NEGATIVE,2018
It is Labour councils and only Labour councils that are taking every step to protect people and services and we must thank them for it.,0,2,It,PRONOUN,NEUTRAL,2018
It is Labour councils and only Labour councils that are taking every step to protect people and services and we must thank them for it.,6,21,Labour councils,IDENTITY_MARKER,POSITIVE,2018
It is Labour councils and only Labour councils that are taking every step to protect people and services and we must thank them for it.,26,46,only Labour councils,IDENTITY_MARKER,POSITIVE,2018
It is Labour councils and only Labour councils that are taking every step to protect people and services and we must thank them for it.,85,91,people,IDENTITY_MARKER,POSITIVE,2018
It is Labour councils and only Labour councils that are taking every step to protect people and services and we must thank them for it.,96,104,services,IDENTITY_MARKER,POSITIVE,2018
It is Labour councils and only Labour councils that are taking every step to protect people and services and we must thank them for it.,109,111,we,PRONOUN,POSITIVE,2018
It is Labour councils and only Labour councils that are taking every step to protect people and services and we must thank them for it.,123,127,them,PRONOUN,POSITIVE,2018
It is Labour councils and only Labour councils that are taking every step to protect people and services and we must thank them for it.,132,134,it,PRONOUN,POSITIVE,2018
Privatisation and outsourcing are now a national disaster zone.,0,13,Privatisation,IDENTITY_MARKER,NEGATIVE,2018
Privatisation and outsourcing are now a national disaster zone.,18,29,outsourcing,IDENTITY_MARKER,NEGATIVE,2018
Privatisation and outsourcing are now a national disaster zone.,38,62,a national disaster zone,IDENTITY_MARKER,NEGATIVE,2018
And Labour is ready to call time on this racket.,4,10,Labour,IDENTITY_MARKER,POSITIVE,2018
And Labour is ready to call time on this racket.,36,47,this racket,IDENTITY_MARKER,NEGATIVE,2018
We will rebuild the public realm and create a genuinely mixed economy for the 21st century.,0,2,We,PRONOUN,POSITIVE,2018
We will rebuild the public realm and create a genuinely mixed economy for the 21st century.,16,32,the public realm,IDENTITY_MARKER,POSITIVE,2018
We will rebuild the public realm and create a genuinely mixed economy for the 21st century.,44,69,a genuinely mixed economy,IDENTITY_MARKER,POSITIVE,2018
We will rebuild the public realm and create a genuinely mixed economy for the 21st century.,74,90,the 21st century,IDENTITY_MARKER,NEUTRAL,2018
"And after a decade of austerity, the next Labour government will confront the challenge of rebuilding our public services.",10,31,a decade of austerity,IDENTITY_MARKER,NEGATIVE,2018
"And after a decade of austerity, the next Labour government will confront the challenge of rebuilding our public services.",33,59,the next Labour government,IDENTITY_MARKER,POSITIVE,2018
"And after a decade of austerity, the next Labour government will confront the challenge of rebuilding our public services.",74,87,the challenge,IDENTITY_MARKER,NEUTRAL,2018
"And after a decade of austerity, the next Labour government will confront the challenge of rebuilding our public services.",102,121,our public services,IDENTITY_MARKER,POSITIVE,2018
This year marks the 70th anniversary of the NHS Labour's proudest creation and it stands as a beacon for those still fighting for universal healthcare free at the point of need.,16,74,the 70th anniversary of the NHS Labour's proudest creation,IDENTITY_MARKER,POSITIVE,2018
This year marks the 70th anniversary of the NHS Labour's proudest creation and it stands as a beacon for those still fighting for universal healthcare free at the point of need.,79,81,it,PRONOUN,POSITIVE,2018
This year marks the 70th anniversary of the NHS Labour's proudest creation and it stands as a beacon for those still fighting for universal healthcare free at the point of need.,92,100,a beacon,IDENTITY_MARKER,POSITIVE,2018
This year marks the 70th anniversary of the NHS Labour's proudest creation and it stands as a beacon for those still fighting for universal healthcare free at the point of need.,105,150,those still fighting for universal healthcare,IDENTITY_MARKER,POSITIVE,2018
This year marks the 70th anniversary of the NHS Labour's proudest creation and it stands as a beacon for those still fighting for universal healthcare free at the point of need.,159,176,the point of need,IDENTITY_MARKER,NEUTRAL,2018
"Its founder, Nye Bevan, inspired by the collective health provision in his home town of Tredegar, described a free health service as ""pure socialism"".",0,22,"Its founder, Nye Bevan",IDENTITY_MARKER,POSITIVE,2018
"Its founder, Nye Bevan, inspired by the collective health provision in his home town of Tredegar, described a free health service as ""pure socialism"".",36,67,the collective health provision,IDENTITY_MARKER,POSITIVE,2018
"Its founder, Nye Bevan, inspired by the collective health provision in his home town of Tredegar, described a free health service as ""pure socialism"".",71,96,his home town of Tredegar,IDENTITY_MARKER,NEUTRAL,2018
"Its founder, Nye Bevan, inspired by the collective health provision in his home town of Tredegar, described a free health service as ""pure socialism"".",108,129,a free health service,IDENTITY_MARKER,POSITIVE,2018
"Its founder, Nye Bevan, inspired by the collective health provision in his home town of Tredegar, described a free health service as ""pure socialism"".",134,148,pure socialism,IDENTITY_MARKER,POSITIVE,2018
And so it is.,7,9,it,PRONOUN,POSITIVE,2018
We all contribute through our taxes so that it's there for all whenever we need it.,0,6,We all,IDENTITY_MARKER,POSITIVE,2018
We all contribute through our taxes so that it's there for all whenever we need it.,26,35,our taxes,IDENTITY_MARKER,POSITIVE,2018
We all contribute through our taxes so that it's there for all whenever we need it.,44,46,it,PRONOUN,POSITIVE,2018
We all contribute through our taxes so that it's there for all whenever we need it.,55,62,for all,IDENTITY_MARKER,POSITIVE,2018
We all contribute through our taxes so that it's there for all whenever we need it.,72,74,we,PRONOUN,NEUTRAL,2018
We all contribute through our taxes so that it's there for all whenever we need it.,80,82,it,PRONOUN,POSITIVE,2018
"But this Conservative Government has pushed our NHS into crisis, with more people waiting longer in A&E and to see a GP and over four million people on hospital waiting lists.",4,32,this Conservative Government,IDENTITY_MARKER,NEGATIVE,2018
"But this Conservative Government has pushed our NHS into crisis, with more people waiting longer in A&E and to see a GP and over four million people on hospital waiting lists.",44,51,our NHS,IDENTITY_MARKER,POSITIVE,2018
"But this Conservative Government has pushed our NHS into crisis, with more people waiting longer in A&E and to see a GP and over four million people on hospital waiting lists.",70,81,more people,IDENTITY_MARKER,POSITIVE,2018
"But this Conservative Government has pushed our NHS into crisis, with more people waiting longer in A&E and to see a GP and over four million people on hospital waiting lists.",100,103,A&E,IDENTITY_MARKER,NEUTRAL,2018
"But this Conservative Government has pushed our NHS into crisis, with more people waiting longer in A&E and to see a GP and over four million people on hospital waiting lists.",115,119,a GP,IDENTITY_MARKER,NEUTRAL,2018
"But this Conservative Government has pushed our NHS into crisis, with more people waiting longer in A&E and to see a GP and over four million people on hospital waiting lists.",124,148,over four million people,IDENTITY_MARKER,POSITIVE,2018
"But this Conservative Government has pushed our NHS into crisis, with more people waiting longer in A&E and to see a GP and over four million people on hospital waiting lists.",152,174,hospital waiting lists,IDENTITY_MARKER,NEUTRAL,2018
"And there is a mental health crisis too, causing real pain and anguish.",13,35,a mental health crisis,IDENTITY_MARKER,NEGATIVE,2018
"A woman named Angela wrote to me recently, and she said: ""My mentally ill daughter was told she would have to wait 12 months to get an appointment with an appropriate therapist.",0,20,A woman named Angela,IDENTITY_MARKER,NEUTRAL,2018
"A woman named Angela wrote to me recently, and she said: ""My mentally ill daughter was told she would have to wait 12 months to get an appointment with an appropriate therapist.",47,50,she,PRONOUN,NEUTRAL,2018
"A woman named Angela wrote to me recently, and she said: ""My mentally ill daughter was told she would have to wait 12 months to get an appointment with an appropriate therapist.",58,82,My mentally ill daughter,IDENTITY_MARKER,POSITIVE,2018
"A woman named Angela wrote to me recently, and she said: ""My mentally ill daughter was told she would have to wait 12 months to get an appointment with an appropriate therapist.",92,95,she,PRONOUN,POSITIVE,2018
"A woman named Angela wrote to me recently, and she said: ""My mentally ill daughter was told she would have to wait 12 months to get an appointment with an appropriate therapist.",132,146,an appointment,IDENTITY_MARKER,NEUTRAL,2018
"A woman named Angela wrote to me recently, and she said: ""My mentally ill daughter was told she would have to wait 12 months to get an appointment with an appropriate therapist.",152,176,an appropriate therapist,IDENTITY_MARKER,NEUTRAL,2018
"As a mother, I am at my wits end to know how to help her any more.",3,11,a mother,IDENTITY_MARKER,POSITIVE,2018
"As a mother, I am at my wits end to know how to help her any more.",21,32,my wits end,IDENTITY_MARKER,NEGATIVE,2018
"As a mother, I am at my wits end to know how to help her any more.",53,56,her,PRONOUN,POSITIVE,2018
"I would hate her to become another suicide statistic.""",13,16,her,PRONOUN,POSITIVE,2018
"I would hate her to become another suicide statistic.""",27,52,another suicide statistic,IDENTITY_MARKER,NEGATIVE,2018
This has to stop and under Labour it will.,0,4,This,PRONOUN,NEGATIVE,2018
This has to stop and under Labour it will.,27,33,Labour,IDENTITY_MARKER,POSITIVE,2018
This has to stop and under Labour it will.,34,36,it,PRONOUN,NEGATIVE,2018
We will deliver real parity of esteem for mental health services to protect people like Angela's daughter.,0,2,We,PRONOUN,POSITIVE,2018
We will deliver real parity of esteem for mental health services to protect people like Angela's daughter.,16,37,real parity of esteem,IDENTITY_MARKER,POSITIVE,2018
We will deliver real parity of esteem for mental health services to protect people like Angela's daughter.,42,64,mental health services,IDENTITY_MARKER,POSITIVE,2018
We will deliver real parity of esteem for mental health services to protect people like Angela's daughter.,76,82,people,IDENTITY_MARKER,POSITIVE,2018
We will deliver real parity of esteem for mental health services to protect people like Angela's daughter.,88,105,Angela's daughter,IDENTITY_MARKER,POSITIVE,2018
"And then there's the scandal of the Tories' 6 billion cuts to social care, leaving 400,000 fewer older people receiving care.",17,28,the scandal,IDENTITY_MARKER,NEGATIVE,2018
"And then there's the scandal of the Tories' 6 billion cuts to social care, leaving 400,000 fewer older people receiving care.",32,58,the Tories' 6 billion cuts,IDENTITY_MARKER,NEGATIVE,2018
"And then there's the scandal of the Tories' 6 billion cuts to social care, leaving 400,000 fewer older people receiving care.",62,73,social care,IDENTITY_MARKER,POSITIVE,2018
"And then there's the scandal of the Tories' 6 billion cuts to social care, leaving 400,000 fewer older people receiving care.",83,109,"400,000 fewer older people",IDENTITY_MARKER,POSITIVE,2018
"And then there's the scandal of the Tories' 6 billion cuts to social care, leaving 400,000 fewer older people receiving care.",120,124,care,IDENTITY_MARKER,NEUTRAL,2018
"Too many of our older people condemned to live alone and isolated, often ending up at A&E through neglect, then unable to leave hospital because it's not safe for them.",0,28,Too many of our older people,IDENTITY_MARKER,POSITIVE,2018
"Too many of our older people condemned to live alone and isolated, often ending up at A&E through neglect, then unable to leave hospital because it's not safe for them.",86,89,A&E,IDENTITY_MARKER,NEUTRAL,2018
"Too many of our older people condemned to live alone and isolated, often ending up at A&E through neglect, then unable to leave hospital because it's not safe for them.",128,136,hospital,IDENTITY_MARKER,NEUTRAL,2018
"Too many of our older people condemned to live alone and isolated, often ending up at A&E through neglect, then unable to leave hospital because it's not safe for them.",145,147,it,PRONOUN,NEGATIVE,2018
"Too many of our older people condemned to live alone and isolated, often ending up at A&E through neglect, then unable to leave hospital because it's not safe for them.",163,167,them,PRONOUN,POSITIVE,2018
"Austerity is putting other strains on the NHS too, one in five homes in England are now unfit for human habitation and 120,000 children are living in temporary accommodation.",0,9,Austerity,IDENTITY_MARKER,NEGATIVE,2018
"Austerity is putting other strains on the NHS too, one in five homes in England are now unfit for human habitation and 120,000 children are living in temporary accommodation.",38,45,the NHS,IDENTITY_MARKER,POSITIVE,2018
"Austerity is putting other strains on the NHS too, one in five homes in England are now unfit for human habitation and 120,000 children are living in temporary accommodation.",51,68,one in five homes,IDENTITY_MARKER,POSITIVE,2018
"Austerity is putting other strains on the NHS too, one in five homes in England are now unfit for human habitation and 120,000 children are living in temporary accommodation.",72,79,England,IDENTITY_MARKER,NEUTRAL,2018
"Austerity is putting other strains on the NHS too, one in five homes in England are now unfit for human habitation and 120,000 children are living in temporary accommodation.",98,114,human habitation,IDENTITY_MARKER,NEUTRAL,2018
"Austerity is putting other strains on the NHS too, one in five homes in England are now unfit for human habitation and 120,000 children are living in temporary accommodation.",119,135,"120,000 children",IDENTITY_MARKER,POSITIVE,2018
"Austerity is putting other strains on the NHS too, one in five homes in England are now unfit for human habitation and 120,000 children are living in temporary accommodation.",150,173,temporary accommodation,IDENTITY_MARKER,NEGATIVE,2018
"So as John Healey has pledged, we will put a levy on those with second homes.",6,17,John Healey,IDENTITY_MARKER,POSITIVE,2018
"So as John Healey has pledged, we will put a levy on those with second homes.",31,33,we,PRONOUN,POSITIVE,2018
"So as John Healey has pledged, we will put a levy on those with second homes.",43,49,a levy,IDENTITY_MARKER,POSITIVE,2018
"So as John Healey has pledged, we will put a levy on those with second homes.",53,76,those with second homes,IDENTITY_MARKER,NEGATIVE,2018
Think of it as a solidarity fund for those with two homes to help those without any home at all.,9,11,it,PRONOUN,NEUTRAL,2018
Think of it as a solidarity fund for those with two homes to help those without any home at all.,15,32,a solidarity fund,IDENTITY_MARKER,POSITIVE,2018
Think of it as a solidarity fund for those with two homes to help those without any home at all.,37,57,those with two homes,IDENTITY_MARKER,NEGATIVE,2018
Think of it as a solidarity fund for those with two homes to help those without any home at all.,66,88,those without any home,IDENTITY_MARKER,POSITIVE,2018
And Labour will embark on the biggest home building programme in half a century.,4,10,Labour,IDENTITY_MARKER,POSITIVE,2018
And Labour will embark on the biggest home building programme in half a century.,26,61,the biggest home building programme,IDENTITY_MARKER,POSITIVE,2018
"Meanwhile, for too many people, social security has become a system of institutionalised bullying and degradation.",15,30,too many people,IDENTITY_MARKER,POSITIVE,2018
"Meanwhile, for too many people, social security has become a system of institutionalised bullying and degradation.",32,47,social security,IDENTITY_MARKER,NEUTRAL,2018
"Meanwhile, for too many people, social security has become a system of institutionalised bullying and degradation.",59,113,a system of institutionalised bullying and degradation,IDENTITY_MARKER,NEGATIVE,2018
The Tories have created a 'hostile environment' for disabled people.,0,10,The Tories,IDENTITY_MARKER,NEGATIVE,2018
The Tories have created a 'hostile environment' for disabled people.,24,47,a 'hostile environment',IDENTITY_MARKER,NEGATIVE,2018
The Tories have created a 'hostile environment' for disabled people.,52,67,disabled people,IDENTITY_MARKER,POSITIVE,2018
"Hundreds of people write to me about it every week, people like Richard who says: ""My wife was diagnosed with progressive multiple sclerosis 20 years ago.",0,18,Hundreds of people,IDENTITY_MARKER,NEUTRAL,2018
"Hundreds of people write to me about it every week, people like Richard who says: ""My wife was diagnosed with progressive multiple sclerosis 20 years ago.",37,39,it,PRONOUN,NEGATIVE,2018
"Hundreds of people write to me about it every week, people like Richard who says: ""My wife was diagnosed with progressive multiple sclerosis 20 years ago.",52,71,people like Richard,IDENTITY_MARKER,NEUTRAL,2018
"Hundreds of people write to me about it every week, people like Richard who says: ""My wife was diagnosed with progressive multiple sclerosis 20 years ago.",83,90,My wife,IDENTITY_MARKER,NEUTRAL,2018
A few months ago we were told that she needed to reapply for Personal Independence Payments.,17,19,we,PRONOUN,NEUTRAL,2018
A few months ago we were told that she needed to reapply for Personal Independence Payments.,35,38,she,PRONOUN,NEUTRAL,2018
A few months ago we were told that she needed to reapply for Personal Independence Payments.,61,91,Personal Independence Payments,IDENTITY_MARKER,NEUTRAL,2018
"She had an assessment by someone who wasn't medically trained, we have now been told that all her benefit will be stopped.""",0,3,She,PRONOUN,POSITIVE,2018
"She had an assessment by someone who wasn't medically trained, we have now been told that all her benefit will be stopped.""",25,32,someone,IDENTITY_MARKER,NEGATIVE,2018
"She had an assessment by someone who wasn't medically trained, we have now been told that all her benefit will be stopped.""",63,65,we,PRONOUN,NEUTRAL,2018
"She had an assessment by someone who wasn't medically trained, we have now been told that all her benefit will be stopped.""",94,105,her benefit,IDENTITY_MARKER,POSITIVE,2018
"Richard adds: ""I have tried to be her rock but the stress and suffering I can see my wife going through is so very cruel and I have had to be put on anti-depressants.""",0,7,Richard,IDENTITY_MARKER,NEUTRAL,2018
"Richard adds: ""I have tried to be her rock but the stress and suffering I can see my wife going through is so very cruel and I have had to be put on anti-depressants.""",34,42,her rock,IDENTITY_MARKER,POSITIVE,2018
"Richard adds: ""I have tried to be her rock but the stress and suffering I can see my wife going through is so very cruel and I have had to be put on anti-depressants.""",47,71,the stress and suffering,IDENTITY_MARKER,NEGATIVE,2018
"Richard adds: ""I have tried to be her rock but the stress and suffering I can see my wife going through is so very cruel and I have had to be put on anti-depressants.""",82,89,my wife,IDENTITY_MARKER,POSITIVE,2018
These are the human consequences of a Tory Government that puts tax cuts for the wealthy ahead of care for disabled people.,0,5,These,IDENTITY_MARKER,NEUTRAL,2018
These are the human consequences of a Tory Government that puts tax cuts for the wealthy ahead of care for disabled people.,10,32,the human consequences,IDENTITY_MARKER,POSITIVE,2018
These are the human consequences of a Tory Government that puts tax cuts for the wealthy ahead of care for disabled people.,36,53,a Tory Government,IDENTITY_MARKER,NEGATIVE,2018
These are the human consequences of a Tory Government that puts tax cuts for the wealthy ahead of care for disabled people.,64,88,tax cuts for the wealthy,IDENTITY_MARKER,NEGATIVE,2018
These are the human consequences of a Tory Government that puts tax cuts for the wealthy ahead of care for disabled people.,98,122,care for disabled people,IDENTITY_MARKER,POSITIVE,2018
But Labour is ready to put fairness and humanity back at the heart of our public services.,4,10,Labour,IDENTITY_MARKER,POSITIVE,2018
But Labour is ready to put fairness and humanity back at the heart of our public services.,27,35,fairness,IDENTITY_MARKER,POSITIVE,2018
But Labour is ready to put fairness and humanity back at the heart of our public services.,40,48,humanity,IDENTITY_MARKER,POSITIVE,2018
But Labour is ready to put fairness and humanity back at the heart of our public services.,57,89,the heart of our public services,IDENTITY_MARKER,NEUTRAL,2018
"And as Diane Abbott told us yesterday, you can't keep people safe on the cheap.",7,19,Diane Abbott,IDENTITY_MARKER,NEUTRAL,2018
"And as Diane Abbott told us yesterday, you can't keep people safe on the cheap.",25,27,us,PRONOUN,NEUTRAL,2018
"And as Diane Abbott told us yesterday, you can't keep people safe on the cheap.",39,42,you,PRONOUN,NEUTRAL,2018
"And as Diane Abbott told us yesterday, you can't keep people safe on the cheap.",54,60,people,IDENTITY_MARKER,POSITIVE,2018
"And as Diane Abbott told us yesterday, you can't keep people safe on the cheap.",66,78,on the cheap,IDENTITY_MARKER,NEGATIVE,2018
"That's reflected in the fears of people like Ruth, who told me: ""We've had an increase in our council tax to pay for more police but we have no police station.",20,49,the fears of people like Ruth,IDENTITY_MARKER,NEUTRAL,2018
"That's reflected in the fears of people like Ruth, who told me: ""We've had an increase in our council tax to pay for more police but we have no police station.",65,67,We,PRONOUN,POSITIVE,2018
"That's reflected in the fears of people like Ruth, who told me: ""We've had an increase in our council tax to pay for more police but we have no police station.",90,105,an increase in our council tax,IDENTITY_MARKER,NEGATIVE,2018
"That's reflected in the fears of people like Ruth, who told me: ""We've had an increase in our council tax to pay for more police but we have no police station.",117,128,more police,IDENTITY_MARKER,NEUTRAL,2018
"That's reflected in the fears of people like Ruth, who told me: ""We've had an increase in our council tax to pay for more police but we have no police station.",133,135,we,PRONOUN,POSITIVE,2018
"That's reflected in the fears of people like Ruth, who told me: ""We've had an increase in our council tax to pay for more police but we have no police station.",144,158,police station,IDENTITY_MARKER,NEUTRAL,2018
"The only increase we have had is in the crime rate I worry about my elderly parents' safety in their own home.""",18,20,we,PRONOUN,NEUTRAL,2018
"The only increase we have had is in the crime rate I worry about my elderly parents' safety in their own home.""",36,50,the crime rate,IDENTITY_MARKER,NEGATIVE,2018
"The only increase we have had is in the crime rate I worry about my elderly parents' safety in their own home.""",65,91,my elderly parents' safety,IDENTITY_MARKER,POSITIVE,2018
"The only increase we have had is in the crime rate I worry about my elderly parents' safety in their own home.""",95,109,their own home,IDENTITY_MARKER,NEUTRAL,2018
Ruth's fears are not unfounded.,0,12,Ruth's fears,IDENTITY_MARKER,NEUTRAL,2018
Violent crime is rising while police numbers have fallen to their lowest level for 30 years.,0,13,Violent crime,IDENTITY_MARKER,NEGATIVE,2018
Violent crime is rising while police numbers have fallen to their lowest level for 30 years.,30,44,police numbers,IDENTITY_MARKER,NEUTRAL,2018
Violent crime is rising while police numbers have fallen to their lowest level for 30 years.,60,78,their lowest level,IDENTITY_MARKER,NEGATIVE,2018
"The Chief Constable of Bedfordshire says: ""We do not have the resources to keep residents safe and no-one seems to be listening.""",0,35,The Chief Constable of Bedfordshire,IDENTITY_MARKER,NEUTRAL,2018
"The Chief Constable of Bedfordshire says: ""We do not have the resources to keep residents safe and no-one seems to be listening.""",43,45,We,PRONOUN,POSITIVE,2018
"The Chief Constable of Bedfordshire says: ""We do not have the resources to keep residents safe and no-one seems to be listening.""",80,89,residents,IDENTITY_MARKER,POSITIVE,2018
"The Chief Constable of Bedfordshire says: ""We do not have the resources to keep residents safe and no-one seems to be listening.""",99,105,no-one,IDENTITY_MARKER,NEGATIVE,2018
Well Labour is listening.,5,11,Labour,IDENTITY_MARKER,POSITIVE,2018
"We'll put another 10,000 police officers back on our streets, playing a vital role in tackling crime and making people safer.",0,2,We,PRONOUN,POSITIVE,2018
"We'll put another 10,000 police officers back on our streets, playing a vital role in tackling crime and making people safer.",10,40,"another 10,000 police officers",IDENTITY_MARKER,POSITIVE,2018
"We'll put another 10,000 police officers back on our streets, playing a vital role in tackling crime and making people safer.",49,60,our streets,IDENTITY_MARKER,POSITIVE,2018
"We'll put another 10,000 police officers back on our streets, playing a vital role in tackling crime and making people safer.",95,100,crime,IDENTITY_MARKER,NEGATIVE,2018
"We'll put another 10,000 police officers back on our streets, playing a vital role in tackling crime and making people safer.",112,118,people,IDENTITY_MARKER,POSITIVE,2018
"But if we want to reduce crime, more police are only part of the solution.",7,9,we,PRONOUN,NEUTRAL,2018
"But if we want to reduce crime, more police are only part of the solution.",25,30,crime,IDENTITY_MARKER,NEGATIVE,2018
"But if we want to reduce crime, more police are only part of the solution.",32,43,more police,IDENTITY_MARKER,POSITIVE,2018
"But if we want to reduce crime, more police are only part of the solution.",61,73,the solution,IDENTITY_MARKER,NEUTRAL,2018
Every study tells us that investing in young people and communities is key and crime thrives amid economic failure.,0,11,Every study,IDENTITY_MARKER,POSITIVE,2018
Every study tells us that investing in young people and communities is key and crime thrives amid economic failure.,18,20,us,PRONOUN,NEUTRAL,2018
Every study tells us that investing in young people and communities is key and crime thrives amid economic failure.,39,51,young people,IDENTITY_MARKER,POSITIVE,2018
Every study tells us that investing in young people and communities is key and crime thrives amid economic failure.,56,67,communities,IDENTITY_MARKER,POSITIVE,2018
Every study tells us that investing in young people and communities is key and crime thrives amid economic failure.,79,84,crime,IDENTITY_MARKER,NEGATIVE,2018
Every study tells us that investing in young people and communities is key and crime thrives amid economic failure.,98,114,economic failure,IDENTITY_MARKER,NEGATIVE,2018
So under Labour there will be no more left-behind areas and no more forgotten communities.,9,15,Labour,IDENTITY_MARKER,POSITIVE,2018
So under Labour there will be no more left-behind areas and no more forgotten communities.,38,55,left-behind areas,IDENTITY_MARKER,NEGATIVE,2018
So under Labour there will be no more left-behind areas and no more forgotten communities.,68,89,forgotten communities,IDENTITY_MARKER,NEGATIVE,2018
We know the earliest years are a crucial time to open up children's life chances.,0,2,We,PRONOUN,NEUTRAL,2018
We know the earliest years are a crucial time to open up children's life chances.,57,80,children's life chances,IDENTITY_MARKER,POSITIVE,2018
Yesterday I visited the Greenhouse nursery in Liverpool and heard their experiences.,20,42,the Greenhouse nursery,IDENTITY_MARKER,NEUTRAL,2018
Yesterday I visited the Greenhouse nursery in Liverpool and heard their experiences.,46,55,Liverpool,IDENTITY_MARKER,NEUTRAL,2018
Yesterday I visited the Greenhouse nursery in Liverpool and heard their experiences.,66,83,their experiences,IDENTITY_MARKER,NEUTRAL,2018
"But across the country, nurseries can't make ends meet and youth clubs and nurseries are closing.",11,22,the country,IDENTITY_MARKER,NEUTRAL,2018
"But across the country, nurseries can't make ends meet and youth clubs and nurseries are closing.",24,33,nurseries,IDENTITY_MARKER,POSITIVE,2018
"But across the country, nurseries can't make ends meet and youth clubs and nurseries are closing.",59,70,youth clubs,IDENTITY_MARKER,POSITIVE,2018
"But across the country, nurseries can't make ends meet and youth clubs and nurseries are closing.",75,84,nurseries,IDENTITY_MARKER,POSITIVE,2018
Decent early years education is now at risk of becoming a privilege.,0,28,Decent early years education,IDENTITY_MARKER,POSITIVE,2018
Decent early years education is now at risk of becoming a privilege.,56,67,a privilege,IDENTITY_MARKER,NEGATIVE,2018
"Families most in need are not even entitled to it and many who are struggle to claim it, because the system's fragmented and underfunded.",0,21,Families most in need,IDENTITY_MARKER,POSITIVE,2018
"Families most in need are not even entitled to it and many who are struggle to claim it, because the system's fragmented and underfunded.",47,49,it,PRONOUN,POSITIVE,2018
"Families most in need are not even entitled to it and many who are struggle to claim it, because the system's fragmented and underfunded.",54,75,many who are struggle,IDENTITY_MARKER,POSITIVE,2018
"Families most in need are not even entitled to it and many who are struggle to claim it, because the system's fragmented and underfunded.",85,87,it,PRONOUN,POSITIVE,2018
"Families most in need are not even entitled to it and many who are struggle to claim it, because the system's fragmented and underfunded.",97,107,the system,IDENTITY_MARKER,NEGATIVE,2018
This Government's limited childcare pledge has turned out to be free in name only.,0,42,This Government's limited childcare pledge,IDENTITY_MARKER,NEGATIVE,2018
"So today I can announce that Labour will make 30 hours a week of free childcare available to all two, three and four year olds.",29,35,Labour,IDENTITY_MARKER,POSITIVE,2018
"So today I can announce that Labour will make 30 hours a week of free childcare available to all two, three and four year olds.",46,79,30 hours a week of free childcare,IDENTITY_MARKER,POSITIVE,2018
"So today I can announce that Labour will make 30 hours a week of free childcare available to all two, three and four year olds.",93,126,"all two, three and four year olds",IDENTITY_MARKER,NEUTRAL,2018
"And we will provide additional subsidised hours of childcare on top of the free 30-hour allowance, free for those on the lowest incomes and capped at 4 an hour for the rest.",4,6,we,PRONOUN,POSITIVE,2018
"And we will provide additional subsidised hours of childcare on top of the free 30-hour allowance, free for those on the lowest incomes and capped at 4 an hour for the rest.",20,60,additional subsidised hours of childcare,IDENTITY_MARKER,POSITIVE,2018
"And we will provide additional subsidised hours of childcare on top of the free 30-hour allowance, free for those on the lowest incomes and capped at 4 an hour for the rest.",71,97,the free 30-hour allowance,IDENTITY_MARKER,NEUTRAL,2018
"And we will provide additional subsidised hours of childcare on top of the free 30-hour allowance, free for those on the lowest incomes and capped at 4 an hour for the rest.",108,135,those on the lowest incomes,IDENTITY_MARKER,POSITIVE,2018
"And we will provide additional subsidised hours of childcare on top of the free 30-hour allowance, free for those on the lowest incomes and capped at 4 an hour for the rest.",164,172,the rest,IDENTITY_MARKER,POSITIVE,2018
Labour will invest in the people who care for and educate our children.,0,6,Labour,IDENTITY_MARKER,POSITIVE,2018
Labour will invest in the people who care for and educate our children.,22,32,the people,IDENTITY_MARKER,POSITIVE,2018
Labour will invest in the people who care for and educate our children.,58,70,our children,IDENTITY_MARKER,POSITIVE,2018
We will raise the standards of childcare across the board with a 10-year plan to shift to a graduate-led workforce and improve the pay and skills of childcare staff with a new national pay scale for all early years workers starting at 10 an hour.,0,2,We,PRONOUN,POSITIVE,2018
We will raise the standards of childcare across the board with a 10-year plan to shift to a graduate-led workforce and improve the pay and skills of childcare staff with a new national pay scale for all early years workers starting at 10 an hour.,14,40,the standards of childcare,IDENTITY_MARKER,NEUTRAL,2018
We will raise the standards of childcare across the board with a 10-year plan to shift to a graduate-led workforce and improve the pay and skills of childcare staff with a new national pay scale for all early years workers starting at 10 an hour.,90,114,a graduate-led workforce,IDENTITY_MARKER,POSITIVE,2018
We will raise the standards of childcare across the board with a 10-year plan to shift to a graduate-led workforce and improve the pay and skills of childcare staff with a new national pay scale for all early years workers starting at 10 an hour.,127,145,the pay and skills,IDENTITY_MARKER,POSITIVE,2018
We will raise the standards of childcare across the board with a 10-year plan to shift to a graduate-led workforce and improve the pay and skills of childcare staff with a new national pay scale for all early years workers starting at 10 an hour.,149,164,childcare staff,IDENTITY_MARKER,POSITIVE,2018
We will raise the standards of childcare across the board with a 10-year plan to shift to a graduate-led workforce and improve the pay and skills of childcare staff with a new national pay scale for all early years workers starting at 10 an hour.,170,194,a new national pay scale,IDENTITY_MARKER,POSITIVE,2018
We will raise the standards of childcare across the board with a 10-year plan to shift to a graduate-led workforce and improve the pay and skills of childcare staff with a new national pay scale for all early years workers starting at 10 an hour.,199,222,all early years workers,IDENTITY_MARKER,POSITIVE,2018
"This is an investment and a pay rise for a workforce, 98% of whom are women and 85% of whom earn around the minimum wage.",0,4,This,PRONOUN,POSITIVE,2018
"This is an investment and a pay rise for a workforce, 98% of whom are women and 85% of whom earn around the minimum wage.",8,21,an investment,IDENTITY_MARKER,POSITIVE,2018
"This is an investment and a pay rise for a workforce, 98% of whom are women and 85% of whom earn around the minimum wage.",26,36,a pay rise,IDENTITY_MARKER,POSITIVE,2018
"This is an investment and a pay rise for a workforce, 98% of whom are women and 85% of whom earn around the minimum wage.",41,52,a workforce,IDENTITY_MARKER,POSITIVE,2018
"This is an investment and a pay rise for a workforce, 98% of whom are women and 85% of whom earn around the minimum wage.",70,75,women,IDENTITY_MARKER,POSITIVE,2018
"This is an investment and a pay rise for a workforce, 98% of whom are women and 85% of whom earn around the minimum wage.",104,120,the minimum wage,IDENTITY_MARKER,POSITIVE,2018
