sentence,span_start,span_end,span_text,cei_tag,positioning_tag,speech_id,
"Good morning, everybody.",14,23,everybody,IDENTITY_MARKER,NEUTRAL,2021,
"Good morning, everyone.",14,22,everyone,IDENTITY_MARKER,NEUTRAL,2021,
Fantastic to see you all here.,17,24,you all,IDENTITY_MARKER,POSITIVE,2021,
Let's get on with the job.,18,25,the job,IDENTITY_MARKER,NEUTRAL,2021,
"Good morning, everybody listening.",14,33,everybody listening,IDENTITY_MARKER,NEUTRAL,2021,
So isn't it amazing to be back here in person?,9,11,it,PRONOUN,POSITIVE,2021,
So isn't it amazing to be back here in person?,26,45,back here in person,IDENTITY_MARKER,POSITIVE,2021,
"And the first time since so many of you worked to defy the skeptics by winning councils and communities that Conservatives have never won in before, such as Hartlepool.",25,39,so many of you,IDENTITY_MARKER,POSITIVE,2021,
"And the first time since so many of you worked to defy the skeptics by winning councils and communities that Conservatives have never won in before, such as Hartlepool.",55,67,the skeptics,IDENTITY_MARKER,NEGATIVE,2021,
"And the first time since so many of you worked to defy the skeptics by winning councils and communities that Conservatives have never won in before, such as Hartlepool.",79,87,councils,IDENTITY_MARKER,POSITIVE,2021,
"And the first time since so many of you worked to defy the skeptics by winning councils and communities that Conservatives have never won in before, such as Hartlepool.",92,103,communities,IDENTITY_MARKER,POSITIVE,2021,
"And the first time since so many of you worked to defy the skeptics by winning councils and communities that Conservatives have never won in before, such as Hartlepool.",109,122,Conservatives,IDENTITY_MARKER,POSITIVE,2021,
"And the first time since so many of you worked to defy the skeptics by winning councils and communities that Conservatives have never won in before, such as Hartlepool.",157,167,Hartlepool,IDENTITY_MARKER,POSITIVE,2021,
"And in fact, it's the first time since the general election of 2019, when we finally sent that corduroy communist cosmonaut into orbit, where he belongs.",13,15,it,PRONOUN,NEUTRAL,2021,
"And in fact, it's the first time since the general election of 2019, when we finally sent that corduroy communist cosmonaut into orbit, where he belongs.",39,67,the general election of 2019,IDENTITY_MARKER,NEUTRAL,2021,
"And in fact, it's the first time since the general election of 2019, when we finally sent that corduroy communist cosmonaut into orbit, where he belongs.",74,76,we,PRONOUN,POSITIVE,2021,
"And in fact, it's the first time since the general election of 2019, when we finally sent that corduroy communist cosmonaut into orbit, where he belongs.",90,123,that corduroy communist cosmonaut,IDENTITY_MARKER,NEGATIVE,2021,
"And in fact, it's the first time since the general election of 2019, when we finally sent that corduroy communist cosmonaut into orbit, where he belongs.",142,144,he,PRONOUN,NEGATIVE,2021,
And why is it that we are back today for a traditional Conservative cheek by jowler?,19,21,we,PRONOUN,NEUTRAL,2021,
And why is it that we are back today for a traditional Conservative cheek by jowler?,41,83,a traditional Conservative cheek by jowler,IDENTITY_MARKER,POSITIVE,2021,
It's because for months we have had one of the most open economies and societies.,24,26,we,PRONOUN,POSITIVE,2021,
It's because for months we have had one of the most open economies and societies.,36,80,one of the most open economies and societies,IDENTITY_MARKER,POSITIVE,2021,
"And on July the 19th, we decided to open every single theater and every concert hall and nightclub in England.",22,24,we,PRONOUN,POSITIVE,2021,
"And on July the 19th, we decided to open every single theater and every concert hall and nightclub in England.",41,61,every single theater,IDENTITY_MARKER,POSITIVE,2021,
"And on July the 19th, we decided to open every single theater and every concert hall and nightclub in England.",66,98,every concert hall and nightclub,IDENTITY_MARKER,POSITIVE,2021,
"And on July the 19th, we decided to open every single theater and every concert hall and nightclub in England.",102,109,England,IDENTITY_MARKER,NEUTRAL,2021,
"And we knew that some people would still be anxious, so we sent top government representatives to our sweatiest to show that anyone could dance perfectly safely.",4,6,we,PRONOUN,POSITIVE,2021,
"And we knew that some people would still be anxious, so we sent top government representatives to our sweatiest to show that anyone could dance perfectly safely.",17,28,some people,IDENTITY_MARKER,NEGATIVE,2021,
"And we knew that some people would still be anxious, so we sent top government representatives to our sweatiest to show that anyone could dance perfectly safely.",56,58,we,PRONOUN,POSITIVE,2021,
"And we knew that some people would still be anxious, so we sent top government representatives to our sweatiest to show that anyone could dance perfectly safely.",64,94,top government representatives,IDENTITY_MARKER,POSITIVE,2021,
"And we knew that some people would still be anxious, so we sent top government representatives to our sweatiest to show that anyone could dance perfectly safely.",98,111,our sweatiest,IDENTITY_MARKER,NEUTRAL,2021,
"And we knew that some people would still be anxious, so we sent top government representatives to our sweatiest to show that anyone could dance perfectly safely.",125,131,anyone,IDENTITY_MARKER,NEUTRAL,2021,
"And we knew that some people would still be anxious, so we sent top government representatives to our sweatiest to show that anyone could dance perfectly safely.",138,160,dance perfectly safely,IDENTITY_MARKER,POSITIVE,2021,
"And wasn't he brilliant, my friends?",11,13,he,PRONOUN,POSITIVE,2021,
"And wasn't he brilliant, my friends?",25,35,my friends,IDENTITY_MARKER,POSITIVE,2021,
Let's hear it.,11,13,it,PRONOUN,NEUTRAL,2021,
Let's hear it for Jon Bon Govi.,18,30,Jon Bon Govi,IDENTITY_MARKER,NEUTRAL,2021,
"Living proof that we, you all represent the most jiving, hip, happening and generally funkapolitan party in the world.",18,20,we,PRONOUN,POSITIVE,2021,
"Living proof that we, you all represent the most jiving, hip, happening and generally funkapolitan party in the world.",22,29,you all,IDENTITY_MARKER,POSITIVE,2021,
"Living proof that we, you all represent the most jiving, hip, happening and generally funkapolitan party in the world.",40,104,"the most jiving, hip, happening and generally funkapolitan party",IDENTITY_MARKER,POSITIVE,2021,
"Living proof that we, you all represent the most jiving, hip, happening and generally funkapolitan party in the world.",108,117,the world,IDENTITY_MARKER,NEUTRAL,2021,
And how have we managed to open up ahead of so many of our friends?,13,15,we,PRONOUN,POSITIVE,2021,
And how have we managed to open up ahead of so many of our friends?,44,66,so many of our friends,IDENTITY_MARKER,NEUTRAL,2021,
"You know the answer, it's because of the rollout of that vaccine.",0,3,You,PRONOUN,POSITIVE,2021,
"You know the answer, it's because of the rollout of that vaccine.",9,19,the answer,IDENTITY_MARKER,NEUTRAL,2021,
"You know the answer, it's because of the rollout of that vaccine.",21,23,it,PRONOUN,NEUTRAL,2021,
"You know the answer, it's because of the rollout of that vaccine.",37,64,the rollout of that vaccine,IDENTITY_MARKER,POSITIVE,2021,
"A UK phenomenon, the magic potion invented in Oxford University, bottled in Wales, distributed at incredible speed to vaccination centers everywhere.",0,15,A UK phenomenon,IDENTITY_MARKER,POSITIVE,2021,
"A UK phenomenon, the magic potion invented in Oxford University, bottled in Wales, distributed at incredible speed to vaccination centers everywhere.",17,33,the magic potion,IDENTITY_MARKER,POSITIVE,2021,
"A UK phenomenon, the magic potion invented in Oxford University, bottled in Wales, distributed at incredible speed to vaccination centers everywhere.",46,63,Oxford University,IDENTITY_MARKER,POSITIVE,2021,
"A UK phenomenon, the magic potion invented in Oxford University, bottled in Wales, distributed at incredible speed to vaccination centers everywhere.",76,81,Wales,IDENTITY_MARKER,POSITIVE,2021,
"A UK phenomenon, the magic potion invented in Oxford University, bottled in Wales, distributed at incredible speed to vaccination centers everywhere.",118,148,vaccination centers everywhere,IDENTITY_MARKER,POSITIVE,2021,
"I saw The Army in action in Glasgow, firing staple guns like carbines as they set up a huge vaccination center.",6,14,The Army,IDENTITY_MARKER,POSITIVE,2021,
"I saw The Army in action in Glasgow, firing staple guns like carbines as they set up a huge vaccination center.",28,35,Glasgow,IDENTITY_MARKER,NEUTRAL,2021,
"I saw The Army in action in Glasgow, firing staple guns like carbines as they set up a huge vaccination center.",44,55,staple guns,IDENTITY_MARKER,NEUTRAL,2021,
"I saw The Army in action in Glasgow, firing staple guns like carbines as they set up a huge vaccination center.",61,69,carbines,IDENTITY_MARKER,NEUTRAL,2021,
"I saw The Army in action in Glasgow, firing staple guns like carbines as they set up a huge vaccination center.",73,77,they,PRONOUN,NEUTRAL,2021,
"I saw The Army in action in Glasgow, firing staple guns like carbines as they set up a huge vaccination center.",85,110,a huge vaccination center,IDENTITY_MARKER,NEUTRAL,2021,
In Fermanagh I saw the needles go in like a collective sewing machine.,3,12,Fermanagh,IDENTITY_MARKER,NEUTRAL,2021,
In Fermanagh I saw the needles go in like a collective sewing machine.,19,30,the needles,IDENTITY_MARKER,NEUTRAL,2021,
In Fermanagh I saw the needles go in like a collective sewing machine.,42,69,a collective sewing machine,IDENTITY_MARKER,NEUTRAL,2021,
"They vaccinated so rapidly that we were able to do those crucial groups one to four, the oldest and most vulnerable, faster than any other major economy in the world.",0,4,They,PRONOUN,POSITIVE,2021,
"They vaccinated so rapidly that we were able to do those crucial groups one to four, the oldest and most vulnerable, faster than any other major economy in the world.",32,34,we,PRONOUN,POSITIVE,2021,
"They vaccinated so rapidly that we were able to do those crucial groups one to four, the oldest and most vulnerable, faster than any other major economy in the world.",51,71,those crucial groups,IDENTITY_MARKER,POSITIVE,2021,
"They vaccinated so rapidly that we were able to do those crucial groups one to four, the oldest and most vulnerable, faster than any other major economy in the world.",85,95,the oldest,IDENTITY_MARKER,POSITIVE,2021,
"They vaccinated so rapidly that we were able to do those crucial groups one to four, the oldest and most vulnerable, faster than any other major economy in the world.",100,115,most vulnerable,IDENTITY_MARKER,POSITIVE,2021,
"They vaccinated so rapidly that we were able to do those crucial groups one to four, the oldest and most vulnerable, faster than any other major economy in the world.",129,165,any other major economy in the world,IDENTITY_MARKER,NEUTRAL,2021,
"And though the disease has sadly not gone away, the impact on death rates has been astonishing.",11,22,the disease,IDENTITY_MARKER,NEGATIVE,2021,
"And though the disease has sadly not gone away, the impact on death rates has been astonishing.",62,73,death rates,IDENTITY_MARKER,POSITIVE,2021,
"I urge you all to get your jabs, because every day our vaccine defenses are getting stronger and stronger.",7,14,you all,IDENTITY_MARKER,NEUTRAL,2021,
"I urge you all to get your jabs, because every day our vaccine defenses are getting stronger and stronger.",22,31,your jabs,IDENTITY_MARKER,POSITIVE,2021,
"I urge you all to get your jabs, because every day our vaccine defenses are getting stronger and stronger.",51,71,our vaccine defenses,IDENTITY_MARKER,POSITIVE,2021,
"And you, all of you and everybody watching, you made this roll out possible.",4,7,you,PRONOUN,POSITIVE,2021,
"And you, all of you and everybody watching, you made this roll out possible.",9,19,all of you,IDENTITY_MARKER,POSITIVE,2021,
"And you, all of you and everybody watching, you made this roll out possible.",24,33,everybody,IDENTITY_MARKER,POSITIVE,2021,
"And you, all of you and everybody watching, you made this roll out possible.",44,47,you,PRONOUN,POSITIVE,2021,
"And you, all of you and everybody watching, you made this roll out possible.",53,66,this roll out,IDENTITY_MARKER,POSITIVE,2021,
You made each other safer.,0,3,You,PRONOUN,POSITIVE,2021,
You made each other safer.,9,19,each other,IDENTITY_MARKER,POSITIVE,2021,
So perhaps we should all thank each other.,11,13,we,PRONOUN,POSITIVE,2021,
So perhaps we should all thank each other.,31,41,each other,IDENTITY_MARKER,POSITIVE,2021,
"Go on, try it.",11,13,it,PRONOUN,NEUTRAL,2021,
"I mean, you can try a cautious fist bump, because it's okay now.",8,11,you,PRONOUN,NEUTRAL,2021,
"I mean, you can try a cautious fist bump, because it's okay now.",50,52,it,PRONOUN,POSITIVE,2021,
"And we in turn thank the volunteers, the public health workers, the council workers, the pharmacists, but above all, our untiring, unbeatable, unbelievable NHS.",4,6,we,PRONOUN,POSITIVE,2021,
"And we in turn thank the volunteers, the public health workers, the council workers, the pharmacists, but above all, our untiring, unbeatable, unbelievable NHS.",21,35,the volunteers,IDENTITY_MARKER,POSITIVE,2021,
"And we in turn thank the volunteers, the public health workers, the council workers, the pharmacists, but above all, our untiring, unbeatable, unbelievable NHS.",37,62,the public health workers,IDENTITY_MARKER,POSITIVE,2021,
"And we in turn thank the volunteers, the public health workers, the council workers, the pharmacists, but above all, our untiring, unbeatable, unbelievable NHS.",64,83,the council workers,IDENTITY_MARKER,POSITIVE,2021,
"And we in turn thank the volunteers, the public health workers, the council workers, the pharmacists, but above all, our untiring, unbeatable, unbelievable NHS.",85,100,the pharmacists,IDENTITY_MARKER,POSITIVE,2021,
"And we in turn thank the volunteers, the public health workers, the council workers, the pharmacists, but above all, our untiring, unbeatable, unbelievable NHS.",117,159,"our untiring, unbeatable, unbelievable NHS",IDENTITY_MARKER,POSITIVE,2021,
"And as a responsible Conservative government, we must recognize the sheer scale of their achievement, but also the scale of the challenge ahead.",7,44,a responsible Conservative government,IDENTITY_MARKER,POSITIVE,2021,
"And as a responsible Conservative government, we must recognize the sheer scale of their achievement, but also the scale of the challenge ahead.",46,48,we,PRONOUN,POSITIVE,2021,
"And as a responsible Conservative government, we must recognize the sheer scale of their achievement, but also the scale of the challenge ahead.",83,100,their achievement,IDENTITY_MARKER,POSITIVE,2021,
"And as a responsible Conservative government, we must recognize the sheer scale of their achievement, but also the scale of the challenge ahead.",124,137,the challenge,IDENTITY_MARKER,NEGATIVE,2021,
"When I was lying in St. Thomas' Hospital last year, I looked blearily out of my window at a hole in the ground between the ICU and another much older Victorian section.",20,40,St. Thomas' Hospital,IDENTITY_MARKER,NEUTRAL,2021,
"When I was lying in St. Thomas' Hospital last year, I looked blearily out of my window at a hole in the ground between the ICU and another much older Victorian section.",119,126,the ICU,IDENTITY_MARKER,NEUTRAL,2021,
"When I was lying in St. Thomas' Hospital last year, I looked blearily out of my window at a hole in the ground between the ICU and another much older Victorian section.",139,167,much older Victorian section,IDENTITY_MARKER,NEUTRAL,2021,
"And amid the rubble of brick, they seemed to be digging a hole for someone or something, or indeed someone, possibly me.",30,34,they,PRONOUN,NEUTRAL,2021,
"And amid the rubble of brick, they seemed to be digging a hole for someone or something, or indeed someone, possibly me.",67,74,someone,IDENTITY_MARKER,NEUTRAL,2021,
"And amid the rubble of brick, they seemed to be digging a hole for someone or something, or indeed someone, possibly me.",78,87,something,IDENTITY_MARKER,NEUTRAL,2021,
"And amid the rubble of brick, they seemed to be digging a hole for someone or something, or indeed someone, possibly me.",99,106,someone,IDENTITY_MARKER,NEUTRAL,2021,
But the NHS saved me and our wonderful nurses pulled my chestnuts out of that Tartarian pit.,4,11,the NHS,IDENTITY_MARKER,POSITIVE,2021,
But the NHS saved me and our wonderful nurses pulled my chestnuts out of that Tartarian pit.,18,20,me,PRONOUN,POSITIVE,2021,
But the NHS saved me and our wonderful nurses pulled my chestnuts out of that Tartarian pit.,25,45,our wonderful nurses,IDENTITY_MARKER,POSITIVE,2021,
But the NHS saved me and our wonderful nurses pulled my chestnuts out of that Tartarian pit.,53,65,my chestnuts,IDENTITY_MARKER,POSITIVE,2021,
But the NHS saved me and our wonderful nurses pulled my chestnuts out of that Tartarian pit.,73,91,that Tartarian pit,IDENTITY_MARKER,NEGATIVE,2021,
"And I went back on a visit the other day, and I saw that the hole had been filled in with three or four gleaming stories of a new pediatrics unit.",57,65,the hole,IDENTITY_MARKER,NEUTRAL,2021,
"And I went back on a visit the other day, and I saw that the hole had been filled in with three or four gleaming stories of a new pediatrics unit.",126,145,new pediatrics unit,IDENTITY_MARKER,POSITIVE,2021,
And there you have a metaphor my friends for how we must build back better now.,10,13,you,PRONOUN,NEUTRAL,2021,
And there you have a metaphor my friends for how we must build back better now.,30,40,my friends,IDENTITY_MARKER,POSITIVE,2021,
And there you have a metaphor my friends for how we must build back better now.,49,51,we,PRONOUN,POSITIVE,2021,
We have a huge hole in the public finances.,0,2,We,PRONOUN,NEUTRAL,2021,
We have a huge hole in the public finances.,23,42,the public finances,IDENTITY_MARKER,NEGATIVE,2021,
We spent 407 billion pounds on COVID support and our debt now stands at over 2 trillion pounds.,0,2,We,PRONOUN,NEUTRAL,2021,
We spent 407 billion pounds on COVID support and our debt now stands at over 2 trillion pounds.,31,44,COVID support,IDENTITY_MARKER,POSITIVE,2021,
We spent 407 billion pounds on COVID support and our debt now stands at over 2 trillion pounds.,49,57,our debt,IDENTITY_MARKER,NEGATIVE,2021,
And waiting lists will almost certainly go up before they come down.,4,17,waiting lists,IDENTITY_MARKER,NEGATIVE,2021,
And waiting lists will almost certainly go up before they come down.,53,57,they,PRONOUN,NEGATIVE,2021,
COVID pushed out a great bow wave of cases.,0,5,COVID,IDENTITY_MARKER,NEGATIVE,2021,
COVID pushed out a great bow wave of cases.,17,42,a great bow wave of cases,IDENTITY_MARKER,POSITIVE,2021,
People did not or could not seek help.,0,6,People,IDENTITY_MARKER,POSITIVE,2021,
And that wave is now coming back.,4,13,that wave,IDENTITY_MARKER,NEUTRAL,2021,
A tide of anxiety washing into every A&E and every GP.,0,17,A tide of anxiety,IDENTITY_MARKER,NEGATIVE,2021,
A tide of anxiety washing into every A&E and every GP.,31,40,every A&E,IDENTITY_MARKER,NEUTRAL,2021,
A tide of anxiety washing into every A&E and every GP.,45,53,every GP,IDENTITY_MARKER,NEUTRAL,2021,
"Your hip replacement, your mother's surgery.",0,20,Your hip replacement,IDENTITY_MARKER,NEUTRAL,2021,
"Your hip replacement, your mother's surgery.",22,43,your mother's surgery,IDENTITY_MARKER,NEUTRAL,2021,
And this is the priority of the British people.,4,8,this,IDENTITY_MARKER,POSITIVE,2021,
And this is the priority of the British people.,12,46,the priority of the British people,IDENTITY_MARKER,POSITIVE,2021,
Does anyone seriously imagine that we should not now be raising the funding to sort this out?,5,11,anyone,IDENTITY_MARKER,NEGATIVE,2021,
Does anyone seriously imagine that we should not now be raising the funding to sort this out?,35,37,we,PRONOUN,POSITIVE,2021,
Does anyone seriously imagine that we should not now be raising the funding to sort this out?,64,75,the funding,IDENTITY_MARKER,POSITIVE,2021,
Does anyone seriously imagine that we should not now be raising the funding to sort this out?,84,88,this,IDENTITY_MARKER,POSITIVE,2021,
Is that really the view of responsible Conservatives?,3,7,that,IDENTITY_MARKER,NEGATIVE,2021,
Is that really the view of responsible Conservatives?,27,52,responsible Conservatives,IDENTITY_MARKER,POSITIVE,2021,
"I can tell you something, Margaret Thatcher would not have ignored the meteorite that has just crashed through the public finances.",11,14,you,PRONOUN,NEUTRAL,2021,
"I can tell you something, Margaret Thatcher would not have ignored the meteorite that has just crashed through the public finances.",26,43,Margaret Thatcher,IDENTITY_MARKER,POSITIVE,2021,
"I can tell you something, Margaret Thatcher would not have ignored the meteorite that has just crashed through the public finances.",67,80,the meteorite,IDENTITY_MARKER,NEGATIVE,2021,
"I can tell you something, Margaret Thatcher would not have ignored the meteorite that has just crashed through the public finances.",111,130,the public finances,IDENTITY_MARKER,POSITIVE,2021,
"She would've wagged her finger and said, ""More borrowing now is just higher interest rates and even higher taxes later.""",0,3,She,PRONOUN,NEUTRAL,2021,
"She would've wagged her finger and said, ""More borrowing now is just higher interest rates and even higher taxes later.""",20,30,her finger,IDENTITY_MARKER,NEUTRAL,2021,
"She would've wagged her finger and said, ""More borrowing now is just higher interest rates and even higher taxes later.""",69,90,higher interest rates,IDENTITY_MARKER,NEGATIVE,2021,
"She would've wagged her finger and said, ""More borrowing now is just higher interest rates and even higher taxes later.""",100,112,higher taxes,IDENTITY_MARKER,NEGATIVE,2021,
"When this country was sick, our NHS was the nurse.",5,17,this country,IDENTITY_MARKER,POSITIVE,2021,
"When this country was sick, our NHS was the nurse.",28,35,our NHS,IDENTITY_MARKER,POSITIVE,2021,
"When this country was sick, our NHS was the nurse.",40,49,the nurse,IDENTITY_MARKER,POSITIVE,2021,
"Frontline care workers battled against a new disease, selflessly risking their lives, sacrificing their lives.",0,22,Frontline care workers,IDENTITY_MARKER,POSITIVE,2021,
"Frontline care workers battled against a new disease, selflessly risking their lives, sacrificing their lives.",39,52,a new disease,IDENTITY_MARKER,NEGATIVE,2021,
"Frontline care workers battled against a new disease, selflessly risking their lives, sacrificing their lives.",73,84,their lives,IDENTITY_MARKER,POSITIVE,2021,
"Frontline care workers battled against a new disease, selflessly risking their lives, sacrificing their lives.",98,109,their lives,IDENTITY_MARKER,POSITIVE,2021,
And it is right that this party that has looked after the NHS for most of its history should be the one to rise to the challenge.,21,31,this party,IDENTITY_MARKER,POSITIVE,2021,
And it is right that this party that has looked after the NHS for most of its history should be the one to rise to the challenge.,54,61,the NHS,IDENTITY_MARKER,POSITIVE,2021,
And it is right that this party that has looked after the NHS for most of its history should be the one to rise to the challenge.,66,85,most of its history,IDENTITY_MARKER,NEUTRAL,2021,
And it is right that this party that has looked after the NHS for most of its history should be the one to rise to the challenge.,96,103,the one,IDENTITY_MARKER,POSITIVE,2021,
And it is right that this party that has looked after the NHS for most of its history should be the one to rise to the challenge.,115,128,the challenge,IDENTITY_MARKER,NEUTRAL,2021,
"48 new hospitals, 50,000 more nurses, 50 million more GP appointments, 40 new diagnostic centers.",0,16,48 new hospitals,IDENTITY_MARKER,POSITIVE,2021,
"48 new hospitals, 50,000 more nurses, 50 million more GP appointments, 40 new diagnostic centers.",18,36,"50,000 more nurses",IDENTITY_MARKER,POSITIVE,2021,
"48 new hospitals, 50,000 more nurses, 50 million more GP appointments, 40 new diagnostic centers.",38,69,50 million more GP appointments,IDENTITY_MARKER,POSITIVE,2021,
"48 new hospitals, 50,000 more nurses, 50 million more GP appointments, 40 new diagnostic centers.",71,96,40 new diagnostic centers,IDENTITY_MARKER,POSITIVE,2021,
"And fixing those backlogs with real change, because the pandemic not only put colossal pressure on the NHS, it was a lightning flash illumination of a problem we have failed to address for decades.",11,25,those backlogs,IDENTITY_MARKER,NEGATIVE,2021,
"And fixing those backlogs with real change, because the pandemic not only put colossal pressure on the NHS, it was a lightning flash illumination of a problem we have failed to address for decades.",52,64,the pandemic,IDENTITY_MARKER,NEGATIVE,2021,
"And fixing those backlogs with real change, because the pandemic not only put colossal pressure on the NHS, it was a lightning flash illumination of a problem we have failed to address for decades.",99,106,the NHS,IDENTITY_MARKER,POSITIVE,2021,
"And fixing those backlogs with real change, because the pandemic not only put colossal pressure on the NHS, it was a lightning flash illumination of a problem we have failed to address for decades.",149,158,a problem,IDENTITY_MARKER,NEGATIVE,2021,
"And fixing those backlogs with real change, because the pandemic not only put colossal pressure on the NHS, it was a lightning flash illumination of a problem we have failed to address for decades.",159,161,we,PRONOUN,NEGATIVE,2021,
"In 1948, this country created the National Health Service but kept social care local.",9,21,this country,IDENTITY_MARKER,POSITIVE,2021,
"In 1948, this country created the National Health Service but kept social care local.",30,57,the National Health Service,IDENTITY_MARKER,POSITIVE,2021,
"In 1948, this country created the National Health Service but kept social care local.",67,78,social care,IDENTITY_MARKER,NEUTRAL,2021,
"And though that made sense in many ways, generations of older people have found themselves lost in the gap.",11,15,that,IDENTITY_MARKER,POSITIVE,2021,
"And though that made sense in many ways, generations of older people have found themselves lost in the gap.",41,68,generations of older people,IDENTITY_MARKER,POSITIVE,2021,
"And though that made sense in many ways, generations of older people have found themselves lost in the gap.",80,90,themselves,IDENTITY_MARKER,POSITIVE,2021,
"And though that made sense in many ways, generations of older people have found themselves lost in the gap.",99,106,the gap,IDENTITY_MARKER,NEGATIVE,2021,
"When COVID broke, the 100,000 beds in the NHS and 30,000 occupied by people who could have been cared for elsewhere, whether at home or in residential care.",5,10,COVID,IDENTITY_MARKER,NEUTRAL,2021,
"When COVID broke, the 100,000 beds in the NHS and 30,000 occupied by people who could have been cared for elsewhere, whether at home or in residential care.",18,34,"the 100,000 beds",IDENTITY_MARKER,NEUTRAL,2021,
"When COVID broke, the 100,000 beds in the NHS and 30,000 occupied by people who could have been cared for elsewhere, whether at home or in residential care.",38,45,the NHS,IDENTITY_MARKER,NEUTRAL,2021,
"When COVID broke, the 100,000 beds in the NHS and 30,000 occupied by people who could have been cared for elsewhere, whether at home or in residential care.",50,56,"30,000",IDENTITY_MARKER,NEUTRAL,2021,
"When COVID broke, the 100,000 beds in the NHS and 30,000 occupied by people who could have been cared for elsewhere, whether at home or in residential care.",69,75,people,IDENTITY_MARKER,NEUTRAL,2021,
"When COVID broke, the 100,000 beds in the NHS and 30,000 occupied by people who could have been cared for elsewhere, whether at home or in residential care.",106,115,elsewhere,IDENTITY_MARKER,POSITIVE,2021,
"When COVID broke, the 100,000 beds in the NHS and 30,000 occupied by people who could have been cared for elsewhere, whether at home or in residential care.",128,132,home,IDENTITY_MARKER,POSITIVE,2021,
"When COVID broke, the 100,000 beds in the NHS and 30,000 occupied by people who could have been cared for elsewhere, whether at home or in residential care.",139,155,residential care,IDENTITY_MARKER,POSITIVE,2021,
And we all know that this problem of delayed discharge is one of the major reasons why it takes too long to get the hospital treatment that your family desperately need.,4,6,we,PRONOUN,POSITIVE,2021,
And we all know that this problem of delayed discharge is one of the major reasons why it takes too long to get the hospital treatment that your family desperately need.,21,54,this problem of delayed discharge,IDENTITY_MARKER,NEGATIVE,2021,
And we all know that this problem of delayed discharge is one of the major reasons why it takes too long to get the hospital treatment that your family desperately need.,87,89,it,PRONOUN,NEGATIVE,2021,
And we all know that this problem of delayed discharge is one of the major reasons why it takes too long to get the hospital treatment that your family desperately need.,112,134,the hospital treatment,IDENTITY_MARKER,POSITIVE,2021,
And we all know that this problem of delayed discharge is one of the major reasons why it takes too long to get the hospital treatment that your family desperately need.,140,151,your family,IDENTITY_MARKER,POSITIVE,2021,
"And people worry that they will be the 1 in 10 to suffer from the potentially catastrophic cost of dementia, wiping out everything they have and preventing them from passing on anything to their families.",4,10,people,IDENTITY_MARKER,NEUTRAL,2021,
"And people worry that they will be the 1 in 10 to suffer from the potentially catastrophic cost of dementia, wiping out everything they have and preventing them from passing on anything to their families.",22,26,they,PRONOUN,NEUTRAL,2021,
"And people worry that they will be the 1 in 10 to suffer from the potentially catastrophic cost of dementia, wiping out everything they have and preventing them from passing on anything to their families.",35,46,the 1 in 10,IDENTITY_MARKER,POSITIVE,2021,
"And people worry that they will be the 1 in 10 to suffer from the potentially catastrophic cost of dementia, wiping out everything they have and preventing them from passing on anything to their families.",99,107,dementia,IDENTITY_MARKER,NEGATIVE,2021,
"And people worry that they will be the 1 in 10 to suffer from the potentially catastrophic cost of dementia, wiping out everything they have and preventing them from passing on anything to their families.",131,135,they,PRONOUN,POSITIVE,2021,
"And people worry that they will be the 1 in 10 to suffer from the potentially catastrophic cost of dementia, wiping out everything they have and preventing them from passing on anything to their families.",156,160,them,PRONOUN,POSITIVE,2021,
"And people worry that they will be the 1 in 10 to suffer from the potentially catastrophic cost of dementia, wiping out everything they have and preventing them from passing on anything to their families.",189,203,their families,IDENTITY_MARKER,POSITIVE,2021,
"And we Conservatives stand by those who have shared our values, thrift and hard work, and who face total destitution in this brutal lottery of old age, in which treatment for cancer is funded by the state and care for Alzheimer's is not, or only partly.",4,20,we Conservatives,IDENTITY_MARKER,POSITIVE,2021,
"And we Conservatives stand by those who have shared our values, thrift and hard work, and who face total destitution in this brutal lottery of old age, in which treatment for cancer is funded by the state and care for Alzheimer's is not, or only partly.",30,35,those,IDENTITY_MARKER,POSITIVE,2021,
"And we Conservatives stand by those who have shared our values, thrift and hard work, and who face total destitution in this brutal lottery of old age, in which treatment for cancer is funded by the state and care for Alzheimer's is not, or only partly.",52,62,our values,IDENTITY_MARKER,POSITIVE,2021,
"And we Conservatives stand by those who have shared our values, thrift and hard work, and who face total destitution in this brutal lottery of old age, in which treatment for cancer is funded by the state and care for Alzheimer's is not, or only partly.",64,70,thrift,IDENTITY_MARKER,POSITIVE,2021,
"And we Conservatives stand by those who have shared our values, thrift and hard work, and who face total destitution in this brutal lottery of old age, in which treatment for cancer is funded by the state and care for Alzheimer's is not, or only partly.",75,84,hard work,IDENTITY_MARKER,POSITIVE,2021,
"And we Conservatives stand by those who have shared our values, thrift and hard work, and who face total destitution in this brutal lottery of old age, in which treatment for cancer is funded by the state and care for Alzheimer's is not, or only partly.",120,150,this brutal lottery of old age,IDENTITY_MARKER,NEGATIVE,2021,
"And we Conservatives stand by those who have shared our values, thrift and hard work, and who face total destitution in this brutal lottery of old age, in which treatment for cancer is funded by the state and care for Alzheimer's is not, or only partly.",195,204,the state,IDENTITY_MARKER,NEUTRAL,2021,
"And we Conservatives stand by those who have shared our values, thrift and hard work, and who face total destitution in this brutal lottery of old age, in which treatment for cancer is funded by the state and care for Alzheimer's is not, or only partly.",218,229,Alzheimer's,IDENTITY_MARKER,POSITIVE,2021,
"And to fix these twin problems of the NHS and social care, we aren't just going to siphon billions of new taxes into crucial services without improving performance.",11,30,these twin problems,IDENTITY_MARKER,NEGATIVE,2021,
"And to fix these twin problems of the NHS and social care, we aren't just going to siphon billions of new taxes into crucial services without improving performance.",34,41,the NHS,IDENTITY_MARKER,NEGATIVE,2021,
"And to fix these twin problems of the NHS and social care, we aren't just going to siphon billions of new taxes into crucial services without improving performance.",46,57,social care,IDENTITY_MARKER,NEGATIVE,2021,
"And to fix these twin problems of the NHS and social care, we aren't just going to siphon billions of new taxes into crucial services without improving performance.",59,61,we,PRONOUN,POSITIVE,2021,
"And to fix these twin problems of the NHS and social care, we aren't just going to siphon billions of new taxes into crucial services without improving performance.",90,111,billions of new taxes,IDENTITY_MARKER,NEGATIVE,2021,
"And to fix these twin problems of the NHS and social care, we aren't just going to siphon billions of new taxes into crucial services without improving performance.",117,133,crucial services,IDENTITY_MARKER,POSITIVE,2021,
"We will use new technology so that there is a single set of electronic records as patients pass between health and social care, improving care, and ensuring that cash goes to the front line and not on needless bureaucracy.",0,2,We,PRONOUN,POSITIVE,2021,
"We will use new technology so that there is a single set of electronic records as patients pass between health and social care, improving care, and ensuring that cash goes to the front line and not on needless bureaucracy.",12,26,new technology,IDENTITY_MARKER,POSITIVE,2021,
"We will use new technology so that there is a single set of electronic records as patients pass between health and social care, improving care, and ensuring that cash goes to the front line and not on needless bureaucracy.",44,78,a single set of electronic records,IDENTITY_MARKER,POSITIVE,2021,
"We will use new technology so that there is a single set of electronic records as patients pass between health and social care, improving care, and ensuring that cash goes to the front line and not on needless bureaucracy.",82,90,patients,IDENTITY_MARKER,NEUTRAL,2021,
"We will use new technology so that there is a single set of electronic records as patients pass between health and social care, improving care, and ensuring that cash goes to the front line and not on needless bureaucracy.",104,126,health and social care,IDENTITY_MARKER,NEUTRAL,2021,
"We will use new technology so that there is a single set of electronic records as patients pass between health and social care, improving care, and ensuring that cash goes to the front line and not on needless bureaucracy.",162,166,cash,IDENTITY_MARKER,POSITIVE,2021,
"We will use new technology so that there is a single set of electronic records as patients pass between health and social care, improving care, and ensuring that cash goes to the front line and not on needless bureaucracy.",175,189,the front line,IDENTITY_MARKER,POSITIVE,2021,
"We will use new technology so that there is a single set of electronic records as patients pass between health and social care, improving care, and ensuring that cash goes to the front line and not on needless bureaucracy.",201,221,needless bureaucracy,IDENTITY_MARKER,NEGATIVE,2021,
"When I stood on the steps of Downing Street, I promised to fix this crisis.",16,43,the steps of Downing Street,IDENTITY_MARKER,NEUTRAL,2021,
"When I stood on the steps of Downing Street, I promised to fix this crisis.",63,74,this crisis,IDENTITY_MARKER,NEGATIVE,2021,
"And after decades of drift and dither, this reforming government, this can-do government, this government that got Brexit done, that's getting the COVID vaccine roll out done, is going to get social care done and we are going to deal with the biggest underlying issues of our economy and society.",21,37,drift and dither,IDENTITY_MARKER,NEGATIVE,2021,
"And after decades of drift and dither, this reforming government, this can-do government, this government that got Brexit done, that's getting the COVID vaccine roll out done, is going to get social care done and we are going to deal with the biggest underlying issues of our economy and society.",39,64,this reforming government,IDENTITY_MARKER,POSITIVE,2021,
"And after decades of drift and dither, this reforming government, this can-do government, this government that got Brexit done, that's getting the COVID vaccine roll out done, is going to get social care done and we are going to deal with the biggest underlying issues of our economy and society.",66,88,this can-do government,IDENTITY_MARKER,POSITIVE,2021,
"And after decades of drift and dither, this reforming government, this can-do government, this government that got Brexit done, that's getting the COVID vaccine roll out done, is going to get social care done and we are going to deal with the biggest underlying issues of our economy and society.",90,105,this government,IDENTITY_MARKER,POSITIVE,2021,
"And after decades of drift and dither, this reforming government, this can-do government, this government that got Brexit done, that's getting the COVID vaccine roll out done, is going to get social care done and we are going to deal with the biggest underlying issues of our economy and society.",115,121,Brexit,IDENTITY_MARKER,POSITIVE,2021,
"And after decades of drift and dither, this reforming government, this can-do government, this government that got Brexit done, that's getting the COVID vaccine roll out done, is going to get social care done and we are going to deal with the biggest underlying issues of our economy and society.",143,160,the COVID vaccine,IDENTITY_MARKER,POSITIVE,2021,
"And after decades of drift and dither, this reforming government, this can-do government, this government that got Brexit done, that's getting the COVID vaccine roll out done, is going to get social care done and we are going to deal with the biggest underlying issues of our economy and society.",192,203,social care,IDENTITY_MARKER,POSITIVE,2021,
"And after decades of drift and dither, this reforming government, this can-do government, this government that got Brexit done, that's getting the COVID vaccine roll out done, is going to get social care done and we are going to deal with the biggest underlying issues of our economy and society.",213,215,we,PRONOUN,POSITIVE,2021,
"And after decades of drift and dither, this reforming government, this can-do government, this government that got Brexit done, that's getting the COVID vaccine roll out done, is going to get social care done and we are going to deal with the biggest underlying issues of our economy and society.",239,295,the biggest underlying issues of our economy and society,IDENTITY_MARKER,NEGATIVE,2021,
The problems no government has had the guts to tackle before.,13,26,no government,IDENTITY_MARKER,NEGATIVE,2021,
The problems no government has had the guts to tackle before.,35,43,the guts,IDENTITY_MARKER,POSITIVE,2021,
"And I mean the long term, structural weaknesses in the UK economy.",11,47,"the long term, structural weaknesses",IDENTITY_MARKER,NEGATIVE,2021,
"And I mean the long term, structural weaknesses in the UK economy.",51,65,the UK economy,IDENTITY_MARKER,NEUTRAL,2021,
It's thanks to the vaccine rollout that we now have the most open economy and the fastest growth in the GCEP.,15,34,the vaccine rollout,IDENTITY_MARKER,POSITIVE,2021,
It's thanks to the vaccine rollout that we now have the most open economy and the fastest growth in the GCEP.,40,42,we,PRONOUN,POSITIVE,2021,
It's thanks to the vaccine rollout that we now have the most open economy and the fastest growth in the GCEP.,52,73,the most open economy,IDENTITY_MARKER,POSITIVE,2021,
It's thanks to the vaccine rollout that we now have the most open economy and the fastest growth in the GCEP.,78,96,the fastest growth,IDENTITY_MARKER,POSITIVE,2021,
It's thanks to the vaccine rollout that we now have the most open economy and the fastest growth in the GCEP.,100,108,the GCEP,IDENTITY_MARKER,NEUTRAL,2021,
We have unemployment 2 million lower than forecast.,0,2,We,PRONOUN,POSITIVE,2021,
We have unemployment 2 million lower than forecast.,8,20,unemployment,IDENTITY_MARKER,NEGATIVE,2021,
"We have demand surging, and I'm pleased to say that after years of stagnation, more than a decade, wages are going up faster than before the pandemic began.",0,2,We,PRONOUN,POSITIVE,2021,
"We have demand surging, and I'm pleased to say that after years of stagnation, more than a decade, wages are going up faster than before the pandemic began.",8,14,demand,IDENTITY_MARKER,POSITIVE,2021,
"We have demand surging, and I'm pleased to say that after years of stagnation, more than a decade, wages are going up faster than before the pandemic began.",99,104,wages,IDENTITY_MARKER,POSITIVE,2021,
"We have demand surging, and I'm pleased to say that after years of stagnation, more than a decade, wages are going up faster than before the pandemic began.",137,149,the pandemic,IDENTITY_MARKER,NEGATIVE,2021,
And that matters deeply because we are embarking now on a change of direction that has been long overdue in the UK economy.,32,34,we,PRONOUN,POSITIVE,2021,
And that matters deeply because we are embarking now on a change of direction that has been long overdue in the UK economy.,56,77,a change of direction,IDENTITY_MARKER,POSITIVE,2021,
And that matters deeply because we are embarking now on a change of direction that has been long overdue in the UK economy.,108,122,the UK economy,IDENTITY_MARKER,NEUTRAL,2021,
"We're not going back to the same old broken model with low wages, low growth, low skills and low productivity, all of it enabled and assisted by uncontrolled immigration.",0,2,We,PRONOUN,POSITIVE,2021,
"We're not going back to the same old broken model with low wages, low growth, low skills and low productivity, all of it enabled and assisted by uncontrolled immigration.",24,49,the same old broken model,IDENTITY_MARKER,NEGATIVE,2021,
"We're not going back to the same old broken model with low wages, low growth, low skills and low productivity, all of it enabled and assisted by uncontrolled immigration.",55,64,low wages,IDENTITY_MARKER,NEGATIVE,2021,
"We're not going back to the same old broken model with low wages, low growth, low skills and low productivity, all of it enabled and assisted by uncontrolled immigration.",66,76,low growth,IDENTITY_MARKER,NEGATIVE,2021,
"We're not going back to the same old broken model with low wages, low growth, low skills and low productivity, all of it enabled and assisted by uncontrolled immigration.",78,88,low skills,IDENTITY_MARKER,NEGATIVE,2021,
"We're not going back to the same old broken model with low wages, low growth, low skills and low productivity, all of it enabled and assisted by uncontrolled immigration.",93,109,low productivity,IDENTITY_MARKER,NEGATIVE,2021,
"We're not going back to the same old broken model with low wages, low growth, low skills and low productivity, all of it enabled and assisted by uncontrolled immigration.",111,120,all of it,IDENTITY_MARKER,NEGATIVE,2021,
"We're not going back to the same old broken model with low wages, low growth, low skills and low productivity, all of it enabled and assisted by uncontrolled immigration.",145,169,uncontrolled immigration,IDENTITY_MARKER,NEGATIVE,2021,
"And the answer to the present stresses and strains, which are mainly a function of growth and economic revival, is not to reach for that same old lever of uncontrolled immigration to keep wages low.",4,14,the answer,IDENTITY_MARKER,POSITIVE,2021,
"And the answer to the present stresses and strains, which are mainly a function of growth and economic revival, is not to reach for that same old lever of uncontrolled immigration to keep wages low.",18,50,the present stresses and strains,IDENTITY_MARKER,NEGATIVE,2021,
"And the answer to the present stresses and strains, which are mainly a function of growth and economic revival, is not to reach for that same old lever of uncontrolled immigration to keep wages low.",83,89,growth,IDENTITY_MARKER,POSITIVE,2021,
"And the answer to the present stresses and strains, which are mainly a function of growth and economic revival, is not to reach for that same old lever of uncontrolled immigration to keep wages low.",94,110,economic revival,IDENTITY_MARKER,POSITIVE,2021,
"And the answer to the present stresses and strains, which are mainly a function of growth and economic revival, is not to reach for that same old lever of uncontrolled immigration to keep wages low.",132,151,that same old lever,IDENTITY_MARKER,NEGATIVE,2021,
"And the answer to the present stresses and strains, which are mainly a function of growth and economic revival, is not to reach for that same old lever of uncontrolled immigration to keep wages low.",155,179,uncontrolled immigration,IDENTITY_MARKER,NEGATIVE,2021,
"And the answer to the present stresses and strains, which are mainly a function of growth and economic revival, is not to reach for that same old lever of uncontrolled immigration to keep wages low.",188,193,wages,IDENTITY_MARKER,NEUTRAL,2021,
"The answer is to control immigration, to allow people of talent to come to this country, but not to use immigration as an excuse for failure to invest in people, in skills, and in the equipment, the facilities, the machinery.",0,10,The answer,IDENTITY_MARKER,POSITIVE,2021,
"The answer is to control immigration, to allow people of talent to come to this country, but not to use immigration as an excuse for failure to invest in people, in skills, and in the equipment, the facilities, the machinery.",25,36,immigration,IDENTITY_MARKER,NEGATIVE,2021,
"The answer is to control immigration, to allow people of talent to come to this country, but not to use immigration as an excuse for failure to invest in people, in skills, and in the equipment, the facilities, the machinery.",47,63,people of talent,IDENTITY_MARKER,POSITIVE,2021,
"The answer is to control immigration, to allow people of talent to come to this country, but not to use immigration as an excuse for failure to invest in people, in skills, and in the equipment, the facilities, the machinery.",75,87,this country,IDENTITY_MARKER,POSITIVE,2021,
"The answer is to control immigration, to allow people of talent to come to this country, but not to use immigration as an excuse for failure to invest in people, in skills, and in the equipment, the facilities, the machinery.",104,115,immigration,IDENTITY_MARKER,NEGATIVE,2021,
"The answer is to control immigration, to allow people of talent to come to this country, but not to use immigration as an excuse for failure to invest in people, in skills, and in the equipment, the facilities, the machinery.",154,160,people,IDENTITY_MARKER,POSITIVE,2021,
"The answer is to control immigration, to allow people of talent to come to this country, but not to use immigration as an excuse for failure to invest in people, in skills, and in the equipment, the facilities, the machinery.",165,171,skills,IDENTITY_MARKER,POSITIVE,2021,
"The answer is to control immigration, to allow people of talent to come to this country, but not to use immigration as an excuse for failure to invest in people, in skills, and in the equipment, the facilities, the machinery.",184,193,equipment,IDENTITY_MARKER,POSITIVE,2021,
"The answer is to control immigration, to allow people of talent to come to this country, but not to use immigration as an excuse for failure to invest in people, in skills, and in the equipment, the facilities, the machinery.",199,209,facilities,IDENTITY_MARKER,POSITIVE,2021,
"The answer is to control immigration, to allow people of talent to come to this country, but not to use immigration as an excuse for failure to invest in people, in skills, and in the equipment, the facilities, the machinery.",215,224,machinery,IDENTITY_MARKER,POSITIVE,2021,
"Or in the machinery, the facilities they need do their jobs.",6,19,the machinery,IDENTITY_MARKER,NEUTRAL,2021,
"Or in the machinery, the facilities they need do their jobs.",21,35,the facilities,IDENTITY_MARKER,NEUTRAL,2021,
"Or in the machinery, the facilities they need do their jobs.",36,40,they,PRONOUN,POSITIVE,2021,
"Or in the machinery, the facilities they need do their jobs.",49,59,their jobs,IDENTITY_MARKER,NEUTRAL,2021,
"The truck stops, to pick an example entirely at random, with basic facilities where you don't have to urinate in the bushes.",0,15,The truck stops,IDENTITY_MARKER,NEUTRAL,2021,
"The truck stops, to pick an example entirely at random, with basic facilities where you don't have to urinate in the bushes.",61,77,basic facilities,IDENTITY_MARKER,NEGATIVE,2021,
"The truck stops, to pick an example entirely at random, with basic facilities where you don't have to urinate in the bushes.",84,87,you,PRONOUN,POSITIVE,2021,
"The truck stops, to pick an example entirely at random, with basic facilities where you don't have to urinate in the bushes.",113,123,the bushes,IDENTITY_MARKER,NEGATIVE,2021,
"And that is the direction in which this country is going now, towards a high wage, high skill, high productivity, and yes, thereby a low tax economy, that that is what the people in this country need and deserve.",12,25,the direction,IDENTITY_MARKER,POSITIVE,2021,
"And that is the direction in which this country is going now, towards a high wage, high skill, high productivity, and yes, thereby a low tax economy, that that is what the people in this country need and deserve.",35,47,this country,IDENTITY_MARKER,POSITIVE,2021,
"And that is the direction in which this country is going now, towards a high wage, high skill, high productivity, and yes, thereby a low tax economy, that that is what the people in this country need and deserve.",72,81,high wage,IDENTITY_MARKER,POSITIVE,2021,
"And that is the direction in which this country is going now, towards a high wage, high skill, high productivity, and yes, thereby a low tax economy, that that is what the people in this country need and deserve.",83,93,high skill,IDENTITY_MARKER,POSITIVE,2021,
"And that is the direction in which this country is going now, towards a high wage, high skill, high productivity, and yes, thereby a low tax economy, that that is what the people in this country need and deserve.",95,112,high productivity,IDENTITY_MARKER,POSITIVE,2021,
"And that is the direction in which this country is going now, towards a high wage, high skill, high productivity, and yes, thereby a low tax economy, that that is what the people in this country need and deserve.",131,148,a low tax economy,IDENTITY_MARKER,POSITIVE,2021,
"And that is the direction in which this country is going now, towards a high wage, high skill, high productivity, and yes, thereby a low tax economy, that that is what the people in this country need and deserve.",168,178,the people,IDENTITY_MARKER,POSITIVE,2021,
"And that is the direction in which this country is going now, towards a high wage, high skill, high productivity, and yes, thereby a low tax economy, that that is what the people in this country need and deserve.",182,194,this country,IDENTITY_MARKER,NEUTRAL,2021,
In which everyone can take pride in their work and in the quality of their work.,9,17,everyone,IDENTITY_MARKER,POSITIVE,2021,
In which everyone can take pride in their work and in the quality of their work.,36,46,their work,IDENTITY_MARKER,POSITIVE,2021,
In which everyone can take pride in their work and in the quality of their work.,54,79,the quality of their work,IDENTITY_MARKER,POSITIVE,2021,
"And yes, it will take time and sometimes it will be difficult, but that was the change that people voted for in 2016.",9,11,it,PRONOUN,POSITIVE,2021,
"And yes, it will take time and sometimes it will be difficult, but that was the change that people voted for in 2016.",41,43,it,PRONOUN,POSITIVE,2021,
"And yes, it will take time and sometimes it will be difficult, but that was the change that people voted for in 2016.",67,71,that,IDENTITY_MARKER,POSITIVE,2021,
"And yes, it will take time and sometimes it will be difficult, but that was the change that people voted for in 2016.",76,86,the change,IDENTITY_MARKER,POSITIVE,2021,
"And yes, it will take time and sometimes it will be difficult, but that was the change that people voted for in 2016.",92,98,people,IDENTITY_MARKER,POSITIVE,2021,
"And that was the change that people voted for again, powerfully in 2019.",4,8,that,IDENTITY_MARKER,POSITIVE,2021,
"And that was the change that people voted for again, powerfully in 2019.",13,23,the change,IDENTITY_MARKER,POSITIVE,2021,
"And that was the change that people voted for again, powerfully in 2019.",29,35,people,IDENTITY_MARKER,POSITIVE,2021,
"And to deliver that change, we will get on with our job of uniting and leveling up across the UK, the greatest project that any government can embark on.",15,26,that change,IDENTITY_MARKER,POSITIVE,2021,
"And to deliver that change, we will get on with our job of uniting and leveling up across the UK, the greatest project that any government can embark on.",28,30,we,PRONOUN,POSITIVE,2021,
"And to deliver that change, we will get on with our job of uniting and leveling up across the UK, the greatest project that any government can embark on.",48,55,our job,IDENTITY_MARKER,POSITIVE,2021,
"And to deliver that change, we will get on with our job of uniting and leveling up across the UK, the greatest project that any government can embark on.",59,66,uniting,IDENTITY_MARKER,POSITIVE,2021,
"And to deliver that change, we will get on with our job of uniting and leveling up across the UK, the greatest project that any government can embark on.",71,82,leveling up,IDENTITY_MARKER,POSITIVE,2021,
"And to deliver that change, we will get on with our job of uniting and leveling up across the UK, the greatest project that any government can embark on.",90,96,the UK,IDENTITY_MARKER,POSITIVE,2021,
"And to deliver that change, we will get on with our job of uniting and leveling up across the UK, the greatest project that any government can embark on.",98,118,the greatest project,IDENTITY_MARKER,POSITIVE,2021,
"And to deliver that change, we will get on with our job of uniting and leveling up across the UK, the greatest project that any government can embark on.",124,138,any government,IDENTITY_MARKER,POSITIVE,2021,
We have one of the most imbalanced societies and lopsided economies of all the richer countries.,0,2,We,PRONOUN,NEGATIVE,2021,
We have one of the most imbalanced societies and lopsided economies of all the richer countries.,8,67,one of the most imbalanced societies and lopsided economies,IDENTITY_MARKER,NEGATIVE,2021,
We have one of the most imbalanced societies and lopsided economies of all the richer countries.,71,95,all the richer countries,IDENTITY_MARKER,NEUTRAL,2021,
"It's not just that there's a gap between London and the Southeast and the rest of the country, there are aching gaps within the regions themselves.",27,32,a gap,IDENTITY_MARKER,NEGATIVE,2021,
"It's not just that there's a gap between London and the Southeast and the rest of the country, there are aching gaps within the regions themselves.",41,47,London,IDENTITY_MARKER,POSITIVE,2021,
"It's not just that there's a gap between London and the Southeast and the rest of the country, there are aching gaps within the regions themselves.",52,65,the Southeast,IDENTITY_MARKER,POSITIVE,2021,
"It's not just that there's a gap between London and the Southeast and the rest of the country, there are aching gaps within the regions themselves.",70,93,the rest of the country,IDENTITY_MARKER,POSITIVE,2021,
"It's not just that there's a gap between London and the Southeast and the rest of the country, there are aching gaps within the regions themselves.",105,116,aching gaps,IDENTITY_MARKER,NEGATIVE,2021,
"It's not just that there's a gap between London and the Southeast and the rest of the country, there are aching gaps within the regions themselves.",124,146,the regions themselves,IDENTITY_MARKER,POSITIVE,2021,
What monkey glands are they applying in Ribble Valley?,5,18,monkey glands,IDENTITY_MARKER,NEGATIVE,2021,
What monkey glands are they applying in Ribble Valley?,23,27,they,PRONOUN,NEGATIVE,2021,
What monkey glands are they applying in Ribble Valley?,40,53,Ribble Valley,IDENTITY_MARKER,NEUTRAL,2021,
"What royal jelly are they eating, that they live seven years longer than the people of Blackpool, only 33 miles away?",5,16,royal jelly,IDENTITY_MARKER,POSITIVE,2021,
"What royal jelly are they eating, that they live seven years longer than the people of Blackpool, only 33 miles away?",21,25,they,PRONOUN,POSITIVE,2021,
"What royal jelly are they eating, that they live seven years longer than the people of Blackpool, only 33 miles away?",39,43,they,PRONOUN,POSITIVE,2021,
"What royal jelly are they eating, that they live seven years longer than the people of Blackpool, only 33 miles away?",73,96,the people of Blackpool,IDENTITY_MARKER,POSITIVE,2021,
Why does half of York's population boast a degree and only a quarter of Doncaster's?,9,34,half of York's population,IDENTITY_MARKER,NEUTRAL,2021,
Why does half of York's population boast a degree and only a quarter of Doncaster's?,41,49,a degree,IDENTITY_MARKER,POSITIVE,2021,
Why does half of York's population boast a degree and only a quarter of Doncaster's?,59,81,a quarter of Doncaster,IDENTITY_MARKER,NEUTRAL,2021,
"That is not just a question of social justice, it is an appalling waste of potential.",0,4,That,IDENTITY_MARKER,NEUTRAL,2021,
"That is not just a question of social justice, it is an appalling waste of potential.",31,45,social justice,IDENTITY_MARKER,POSITIVE,2021,
"That is not just a question of social justice, it is an appalling waste of potential.",47,49,it,PRONOUN,NEGATIVE,2021,
"That is not just a question of social justice, it is an appalling waste of potential.",75,84,potential,IDENTITY_MARKER,POSITIVE,2021,
And it is holding this country back.,4,6,it,PRONOUN,NEGATIVE,2021,
And it is holding this country back.,18,30,this country,IDENTITY_MARKER,POSITIVE,2021,
"Because there is no reason why the inhabitants of one part of the country should be geographically fated to be poorer than others, or why people should feel they have to move away from their loved ones or communities to reach their potential.",31,73,the inhabitants of one part of the country,IDENTITY_MARKER,NEUTRAL,2021,
"Because there is no reason why the inhabitants of one part of the country should be geographically fated to be poorer than others, or why people should feel they have to move away from their loved ones or communities to reach their potential.",123,129,others,IDENTITY_MARKER,NEGATIVE,2021,
"Because there is no reason why the inhabitants of one part of the country should be geographically fated to be poorer than others, or why people should feel they have to move away from their loved ones or communities to reach their potential.",138,144,people,IDENTITY_MARKER,POSITIVE,2021,
"Because there is no reason why the inhabitants of one part of the country should be geographically fated to be poorer than others, or why people should feel they have to move away from their loved ones or communities to reach their potential.",157,161,they,PRONOUN,POSITIVE,2021,
"Because there is no reason why the inhabitants of one part of the country should be geographically fated to be poorer than others, or why people should feel they have to move away from their loved ones or communities to reach their potential.",185,201,their loved ones,IDENTITY_MARKER,POSITIVE,2021,
"Because there is no reason why the inhabitants of one part of the country should be geographically fated to be poorer than others, or why people should feel they have to move away from their loved ones or communities to reach their potential.",205,216,communities,IDENTITY_MARKER,POSITIVE,2021,
"Because there is no reason why the inhabitants of one part of the country should be geographically fated to be poorer than others, or why people should feel they have to move away from their loved ones or communities to reach their potential.",226,241,their potential,IDENTITY_MARKER,POSITIVE,2021,
"When Thomas Gray stood in that country churchyard in 1750 and wrote his famous elegy as the curfew toll the knell of parting day, he lamented the wasted talents of those buried around him, the flowers born to blush unseen, the mute inglorious Miltons, who never wrote a poem because they never got to read.",5,16,Thomas Gray,IDENTITY_MARKER,NEUTRAL,2021,
"When Thomas Gray stood in that country churchyard in 1750 and wrote his famous elegy as the curfew toll the knell of parting day, he lamented the wasted talents of those buried around him, the flowers born to blush unseen, the mute inglorious Miltons, who never wrote a poem because they never got to read.",26,49,that country churchyard,IDENTITY_MARKER,NEUTRAL,2021,
"When Thomas Gray stood in that country churchyard in 1750 and wrote his famous elegy as the curfew toll the knell of parting day, he lamented the wasted talents of those buried around him, the flowers born to blush unseen, the mute inglorious Miltons, who never wrote a poem because they never got to read.",68,84,his famous elegy,IDENTITY_MARKER,POSITIVE,2021,
"When Thomas Gray stood in that country churchyard in 1750 and wrote his famous elegy as the curfew toll the knell of parting day, he lamented the wasted talents of those buried around him, the flowers born to blush unseen, the mute inglorious Miltons, who never wrote a poem because they never got to read.",88,98,the curfew,IDENTITY_MARKER,NEUTRAL,2021,
"When Thomas Gray stood in that country churchyard in 1750 and wrote his famous elegy as the curfew toll the knell of parting day, he lamented the wasted talents of those buried around him, the flowers born to blush unseen, the mute inglorious Miltons, who never wrote a poem because they never got to read.",104,128,the knell of parting day,IDENTITY_MARKER,NEUTRAL,2021,
"When Thomas Gray stood in that country churchyard in 1750 and wrote his famous elegy as the curfew toll the knell of parting day, he lamented the wasted talents of those buried around him, the flowers born to blush unseen, the mute inglorious Miltons, who never wrote a poem because they never got to read.",130,132,he,PRONOUN,NEUTRAL,2021,
"When Thomas Gray stood in that country churchyard in 1750 and wrote his famous elegy as the curfew toll the knell of parting day, he lamented the wasted talents of those buried around him, the flowers born to blush unseen, the mute inglorious Miltons, who never wrote a poem because they never got to read.",142,160,the wasted talents,IDENTITY_MARKER,NEGATIVE,2021,
"When Thomas Gray stood in that country churchyard in 1750 and wrote his famous elegy as the curfew toll the knell of parting day, he lamented the wasted talents of those buried around him, the flowers born to blush unseen, the mute inglorious Miltons, who never wrote a poem because they never got to read.",164,187,those buried around him,IDENTITY_MARKER,POSITIVE,2021,
"When Thomas Gray stood in that country churchyard in 1750 and wrote his famous elegy as the curfew toll the knell of parting day, he lamented the wasted talents of those buried around him, the flowers born to blush unseen, the mute inglorious Miltons, who never wrote a poem because they never got to read.",189,200,the flowers,IDENTITY_MARKER,NEUTRAL,2021,
"When Thomas Gray stood in that country churchyard in 1750 and wrote his famous elegy as the curfew toll the knell of parting day, he lamented the wasted talents of those buried around him, the flowers born to blush unseen, the mute inglorious Miltons, who never wrote a poem because they never got to read.",223,250,the mute inglorious Miltons,IDENTITY_MARKER,NEUTRAL,2021,
"When Thomas Gray stood in that country churchyard in 1750 and wrote his famous elegy as the curfew toll the knell of parting day, he lamented the wasted talents of those buried around him, the flowers born to blush unseen, the mute inglorious Miltons, who never wrote a poem because they never got to read.",268,274,a poem,IDENTITY_MARKER,POSITIVE,2021,
"When Thomas Gray stood in that country churchyard in 1750 and wrote his famous elegy as the curfew toll the knell of parting day, he lamented the wasted talents of those buried around him, the flowers born to blush unseen, the mute inglorious Miltons, who never wrote a poem because they never got to read.",283,287,they,PRONOUN,POSITIVE,2021,
The simple folk who died illiterate and enumerate.,0,15,The simple folk,IDENTITY_MARKER,POSITIVE,2021,
And he knew that that was an injustice.,4,6,he,PRONOUN,NEUTRAL,2021,
And he knew that that was an injustice.,17,21,that,IDENTITY_MARKER,NEGATIVE,2021,
"Let me ask you, maybe you know, where was he standing when he chewed his pensive quill?",11,14,you,PRONOUN,NEUTRAL,2021,
"Let me ask you, maybe you know, where was he standing when he chewed his pensive quill?",22,25,you,PRONOUN,POSITIVE,2021,
"Let me ask you, maybe you know, where was he standing when he chewed his pensive quill?",42,44,he,PRONOUN,NEUTRAL,2021,
"Let me ask you, maybe you know, where was he standing when he chewed his pensive quill?",59,61,he,PRONOUN,NEUTRAL,2021,
"Let me ask you, maybe you know, where was he standing when he chewed his pensive quill?",69,86,his pensive quill,IDENTITY_MARKER,NEUTRAL,2021,
Anybody know?,0,7,Anybody,IDENTITY_MARKER,NEUTRAL,2021,
Correct.,,,,,,2021,
"... Quill, anybody know?",4,9,Quill,IDENTITY_MARKER,NEUTRAL,2021,
"... Quill, anybody know?",11,18,anybody,IDENTITY_MARKER,NEUTRAL,2021,
He was right in front of you.,0,2,He,PRONOUN,NEUTRAL,2021,
He was right in front of you.,25,28,you,PRONOUN,NEUTRAL,2021,
He was standing in Stoke Poges.,0,2,He,PRONOUN,NEUTRAL,2021,
He was standing in Stoke Poges.,19,30,Stoke Poges,IDENTITY_MARKER,NEUTRAL,2021,
"My friends, there may be underprivileged parts of our country, but Stoke Poges is not now among them.",0,10,My friends,IDENTITY_MARKER,POSITIVE,2021,
"My friends, there may be underprivileged parts of our country, but Stoke Poges is not now among them.",25,61,underprivileged parts of our country,IDENTITY_MARKER,NEGATIVE,2021,
"My friends, there may be underprivileged parts of our country, but Stoke Poges is not now among them.",67,78,Stoke Poges,IDENTITY_MARKER,POSITIVE,2021,
"My friends, there may be underprivileged parts of our country, but Stoke Poges is not now among them.",96,100,them,IDENTITY_MARKER,NEGATIVE,2021,
"In fact, it was only recently determined by the Daily Telegraph, if you can't believe that, what can you believe, my friends, to be the eighth richest village in England.",9,11,it,PRONOUN,NEUTRAL,2021,
"In fact, it was only recently determined by the Daily Telegraph, if you can't believe that, what can you believe, my friends, to be the eighth richest village in England.",44,63,the Daily Telegraph,IDENTITY_MARKER,NEUTRAL,2021,
"In fact, it was only recently determined by the Daily Telegraph, if you can't believe that, what can you believe, my friends, to be the eighth richest village in England.",68,71,you,PRONOUN,NEUTRAL,2021,
"In fact, it was only recently determined by the Daily Telegraph, if you can't believe that, what can you believe, my friends, to be the eighth richest village in England.",86,90,that,IDENTITY_MARKER,NEUTRAL,2021,
"In fact, it was only recently determined by the Daily Telegraph, if you can't believe that, what can you believe, my friends, to be the eighth richest village in England.",101,104,you,PRONOUN,NEUTRAL,2021,
"In fact, it was only recently determined by the Daily Telegraph, if you can't believe that, what can you believe, my friends, to be the eighth richest village in England.",114,124,my friends,IDENTITY_MARKER,NEUTRAL,2021,
"In fact, it was only recently determined by the Daily Telegraph, if you can't believe that, what can you believe, my friends, to be the eighth richest village in England.",132,169,the eighth richest village in England,IDENTITY_MARKER,POSITIVE,2021,
"Since Gray eulogized, Buckinghamshire has leveled up to be among the most productive regions in the whole of Europe.",6,10,Gray,IDENTITY_MARKER,NEUTRAL,2021,
"Since Gray eulogized, Buckinghamshire has leveled up to be among the most productive regions in the whole of Europe.",22,37,Buckinghamshire,IDENTITY_MARKER,POSITIVE,2021,
"Since Gray eulogized, Buckinghamshire has leveled up to be among the most productive regions in the whole of Europe.",65,92,the most productive regions,IDENTITY_MARKER,POSITIVE,2021,
"Since Gray eulogized, Buckinghamshire has leveled up to be among the most productive regions in the whole of Europe.",96,115,the whole of Europe,IDENTITY_MARKER,NEUTRAL,2021,
"Stoke Poges may still, of course, have its problems, but they are overwhelmingly caused by the sheer lust of other people to live in or near Stoke Poges.",0,11,Stoke Poges,IDENTITY_MARKER,NEUTRAL,2021,
"Stoke Poges may still, of course, have its problems, but they are overwhelmingly caused by the sheer lust of other people to live in or near Stoke Poges.",39,51,its problems,IDENTITY_MARKER,NEGATIVE,2021,
"Stoke Poges may still, of course, have its problems, but they are overwhelmingly caused by the sheer lust of other people to live in or near Stoke Poges.",57,61,they,PRONOUN,NEGATIVE,2021,
"Stoke Poges may still, of course, have its problems, but they are overwhelmingly caused by the sheer lust of other people to live in or near Stoke Poges.",91,105,the sheer lust,IDENTITY_MARKER,NEGATIVE,2021,
"Stoke Poges may still, of course, have its problems, but they are overwhelmingly caused by the sheer lust of other people to live in or near Stoke Poges.",109,121,other people,IDENTITY_MARKER,NEGATIVE,2021,
"Stoke Poges may still, of course, have its problems, but they are overwhelmingly caused by the sheer lust of other people to live in or near Stoke Poges.",141,152,Stoke Poges,IDENTITY_MARKER,POSITIVE,2021,
"Overcrowded trains, endless commutes, two little time with the kids, the constant anxiety that your immemorial view of chalk downland is going be desecrated by ugly new homes.",0,18,Overcrowded trains,IDENTITY_MARKER,NEGATIVE,2021,
"Overcrowded trains, endless commutes, two little time with the kids, the constant anxiety that your immemorial view of chalk downland is going be desecrated by ugly new homes.",20,36,endless commutes,IDENTITY_MARKER,NEGATIVE,2021,
"Overcrowded trains, endless commutes, two little time with the kids, the constant anxiety that your immemorial view of chalk downland is going be desecrated by ugly new homes.",59,67,the kids,IDENTITY_MARKER,POSITIVE,2021,
"Overcrowded trains, endless commutes, two little time with the kids, the constant anxiety that your immemorial view of chalk downland is going be desecrated by ugly new homes.",69,89,the constant anxiety,IDENTITY_MARKER,NEGATIVE,2021,
"Overcrowded trains, endless commutes, two little time with the kids, the constant anxiety that your immemorial view of chalk downland is going be desecrated by ugly new homes.",95,124,your immemorial view of chalk,IDENTITY_MARKER,NEGATIVE,2021,
"Overcrowded trains, endless commutes, two little time with the kids, the constant anxiety that your immemorial view of chalk downland is going be desecrated by ugly new homes.",160,174,ugly new homes,IDENTITY_MARKER,NEGATIVE,2021,
"That is why leveling up works for the whole country, and it is the right and responsible policy because it helps to take the pressure off parts of the overheating Southeast while simultaneously offering hope and opportunity to those areas that have felt left behind.",0,4,That,IDENTITY_MARKER,NEUTRAL,2021,
"That is why leveling up works for the whole country, and it is the right and responsible policy because it helps to take the pressure off parts of the overheating Southeast while simultaneously offering hope and opportunity to those areas that have felt left behind.",12,23,leveling up,IDENTITY_MARKER,POSITIVE,2021,
"That is why leveling up works for the whole country, and it is the right and responsible policy because it helps to take the pressure off parts of the overheating Southeast while simultaneously offering hope and opportunity to those areas that have felt left behind.",34,51,the whole country,IDENTITY_MARKER,POSITIVE,2021,
"That is why leveling up works for the whole country, and it is the right and responsible policy because it helps to take the pressure off parts of the overheating Southeast while simultaneously offering hope and opportunity to those areas that have felt left behind.",57,59,it,PRONOUN,POSITIVE,2021,
"That is why leveling up works for the whole country, and it is the right and responsible policy because it helps to take the pressure off parts of the overheating Southeast while simultaneously offering hope and opportunity to those areas that have felt left behind.",63,95,the right and responsible policy,IDENTITY_MARKER,POSITIVE,2021,
"That is why leveling up works for the whole country, and it is the right and responsible policy because it helps to take the pressure off parts of the overheating Southeast while simultaneously offering hope and opportunity to those areas that have felt left behind.",104,106,it,PRONOUN,POSITIVE,2021,
"That is why leveling up works for the whole country, and it is the right and responsible policy because it helps to take the pressure off parts of the overheating Southeast while simultaneously offering hope and opportunity to those areas that have felt left behind.",121,133,the pressure,IDENTITY_MARKER,NEGATIVE,2021,
"That is why leveling up works for the whole country, and it is the right and responsible policy because it helps to take the pressure off parts of the overheating Southeast while simultaneously offering hope and opportunity to those areas that have felt left behind.",138,172,parts of the overheating Southeast,IDENTITY_MARKER,NEGATIVE,2021,
"That is why leveling up works for the whole country, and it is the right and responsible policy because it helps to take the pressure off parts of the overheating Southeast while simultaneously offering hope and opportunity to those areas that have felt left behind.",203,207,hope,IDENTITY_MARKER,POSITIVE,2021,
"That is why leveling up works for the whole country, and it is the right and responsible policy because it helps to take the pressure off parts of the overheating Southeast while simultaneously offering hope and opportunity to those areas that have felt left behind.",212,223,opportunity,IDENTITY_MARKER,POSITIVE,2021,
"That is why leveling up works for the whole country, and it is the right and responsible policy because it helps to take the pressure off parts of the overheating Southeast while simultaneously offering hope and opportunity to those areas that have felt left behind.",227,238,those areas,IDENTITY_MARKER,POSITIVE,2021,
"Let's be clear that there is a huge philosophical difference between us and Labour, because in their souls, they don't like leveling up.",69,71,us,PRONOUN,POSITIVE,2021,
"Let's be clear that there is a huge philosophical difference between us and Labour, because in their souls, they don't like leveling up.",76,82,Labour,IDENTITY_MARKER,NEGATIVE,2021,
"Let's be clear that there is a huge philosophical difference between us and Labour, because in their souls, they don't like leveling up.",95,106,their souls,IDENTITY_MARKER,NEGATIVE,2021,
"Let's be clear that there is a huge philosophical difference between us and Labour, because in their souls, they don't like leveling up.",108,112,they,PRONOUN,NEGATIVE,2021,
"Let's be clear that there is a huge philosophical difference between us and Labour, because in their souls, they don't like leveling up.",124,135,leveling up,IDENTITY_MARKER,POSITIVE,2021,
They don't like leveling up.,0,4,They,PRONOUN,NEGATIVE,2021,
They don't like leveling up.,16,27,leveling up,IDENTITY_MARKER,POSITIVE,2021,
They like leveling down.,0,4,They,PRONOUN,NEGATIVE,2021,
They like leveling down.,10,23,leveling down,IDENTITY_MARKER,NEGATIVE,2021,
They do.,0,4,They,PRONOUN,NEUTRAL,2021,
"They like decapitating the tour poppies and and taxing the rich till the pips squeak, and they dislike academic competition.",0,4,They,PRONOUN,NEGATIVE,2021,
"They like decapitating the tour poppies and and taxing the rich till the pips squeak, and they dislike academic competition.",23,39,the tour poppies,IDENTITY_MARKER,POSITIVE,2021,
"They like decapitating the tour poppies and and taxing the rich till the pips squeak, and they dislike academic competition.",55,63,the rich,IDENTITY_MARKER,POSITIVE,2021,
"They like decapitating the tour poppies and and taxing the rich till the pips squeak, and they dislike academic competition.",69,77,the pips,IDENTITY_MARKER,NEUTRAL,2021,
"They like decapitating the tour poppies and and taxing the rich till the pips squeak, and they dislike academic competition.",90,94,they,PRONOUN,NEGATIVE,2021,
"They like decapitating the tour poppies and and taxing the rich till the pips squeak, and they dislike academic competition.",103,123,academic competition,IDENTITY_MARKER,POSITIVE,2021,
"Latin, I hear.",0,5,Latin,IDENTITY_MARKER,NEUTRAL,2021,
"In Islington, I kid you not, I've seen it with my own eyes, they like kids to run races, I've seen this, where nobody actually wins.",3,12,Islington,IDENTITY_MARKER,NEUTRAL,2021,
"In Islington, I kid you not, I've seen it with my own eyes, they like kids to run races, I've seen this, where nobody actually wins.",39,41,it,PRONOUN,NEGATIVE,2021,
"In Islington, I kid you not, I've seen it with my own eyes, they like kids to run races, I've seen this, where nobody actually wins.",47,58,my own eyes,IDENTITY_MARKER,NEUTRAL,2021,
"In Islington, I kid you not, I've seen it with my own eyes, they like kids to run races, I've seen this, where nobody actually wins.",60,64,they,PRONOUN,NEGATIVE,2021,
"In Islington, I kid you not, I've seen it with my own eyes, they like kids to run races, I've seen this, where nobody actually wins.",70,74,kids,IDENTITY_MARKER,NEUTRAL,2021,
"In Islington, I kid you not, I've seen it with my own eyes, they like kids to run races, I've seen this, where nobody actually wins.",99,103,this,IDENTITY_MARKER,NEGATIVE,2021,
"In Islington, I kid you not, I've seen it with my own eyes, they like kids to run races, I've seen this, where nobody actually wins.",111,117,nobody,IDENTITY_MARKER,NEGATIVE,2021,
"I have to tell you, I don't think that is a good preparation for life, let alone for the Olympic games.",15,18,you,PRONOUN,NEUTRAL,2021,
"I have to tell you, I don't think that is a good preparation for life, let alone for the Olympic games.",34,38,that,IDENTITY_MARKER,NEGATIVE,2021,
"I have to tell you, I don't think that is a good preparation for life, let alone for the Olympic games.",85,102,the Olympic games,IDENTITY_MARKER,NEUTRAL,2021,
"If you insist on the economic theory behind leveling up, it's contained in the inside of Vilfredo Pareto, a 19th-century Italian figure who floated from the cobwebbed attic of my memories. """,3,6,you,PRONOUN,NEGATIVE,2021,
"If you insist on the economic theory behind leveling up, it's contained in the inside of Vilfredo Pareto, a 19th-century Italian figure who floated from the cobwebbed attic of my memories. """,17,36,the economic theory,IDENTITY_MARKER,NEUTRAL,2021,
"If you insist on the economic theory behind leveling up, it's contained in the inside of Vilfredo Pareto, a 19th-century Italian figure who floated from the cobwebbed attic of my memories. """,44,55,leveling up,IDENTITY_MARKER,NEUTRAL,2021,
"If you insist on the economic theory behind leveling up, it's contained in the inside of Vilfredo Pareto, a 19th-century Italian figure who floated from the cobwebbed attic of my memories. """,57,59,it,PRONOUN,NEUTRAL,2021,
"If you insist on the economic theory behind leveling up, it's contained in the inside of Vilfredo Pareto, a 19th-century Italian figure who floated from the cobwebbed attic of my memories. """,75,104,the inside of Vilfredo Pareto,IDENTITY_MARKER,NEUTRAL,2021,
"If you insist on the economic theory behind leveling up, it's contained in the inside of Vilfredo Pareto, a 19th-century Italian figure who floated from the cobwebbed attic of my memories. """,106,135,a 19th-century Italian figure,IDENTITY_MARKER,NEUTRAL,2021,
"If you insist on the economic theory behind leveling up, it's contained in the inside of Vilfredo Pareto, a 19th-century Italian figure who floated from the cobwebbed attic of my memories. """,153,187,the cobwebbed attic of my memories,IDENTITY_MARKER,NEUTRAL,2021,
"There are all kinds of improvements that you can make to people's lives,"" he said, ""without diminishing everyone else.""",10,35,all kinds of improvements,IDENTITY_MARKER,POSITIVE,2021,
"There are all kinds of improvements that you can make to people's lives,"" he said, ""without diminishing everyone else.""",41,44,you,PRONOUN,POSITIVE,2021,
"There are all kinds of improvements that you can make to people's lives,"" he said, ""without diminishing everyone else.""",57,71,people's lives,IDENTITY_MARKER,POSITIVE,2021,
"There are all kinds of improvements that you can make to people's lives,"" he said, ""without diminishing everyone else.""",74,76,he,PRONOUN,NEUTRAL,2021,
"There are all kinds of improvements that you can make to people's lives,"" he said, ""without diminishing everyone else.""",104,117,everyone else,IDENTITY_MARKER,NEUTRAL,2021,
"Rishi will, I'm sure, confirm this.",0,5,Rishi,IDENTITY_MARKER,POSITIVE,2021,
"Rishi will, I'm sure, confirm this.",30,34,this,IDENTITY_MARKER,NEUTRAL,2021,
"We call these ""Pareto improvements,"" right?",0,2,We,PRONOUN,NEUTRAL,2021,
"We call these ""Pareto improvements,"" right?",8,13,these,IDENTITY_MARKER,POSITIVE,2021,
"We call these ""Pareto improvements,"" right?",15,34,Pareto improvements,IDENTITY_MARKER,POSITIVE,2021,
They are the means of leveling up.,0,4,They,PRONOUN,POSITIVE,2021,
They are the means of leveling up.,9,33,the means of leveling up,IDENTITY_MARKER,POSITIVE,2021,
"The idea in a nutshell is that you will find talent, genius, flare, imagination, enthusiasm everywhere in this country, all of them evenly distributed, evenly distributed, but opportunity is not.",0,8,The idea,IDENTITY_MARKER,NEUTRAL,2021,
"The idea in a nutshell is that you will find talent, genius, flare, imagination, enthusiasm everywhere in this country, all of them evenly distributed, evenly distributed, but opportunity is not.",31,34,you,PRONOUN,POSITIVE,2021,
"The idea in a nutshell is that you will find talent, genius, flare, imagination, enthusiasm everywhere in this country, all of them evenly distributed, evenly distributed, but opportunity is not.",45,51,talent,IDENTITY_MARKER,POSITIVE,2021,
"The idea in a nutshell is that you will find talent, genius, flare, imagination, enthusiasm everywhere in this country, all of them evenly distributed, evenly distributed, but opportunity is not.",53,59,genius,IDENTITY_MARKER,POSITIVE,2021,
"The idea in a nutshell is that you will find talent, genius, flare, imagination, enthusiasm everywhere in this country, all of them evenly distributed, evenly distributed, but opportunity is not.",61,66,flare,IDENTITY_MARKER,POSITIVE,2021,
"The idea in a nutshell is that you will find talent, genius, flare, imagination, enthusiasm everywhere in this country, all of them evenly distributed, evenly distributed, but opportunity is not.",68,79,imagination,IDENTITY_MARKER,POSITIVE,2021,
"The idea in a nutshell is that you will find talent, genius, flare, imagination, enthusiasm everywhere in this country, all of them evenly distributed, evenly distributed, but opportunity is not.",81,91,enthusiasm,IDENTITY_MARKER,POSITIVE,2021,
"The idea in a nutshell is that you will find talent, genius, flare, imagination, enthusiasm everywhere in this country, all of them evenly distributed, evenly distributed, but opportunity is not.",106,118,this country,IDENTITY_MARKER,POSITIVE,2021,
"The idea in a nutshell is that you will find talent, genius, flare, imagination, enthusiasm everywhere in this country, all of them evenly distributed, evenly distributed, but opportunity is not.",120,131,all of them,IDENTITY_MARKER,POSITIVE,2021,
"The idea in a nutshell is that you will find talent, genius, flare, imagination, enthusiasm everywhere in this country, all of them evenly distributed, evenly distributed, but opportunity is not.",176,187,opportunity,IDENTITY_MARKER,POSITIVE,2021,
And it is our mission as Conservatives to promote opportunity with every tool we have.,4,6,it,PRONOUN,POSITIVE,2021,
And it is our mission as Conservatives to promote opportunity with every tool we have.,10,21,our mission,IDENTITY_MARKER,POSITIVE,2021,
And it is our mission as Conservatives to promote opportunity with every tool we have.,25,38,Conservatives,IDENTITY_MARKER,POSITIVE,2021,
And it is our mission as Conservatives to promote opportunity with every tool we have.,50,61,opportunity,IDENTITY_MARKER,POSITIVE,2021,
And it is our mission as Conservatives to promote opportunity with every tool we have.,78,80,we,PRONOUN,POSITIVE,2021,
It is still a grim fact that in this country ... That's right.,0,2,It,PRONOUN,NEGATIVE,2021,
It is still a grim fact that in this country ... That's right.,12,23,a grim fact,IDENTITY_MARKER,NEGATIVE,2021,
It is still a grim fact that in this country ... That's right.,32,44,this country,IDENTITY_MARKER,NEUTRAL,2021,
It is still a grim fact that in this country ... That's right.,49,53,That,IDENTITY_MARKER,NEUTRAL,2021,
It's all about opportunity.,0,2,It,PRONOUN,NEUTRAL,2021,
It's all about opportunity.,15,26,opportunity,IDENTITY_MARKER,POSITIVE,2021,
"But it's still a grim fact that in this country, some kids will grow up in neighborhoods that are much safer than others, and some will be as, as was saying, some will be sucked into gangs, some will be at risk of stabbing and shooting, some will get themselves caught in the one-way ratchet of the criminal justice system.",4,6,it,PRONOUN,NEGATIVE,2021,
"But it's still a grim fact that in this country, some kids will grow up in neighborhoods that are much safer than others, and some will be as, as was saying, some will be sucked into gangs, some will be at risk of stabbing and shooting, some will get themselves caught in the one-way ratchet of the criminal justice system.",15,26,a grim fact,IDENTITY_MARKER,NEGATIVE,2021,
"But it's still a grim fact that in this country, some kids will grow up in neighborhoods that are much safer than others, and some will be as, as was saying, some will be sucked into gangs, some will be at risk of stabbing and shooting, some will get themselves caught in the one-way ratchet of the criminal justice system.",35,47,this country,IDENTITY_MARKER,NEUTRAL,2021,
"But it's still a grim fact that in this country, some kids will grow up in neighborhoods that are much safer than others, and some will be as, as was saying, some will be sucked into gangs, some will be at risk of stabbing and shooting, some will get themselves caught in the one-way ratchet of the criminal justice system.",49,58,some kids,IDENTITY_MARKER,POSITIVE,2021,
"But it's still a grim fact that in this country, some kids will grow up in neighborhoods that are much safer than others, and some will be as, as was saying, some will be sucked into gangs, some will be at risk of stabbing and shooting, some will get themselves caught in the one-way ratchet of the criminal justice system.",75,88,neighborhoods,IDENTITY_MARKER,POSITIVE,2021,
"But it's still a grim fact that in this country, some kids will grow up in neighborhoods that are much safer than others, and some will be as, as was saying, some will be sucked into gangs, some will be at risk of stabbing and shooting, some will get themselves caught in the one-way ratchet of the criminal justice system.",114,120,others,IDENTITY_MARKER,NEGATIVE,2021,
"But it's still a grim fact that in this country, some kids will grow up in neighborhoods that are much safer than others, and some will be as, as was saying, some will be sucked into gangs, some will be at risk of stabbing and shooting, some will get themselves caught in the one-way ratchet of the criminal justice system.",126,130,some,IDENTITY_MARKER,POSITIVE,2021,
"But it's still a grim fact that in this country, some kids will grow up in neighborhoods that are much safer than others, and some will be as, as was saying, some will be sucked into gangs, some will be at risk of stabbing and shooting, some will get themselves caught in the one-way ratchet of the criminal justice system.",158,162,some,IDENTITY_MARKER,POSITIVE,2021,
"But it's still a grim fact that in this country, some kids will grow up in neighborhoods that are much safer than others, and some will be as, as was saying, some will be sucked into gangs, some will be at risk of stabbing and shooting, some will get themselves caught in the one-way ratchet of the criminal justice system.",183,188,gangs,IDENTITY_MARKER,NEGATIVE,2021,
"But it's still a grim fact that in this country, some kids will grow up in neighborhoods that are much safer than others, and some will be as, as was saying, some will be sucked into gangs, some will be at risk of stabbing and shooting, some will get themselves caught in the one-way ratchet of the criminal justice system.",190,194,some,IDENTITY_MARKER,POSITIVE,2021,
"But it's still a grim fact that in this country, some kids will grow up in neighborhoods that are much safer than others, and some will be as, as was saying, some will be sucked into gangs, some will be at risk of stabbing and shooting, some will get themselves caught in the one-way ratchet of the criminal justice system.",214,222,stabbing,IDENTITY_MARKER,NEGATIVE,2021,
"But it's still a grim fact that in this country, some kids will grow up in neighborhoods that are much safer than others, and some will be as, as was saying, some will be sucked into gangs, some will be at risk of stabbing and shooting, some will get themselves caught in the one-way ratchet of the criminal justice system.",227,235,shooting,IDENTITY_MARKER,NEGATIVE,2021,
"But it's still a grim fact that in this country, some kids will grow up in neighborhoods that are much safer than others, and some will be as, as was saying, some will be sucked into gangs, some will be at risk of stabbing and shooting, some will get themselves caught in the one-way ratchet of the criminal justice system.",237,241,some,IDENTITY_MARKER,POSITIVE,2021,
"But it's still a grim fact that in this country, some kids will grow up in neighborhoods that are much safer than others, and some will be as, as was saying, some will be sucked into gangs, some will be at risk of stabbing and shooting, some will get themselves caught in the one-way ratchet of the criminal justice system.",251,261,themselves,IDENTITY_MARKER,POSITIVE,2021,
"But it's still a grim fact that in this country, some kids will grow up in neighborhoods that are much safer than others, and some will be as, as was saying, some will be sucked into gangs, some will be at risk of stabbing and shooting, some will get themselves caught in the one-way ratchet of the criminal justice system.",272,322,the one-way ratchet of the criminal justice system,IDENTITY_MARKER,NEGATIVE,2021,
Many others will not.,0,11,Many others,IDENTITY_MARKER,NEUTRAL,2021,
"That's why leveling up means fighting crime, putting more police out on the beat, as we are, toughening sentences, rolling up the county lines, drugs networks, as we are, 1,100 of them gone already, giving the police the power they need to fight these dealers in death and misery.",11,22,leveling up,IDENTITY_MARKER,POSITIVE,2021,
"That's why leveling up means fighting crime, putting more police out on the beat, as we are, toughening sentences, rolling up the county lines, drugs networks, as we are, 1,100 of them gone already, giving the police the power they need to fight these dealers in death and misery.",38,43,crime,IDENTITY_MARKER,NEGATIVE,2021,
"That's why leveling up means fighting crime, putting more police out on the beat, as we are, toughening sentences, rolling up the county lines, drugs networks, as we are, 1,100 of them gone already, giving the police the power they need to fight these dealers in death and misery.",53,64,more police,IDENTITY_MARKER,POSITIVE,2021,
"That's why leveling up means fighting crime, putting more police out on the beat, as we are, toughening sentences, rolling up the county lines, drugs networks, as we are, 1,100 of them gone already, giving the police the power they need to fight these dealers in death and misery.",72,80,the beat,IDENTITY_MARKER,POSITIVE,2021,
"That's why leveling up means fighting crime, putting more police out on the beat, as we are, toughening sentences, rolling up the county lines, drugs networks, as we are, 1,100 of them gone already, giving the police the power they need to fight these dealers in death and misery.",85,87,we,PRONOUN,POSITIVE,2021,
"That's why leveling up means fighting crime, putting more police out on the beat, as we are, toughening sentences, rolling up the county lines, drugs networks, as we are, 1,100 of them gone already, giving the police the power they need to fight these dealers in death and misery.",93,113,toughening sentences,IDENTITY_MARKER,POSITIVE,2021,
"That's why leveling up means fighting crime, putting more police out on the beat, as we are, toughening sentences, rolling up the county lines, drugs networks, as we are, 1,100 of them gone already, giving the police the power they need to fight these dealers in death and misery.",126,142,the county lines,IDENTITY_MARKER,NEGATIVE,2021,
"That's why leveling up means fighting crime, putting more police out on the beat, as we are, toughening sentences, rolling up the county lines, drugs networks, as we are, 1,100 of them gone already, giving the police the power they need to fight these dealers in death and misery.",144,158,drugs networks,IDENTITY_MARKER,NEGATIVE,2021,
"That's why leveling up means fighting crime, putting more police out on the beat, as we are, toughening sentences, rolling up the county lines, drugs networks, as we are, 1,100 of them gone already, giving the police the power they need to fight these dealers in death and misery.",163,165,we,PRONOUN,POSITIVE,2021,
"That's why leveling up means fighting crime, putting more police out on the beat, as we are, toughening sentences, rolling up the county lines, drugs networks, as we are, 1,100 of them gone already, giving the police the power they need to fight these dealers in death and misery.",171,184,"1,100 of them",IDENTITY_MARKER,NEGATIVE,2021,
"That's why leveling up means fighting crime, putting more police out on the beat, as we are, toughening sentences, rolling up the county lines, drugs networks, as we are, 1,100 of them gone already, giving the police the power they need to fight these dealers in death and misery.",206,216,the police,IDENTITY_MARKER,POSITIVE,2021,
"That's why leveling up means fighting crime, putting more police out on the beat, as we are, toughening sentences, rolling up the county lines, drugs networks, as we are, 1,100 of them gone already, giving the police the power they need to fight these dealers in death and misery.",217,226,the power,IDENTITY_MARKER,POSITIVE,2021,
"That's why leveling up means fighting crime, putting more police out on the beat, as we are, toughening sentences, rolling up the county lines, drugs networks, as we are, 1,100 of them gone already, giving the police the power they need to fight these dealers in death and misery.",227,231,they,PRONOUN,POSITIVE,2021,
"That's why leveling up means fighting crime, putting more police out on the beat, as we are, toughening sentences, rolling up the county lines, drugs networks, as we are, 1,100 of them gone already, giving the police the power they need to fight these dealers in death and misery.",246,259,these dealers,IDENTITY_MARKER,NEGATIVE,2021,
"That's why leveling up means fighting crime, putting more police out on the beat, as we are, toughening sentences, rolling up the county lines, drugs networks, as we are, 1,100 of them gone already, giving the police the power they need to fight these dealers in death and misery.",263,268,death,IDENTITY_MARKER,NEGATIVE,2021,
"That's why leveling up means fighting crime, putting more police out on the beat, as we are, toughening sentences, rolling up the county lines, drugs networks, as we are, 1,100 of them gone already, giving the police the power they need to fight these dealers in death and misery.",273,279,misery,IDENTITY_MARKER,NEGATIVE,2021,
That's what we want to do.,0,4,That,IDENTITY_MARKER,POSITIVE,2021,
That's what we want to do.,12,14,we,PRONOUN,POSITIVE,2021,
"What's labor's answer, by the way?",7,12,labor,IDENTITY_MARKER,NEUTRAL,2021,
"To decriminalize hard drugs, apparently, to let the gangsters off with a caution.",17,27,hard drugs,IDENTITY_MARKER,NEGATIVE,2021,
"To decriminalize hard drugs, apparently, to let the gangsters off with a caution.",48,61,the gangsters,IDENTITY_MARKER,NEGATIVE,2021,
"To decriminalize hard drugs, apparently, to let the gangsters off with a caution.",71,80,a caution,IDENTITY_MARKER,NEGATIVE,2021,
An answer that is straight from the powder rooms of North London dinner parties and nothing to do with the real needs of this country.,32,79,the powder rooms of North London dinner parties,IDENTITY_MARKER,NEGATIVE,2021,
An answer that is straight from the powder rooms of North London dinner parties and nothing to do with the real needs of this country.,103,117,the real needs,IDENTITY_MARKER,POSITIVE,2021,
An answer that is straight from the powder rooms of North London dinner parties and nothing to do with the real needs of this country.,121,133,this country,IDENTITY_MARKER,POSITIVE,2021,
It's true.,0,2,It,PRONOUN,POSITIVE,2021,
Crime has been falling.,0,5,Crime,IDENTITY_MARKER,NEGATIVE,2021,
"Not just, by the way, because we took the precaution of locking up the public for much of the last 18 months, but because you have a Conservative government that understands the Broken Windows theory of fighting crime.",30,32,we,PRONOUN,POSITIVE,2021,
"Not just, by the way, because we took the precaution of locking up the public for much of the last 18 months, but because you have a Conservative government that understands the Broken Windows theory of fighting crime.",67,77,the public,IDENTITY_MARKER,POSITIVE,2021,
"Not just, by the way, because we took the precaution of locking up the public for much of the last 18 months, but because you have a Conservative government that understands the Broken Windows theory of fighting crime.",122,125,you,PRONOUN,POSITIVE,2021,
"Not just, by the way, because we took the precaution of locking up the public for much of the last 18 months, but because you have a Conservative government that understands the Broken Windows theory of fighting crime.",131,156,a Conservative government,IDENTITY_MARKER,POSITIVE,2021,
"Not just, by the way, because we took the precaution of locking up the public for much of the last 18 months, but because you have a Conservative government that understands the Broken Windows theory of fighting crime.",174,199,the Broken Windows theory,IDENTITY_MARKER,POSITIVE,2021,
"Not just, by the way, because we took the precaution of locking up the public for much of the last 18 months, but because you have a Conservative government that understands the Broken Windows theory of fighting crime.",212,217,crime,IDENTITY_MARKER,NEGATIVE,2021,
I read a learned article by some lawyer saying we shouldn't bother about pet theft.,7,24,a learned article,IDENTITY_MARKER,NEGATIVE,2021,
I read a learned article by some lawyer saying we shouldn't bother about pet theft.,28,39,some lawyer,IDENTITY_MARKER,NEGATIVE,2021,
I read a learned article by some lawyer saying we shouldn't bother about pet theft.,47,49,we,PRONOUN,NEUTRAL,2021,
I read a learned article by some lawyer saying we shouldn't bother about pet theft.,73,82,pet theft,IDENTITY_MARKER,NEGATIVE,2021,
Pet theft.,0,9,Pet theft,IDENTITY_MARKER,NEGATIVE,2021,
"Well, I say to Cruella Deville, QC, if you can steal a dog or a cat, then there is frankly no limit to your depravity.",15,34,"Cruella Deville, QC",IDENTITY_MARKER,NEGATIVE,2021,
"Well, I say to Cruella Deville, QC, if you can steal a dog or a cat, then there is frankly no limit to your depravity.",39,42,you,PRONOUN,NEGATIVE,2021,
"Well, I say to Cruella Deville, QC, if you can steal a dog or a cat, then there is frankly no limit to your depravity.",53,58,a dog,IDENTITY_MARKER,POSITIVE,2021,
"Well, I say to Cruella Deville, QC, if you can steal a dog or a cat, then there is frankly no limit to your depravity.",62,67,a cat,IDENTITY_MARKER,POSITIVE,2021,
"Well, I say to Cruella Deville, QC, if you can steal a dog or a cat, then there is frankly no limit to your depravity.",103,117,your depravity,IDENTITY_MARKER,NEGATIVE,2021,
"Those people gluing themselves to roads, I don't call them legitimate protestors, like some Labour counselors do.",0,12,Those people,IDENTITY_MARKER,NEGATIVE,2021,
"Those people gluing themselves to roads, I don't call them legitimate protestors, like some Labour counselors do.",34,39,roads,IDENTITY_MARKER,NEUTRAL,2021,
"Those people gluing themselves to roads, I don't call them legitimate protestors, like some Labour counselors do.",54,58,them,PRONOUN,NEGATIVE,2021,
"Those people gluing themselves to roads, I don't call them legitimate protestors, like some Labour counselors do.",59,80,legitimate protestors,IDENTITY_MARKER,POSITIVE,2021,
"Those people gluing themselves to roads, I don't call them legitimate protestors, like some Labour counselors do.",87,109,some Labour counselors,IDENTITY_MARKER,NEGATIVE,2021,
I think that some Labour counselors actually glue themselves to roads.,13,35,some Labour counselors,IDENTITY_MARKER,NEGATIVE,2021,
I think that some Labour counselors actually glue themselves to roads.,64,69,roads,IDENTITY_MARKER,NEUTRAL,2021,
"I say, they are a confounded nuisance who are blocking ambulances, stopping people going about their daily lives, and I'm glad Pretty is taking new powers to insulate them snugly in prison where they belong.",7,11,they,PRONOUN,NEGATIVE,2021,
"I say, they are a confounded nuisance who are blocking ambulances, stopping people going about their daily lives, and I'm glad Pretty is taking new powers to insulate them snugly in prison where they belong.",16,37,a confounded nuisance,IDENTITY_MARKER,NEGATIVE,2021,
"I say, they are a confounded nuisance who are blocking ambulances, stopping people going about their daily lives, and I'm glad Pretty is taking new powers to insulate them snugly in prison where they belong.",55,65,ambulances,IDENTITY_MARKER,POSITIVE,2021,
"I say, they are a confounded nuisance who are blocking ambulances, stopping people going about their daily lives, and I'm glad Pretty is taking new powers to insulate them snugly in prison where they belong.",76,82,people,IDENTITY_MARKER,POSITIVE,2021,
"I say, they are a confounded nuisance who are blocking ambulances, stopping people going about their daily lives, and I'm glad Pretty is taking new powers to insulate them snugly in prison where they belong.",95,112,their daily lives,IDENTITY_MARKER,POSITIVE,2021,
"I say, they are a confounded nuisance who are blocking ambulances, stopping people going about their daily lives, and I'm glad Pretty is taking new powers to insulate them snugly in prison where they belong.",127,133,Pretty,IDENTITY_MARKER,POSITIVE,2021,
"I say, they are a confounded nuisance who are blocking ambulances, stopping people going about their daily lives, and I'm glad Pretty is taking new powers to insulate them snugly in prison where they belong.",144,154,new powers,IDENTITY_MARKER,POSITIVE,2021,
"I say, they are a confounded nuisance who are blocking ambulances, stopping people going about their daily lives, and I'm glad Pretty is taking new powers to insulate them snugly in prison where they belong.",167,171,them,PRONOUN,NEGATIVE,2021,
"I say, they are a confounded nuisance who are blocking ambulances, stopping people going about their daily lives, and I'm glad Pretty is taking new powers to insulate them snugly in prison where they belong.",179,188,in prison,IDENTITY_MARKER,POSITIVE,2021,
"I say, they are a confounded nuisance who are blocking ambulances, stopping people going about their daily lives, and I'm glad Pretty is taking new powers to insulate them snugly in prison where they belong.",195,199,they,PRONOUN,NEGATIVE,2021,
"What I find most incredible of all was the decision by Labour, now led by lefty Islington lawyers, to vote against tougher sentences for serious sexual and violent offenders.",39,51,the decision,IDENTITY_MARKER,NEGATIVE,2021,
"What I find most incredible of all was the decision by Labour, now led by lefty Islington lawyers, to vote against tougher sentences for serious sexual and violent offenders.",55,61,Labour,IDENTITY_MARKER,NEGATIVE,2021,
"What I find most incredible of all was the decision by Labour, now led by lefty Islington lawyers, to vote against tougher sentences for serious sexual and violent offenders.",74,97,lefty Islington lawyers,IDENTITY_MARKER,NEGATIVE,2021,
"What I find most incredible of all was the decision by Labour, now led by lefty Islington lawyers, to vote against tougher sentences for serious sexual and violent offenders.",115,132,tougher sentences,IDENTITY_MARKER,POSITIVE,2021,
"What I find most incredible of all was the decision by Labour, now led by lefty Islington lawyers, to vote against tougher sentences for serious sexual and violent offenders.",137,173,serious sexual and violent offenders,IDENTITY_MARKER,NEGATIVE,2021,
"On behalf of the entire government, I tell you this, we will not rest until we have increased the successful prosecutions for rape, because too many lying, bullying, cowardly men are using the laws delay to get away with violence against women.",13,34,the entire government,IDENTITY_MARKER,POSITIVE,2021,
"On behalf of the entire government, I tell you this, we will not rest until we have increased the successful prosecutions for rape, because too many lying, bullying, cowardly men are using the laws delay to get away with violence against women.",47,51,this,IDENTITY_MARKER,POSITIVE,2021,
"On behalf of the entire government, I tell you this, we will not rest until we have increased the successful prosecutions for rape, because too many lying, bullying, cowardly men are using the laws delay to get away with violence against women.",53,55,we,PRONOUN,POSITIVE,2021,
"On behalf of the entire government, I tell you this, we will not rest until we have increased the successful prosecutions for rape, because too many lying, bullying, cowardly men are using the laws delay to get away with violence against women.",76,78,we,PRONOUN,POSITIVE,2021,
"On behalf of the entire government, I tell you this, we will not rest until we have increased the successful prosecutions for rape, because too many lying, bullying, cowardly men are using the laws delay to get away with violence against women.",94,121,the successful prosecutions,IDENTITY_MARKER,POSITIVE,2021,
"On behalf of the entire government, I tell you this, we will not rest until we have increased the successful prosecutions for rape, because too many lying, bullying, cowardly men are using the laws delay to get away with violence against women.",126,130,rape,IDENTITY_MARKER,NEGATIVE,2021,
"On behalf of the entire government, I tell you this, we will not rest until we have increased the successful prosecutions for rape, because too many lying, bullying, cowardly men are using the laws delay to get away with violence against women.",149,178,"lying, bullying, cowardly men",IDENTITY_MARKER,NEGATIVE,2021,
"On behalf of the entire government, I tell you this, we will not rest until we have increased the successful prosecutions for rape, because too many lying, bullying, cowardly men are using the laws delay to get away with violence against women.",189,197,the laws,IDENTITY_MARKER,NEGATIVE,2021,
"On behalf of the entire government, I tell you this, we will not rest until we have increased the successful prosecutions for rape, because too many lying, bullying, cowardly men are using the laws delay to get away with violence against women.",238,243,women,IDENTITY_MARKER,POSITIVE,2021,
"And we cannot, and we will not stand for it.",4,6,we,PRONOUN,POSITIVE,2021,
"And we cannot, and we will not stand for it.",19,21,we,PRONOUN,POSITIVE,2021,
"And we cannot, and we will not stand for it.",41,43,it,PRONOUN,NEGATIVE,2021,
I know that there are some who tell us that we're being ungenerous and unfeeling in our attempts to control our borders.,22,26,some,IDENTITY_MARKER,NEGATIVE,2021,
I know that there are some who tell us that we're being ungenerous and unfeeling in our attempts to control our borders.,36,38,us,PRONOUN,POSITIVE,2021,
I know that there are some who tell us that we're being ungenerous and unfeeling in our attempts to control our borders.,44,46,we,PRONOUN,POSITIVE,2021,
I know that there are some who tell us that we're being ungenerous and unfeeling in our attempts to control our borders.,84,96,our attempts,IDENTITY_MARKER,POSITIVE,2021,
I know that there are some who tell us that we're being ungenerous and unfeeling in our attempts to control our borders.,108,119,our borders,IDENTITY_MARKER,POSITIVE,2021,
"I say, don't give me that, this is the government that stood up to China and announced that we would provide a haven for British overseas nationals from Hong Kong.",21,25,that,IDENTITY_MARKER,NEUTRAL,2021,
"I say, don't give me that, this is the government that stood up to China and announced that we would provide a haven for British overseas nationals from Hong Kong.",35,49,the government,IDENTITY_MARKER,POSITIVE,2021,
"I say, don't give me that, this is the government that stood up to China and announced that we would provide a haven for British overseas nationals from Hong Kong.",67,72,China,IDENTITY_MARKER,NEGATIVE,2021,
"I say, don't give me that, this is the government that stood up to China and announced that we would provide a haven for British overseas nationals from Hong Kong.",92,94,we,PRONOUN,POSITIVE,2021,
"I say, don't give me that, this is the government that stood up to China and announced that we would provide a haven for British overseas nationals from Hong Kong.",109,116,a haven,IDENTITY_MARKER,POSITIVE,2021,
"I say, don't give me that, this is the government that stood up to China and announced that we would provide a haven for British overseas nationals from Hong Kong.",121,162,British overseas nationals from Hong Kong,IDENTITY_MARKER,POSITIVE,2021,
"30,000 have already applied.",0,6,"30,000",IDENTITY_MARKER,NEUTRAL,2021,
"I'm really proud to be part of a Conservative government that will welcome 20,000 Afghans, people who risked their lives to guide and translate for us.",23,56,part of a Conservative government,IDENTITY_MARKER,POSITIVE,2021,
"I'm really proud to be part of a Conservative government that will welcome 20,000 Afghans, people who risked their lives to guide and translate for us.",75,89,"20,000 Afghans",IDENTITY_MARKER,POSITIVE,2021,
"I'm really proud to be part of a Conservative government that will welcome 20,000 Afghans, people who risked their lives to guide and translate for us.",91,97,people,IDENTITY_MARKER,POSITIVE,2021,
"I'm really proud to be part of a Conservative government that will welcome 20,000 Afghans, people who risked their lives to guide and translate for us.",109,120,their lives,IDENTITY_MARKER,POSITIVE,2021,
"I'm really proud to be part of a Conservative government that will welcome 20,000 Afghans, people who risked their lives to guide and translate for us.",148,150,us,PRONOUN,POSITIVE,2021,
We are doing the right and responsible thing.,0,2,We,PRONOUN,POSITIVE,2021,
We are doing the right and responsible thing.,13,44,the right and responsible thing,IDENTITY_MARKER,POSITIVE,2021,
"Speaking as the great grandson of a Turk who fled in fear of his life, I know that this country is a beacon of light and hope for people around the world, provided they come here legally.",12,40,the great grandson of a Turk,IDENTITY_MARKER,NEUTRAL,2021,
"Speaking as the great grandson of a Turk who fled in fear of his life, I know that this country is a beacon of light and hope for people around the world, provided they come here legally.",61,69,his life,IDENTITY_MARKER,POSITIVE,2021,
"Speaking as the great grandson of a Turk who fled in fear of his life, I know that this country is a beacon of light and hope for people around the world, provided they come here legally.",83,95,this country,IDENTITY_MARKER,POSITIVE,2021,
"Speaking as the great grandson of a Turk who fled in fear of his life, I know that this country is a beacon of light and hope for people around the world, provided they come here legally.",99,125,a beacon of light and hope,IDENTITY_MARKER,POSITIVE,2021,
"Speaking as the great grandson of a Turk who fled in fear of his life, I know that this country is a beacon of light and hope for people around the world, provided they come here legally.",130,153,people around the world,IDENTITY_MARKER,NEUTRAL,2021,
"Speaking as the great grandson of a Turk who fled in fear of his life, I know that this country is a beacon of light and hope for people around the world, provided they come here legally.",164,168,they,PRONOUN,POSITIVE,2021,
"Speaking as the great grandson of a Turk who fled in fear of his life, I know that this country is a beacon of light and hope for people around the world, provided they come here legally.",174,178,here,IDENTITY_MARKER,NEUTRAL,2021,
Provided we understand who they are and what they want to contribute.,9,11,we,PRONOUN,NEUTRAL,2021,
Provided we understand who they are and what they want to contribute.,27,31,they,PRONOUN,NEUTRAL,2021,
Provided we understand who they are and what they want to contribute.,45,49,they,PRONOUN,NEUTRAL,2021,
"That's why we took back control of our borders and will pass the Borders bill, because we believe there must be a distinction between someone who comes here legally and someone who doesn't.",11,13,we,PRONOUN,POSITIVE,2021,
"That's why we took back control of our borders and will pass the Borders bill, because we believe there must be a distinction between someone who comes here legally and someone who doesn't.",35,46,our borders,IDENTITY_MARKER,POSITIVE,2021,
"That's why we took back control of our borders and will pass the Borders bill, because we believe there must be a distinction between someone who comes here legally and someone who doesn't.",61,77,the Borders bill,IDENTITY_MARKER,POSITIVE,2021,
"That's why we took back control of our borders and will pass the Borders bill, because we believe there must be a distinction between someone who comes here legally and someone who doesn't.",87,89,we,PRONOUN,POSITIVE,2021,
"That's why we took back control of our borders and will pass the Borders bill, because we believe there must be a distinction between someone who comes here legally and someone who doesn't.",134,164,someone who comes here legally,IDENTITY_MARKER,POSITIVE,2021,
"That's why we took back control of our borders and will pass the Borders bill, because we believe there must be a distinction between someone who comes here legally and someone who doesn't.",169,188,someone who doesn't,IDENTITY_MARKER,NEGATIVE,2021,
"And though I have every sympathy with people genuinely in fear of their lives, I have no sympathy whatever with the people traffickers who take thousands of pounds to send children to sea in frail and dangerous craft and we must end this lethal trade.",38,44,people,IDENTITY_MARKER,POSITIVE,2021,
"And though I have every sympathy with people genuinely in fear of their lives, I have no sympathy whatever with the people traffickers who take thousands of pounds to send children to sea in frail and dangerous craft and we must end this lethal trade.",66,77,their lives,IDENTITY_MARKER,POSITIVE,2021,
"And though I have every sympathy with people genuinely in fear of their lives, I have no sympathy whatever with the people traffickers who take thousands of pounds to send children to sea in frail and dangerous craft and we must end this lethal trade.",112,134,the people traffickers,IDENTITY_MARKER,NEGATIVE,2021,
"And though I have every sympathy with people genuinely in fear of their lives, I have no sympathy whatever with the people traffickers who take thousands of pounds to send children to sea in frail and dangerous craft and we must end this lethal trade.",172,180,children,IDENTITY_MARKER,NEGATIVE,2021,
"And though I have every sympathy with people genuinely in fear of their lives, I have no sympathy whatever with the people traffickers who take thousands of pounds to send children to sea in frail and dangerous craft and we must end this lethal trade.",191,216,frail and dangerous craft,IDENTITY_MARKER,NEGATIVE,2021,
"And though I have every sympathy with people genuinely in fear of their lives, I have no sympathy whatever with the people traffickers who take thousands of pounds to send children to sea in frail and dangerous craft and we must end this lethal trade.",221,223,we,PRONOUN,POSITIVE,2021,
"And though I have every sympathy with people genuinely in fear of their lives, I have no sympathy whatever with the people traffickers who take thousands of pounds to send children to sea in frail and dangerous craft and we must end this lethal trade.",233,250,this lethal trade,IDENTITY_MARKER,NEGATIVE,2021,
We must break the gangsters' business model.,0,2,We,PRONOUN,POSITIVE,2021,
We must break the gangsters' business model.,14,43,the gangsters' business model,IDENTITY_MARKER,NEGATIVE,2021,
"Is it not a sublime irony that even in French politics there is now a leading center right politician calling for a referendum on the EU, who is now calling for France to .",3,5,it,PRONOUN,POSITIVE,2021,
"Is it not a sublime irony that even in French politics there is now a leading center right politician calling for a referendum on the EU, who is now calling for France to .",39,54,French politics,IDENTITY_MARKER,NEGATIVE,2021,
"Is it not a sublime irony that even in French politics there is now a leading center right politician calling for a referendum on the EU, who is now calling for France to .",68,101,a leading center right politician,IDENTITY_MARKER,POSITIVE,2021,
"Is it not a sublime irony that even in French politics there is now a leading center right politician calling for a referendum on the EU, who is now calling for France to .",114,126,a referendum,IDENTITY_MARKER,POSITIVE,2021,
"Is it not a sublime irony that even in French politics there is now a leading center right politician calling for a referendum on the EU, who is now calling for France to .",130,136,the EU,IDENTITY_MARKER,NEGATIVE,2021,
"Is it not a sublime irony that even in French politics there is now a leading center right politician calling for a referendum on the EU, who is now calling for France to .",161,167,France,IDENTITY_MARKER,NEUTRAL,2021,
It's good old Michel Barnier.,0,2,It,PRONOUN,POSITIVE,2021,
It's good old Michel Barnier.,14,28,Michel Barnier,IDENTITY_MARKER,POSITIVE,2021,
"That's what happens if you spend a year trying to argue with Lord Frost, the greatest Frost since the great frost of 1709.",23,26,you,PRONOUN,NEUTRAL,2021,
"That's what happens if you spend a year trying to argue with Lord Frost, the greatest Frost since the great frost of 1709.",61,71,Lord Frost,IDENTITY_MARKER,POSITIVE,2021,
"That's what happens if you spend a year trying to argue with Lord Frost, the greatest Frost since the great frost of 1709.",73,121,the greatest Frost since the great frost of 1709,IDENTITY_MARKER,POSITIVE,2021,
We will fight these gangs at home and abroad because their victims are invariably the poorest and the neediest.,0,2,We,PRONOUN,POSITIVE,2021,
We will fight these gangs at home and abroad because their victims are invariably the poorest and the neediest.,14,25,these gangs,IDENTITY_MARKER,NEGATIVE,2021,
We will fight these gangs at home and abroad because their victims are invariably the poorest and the neediest.,26,44,at home and abroad,IDENTITY_MARKER,POSITIVE,2021,
We will fight these gangs at home and abroad because their victims are invariably the poorest and the neediest.,52,65,their victims,IDENTITY_MARKER,POSITIVE,2021,
We will fight these gangs at home and abroad because their victims are invariably the poorest and the neediest.,81,92,the poorest,IDENTITY_MARKER,POSITIVE,2021,
We will fight these gangs at home and abroad because their victims are invariably the poorest and the neediest.,97,109,the neediest,IDENTITY_MARKER,POSITIVE,2021,
I'll tell you what leveling up is.,10,13,you,PRONOUN,NEUTRAL,2021,
I'll tell you what leveling up is.,19,30,leveling up,IDENTITY_MARKER,NEUTRAL,2021,
"A few years ago, they started a school not far from the Olympic Park.",17,21,they,PRONOUN,NEUTRAL,2021,
"A few years ago, they started a school not far from the Olympic Park.",30,38,a school,IDENTITY_MARKER,NEUTRAL,2021,
"A few years ago, they started a school not far from the Olympic Park.",52,68,the Olympic Park,IDENTITY_MARKER,NEUTRAL,2021,
A new school anyone could send their kids to in an area that for decades has been one of the most disadvantaged in London.,0,12,A new school,IDENTITY_MARKER,POSITIVE,2021,
A new school anyone could send their kids to in an area that for decades has been one of the most disadvantaged in London.,13,19,anyone,IDENTITY_MARKER,POSITIVE,2021,
A new school anyone could send their kids to in an area that for decades has been one of the most disadvantaged in London.,31,41,their kids,IDENTITY_MARKER,POSITIVE,2021,
A new school anyone could send their kids to in an area that for decades has been one of the most disadvantaged in London.,48,55,an area,IDENTITY_MARKER,POSITIVE,2021,
A new school anyone could send their kids to in an area that for decades has been one of the most disadvantaged in London.,82,121,one of the most disadvantaged in London,IDENTITY_MARKER,NEGATIVE,2021,
"That school is Brampton Manor Academy, and it now sends more kids to Oxbridge than Eton.",0,11,That school,IDENTITY_MARKER,POSITIVE,2021,
"That school is Brampton Manor Academy, and it now sends more kids to Oxbridge than Eton.",15,37,Brampton Manor Academy,IDENTITY_MARKER,POSITIVE,2021,
"That school is Brampton Manor Academy, and it now sends more kids to Oxbridge than Eton.",43,45,it,PRONOUN,POSITIVE,2021,
"That school is Brampton Manor Academy, and it now sends more kids to Oxbridge than Eton.",56,65,more kids,IDENTITY_MARKER,NEUTRAL,2021,
"That school is Brampton Manor Academy, and it now sends more kids to Oxbridge than Eton.",69,77,Oxbridge,IDENTITY_MARKER,POSITIVE,2021,
"That school is Brampton Manor Academy, and it now sends more kids to Oxbridge than Eton.",83,87,Eton,IDENTITY_MARKER,NEUTRAL,2021,
"If you want proof of what I mean by unleashing potential and by leveling up, look at Brampton Manor.",3,6,you,PRONOUN,NEUTRAL,2021,
"If you want proof of what I mean by unleashing potential and by leveling up, look at Brampton Manor.",47,56,potential,IDENTITY_MARKER,POSITIVE,2021,
"If you want proof of what I mean by unleashing potential and by leveling up, look at Brampton Manor.",64,75,leveling up,IDENTITY_MARKER,POSITIVE,2021,
"If you want proof of what I mean by unleashing potential and by leveling up, look at Brampton Manor.",85,99,Brampton Manor,IDENTITY_MARKER,POSITIVE,2021,
We can do it.,0,2,We,PRONOUN,POSITIVE,2021,
We can do it.,10,12,it,PRONOUN,POSITIVE,2021,
There is absolutely no reason why the kids of this country should lag behind and why so many should be unable to read or write or do basic mathematics at 11.,34,58,the kids of this country,IDENTITY_MARKER,POSITIVE,2021,
There is absolutely no reason why the kids of this country should lag behind and why so many should be unable to read or write or do basic mathematics at 11.,85,92,so many,IDENTITY_MARKER,NEGATIVE,2021,
"To level up, on top of the extra 14 billion we're putting into education, on top of the increase that means every teacher starts with a salary of 30,000 pounds, we're announcing today a leveling up premium of up to 3,000 pounds to send the best maths and science teachers to the places that need the most.",23,43,the extra 14 billion,IDENTITY_MARKER,POSITIVE,2021,
"To level up, on top of the extra 14 billion we're putting into education, on top of the increase that means every teacher starts with a salary of 30,000 pounds, we're announcing today a leveling up premium of up to 3,000 pounds to send the best maths and science teachers to the places that need the most.",44,46,we,PRONOUN,POSITIVE,2021,
"To level up, on top of the extra 14 billion we're putting into education, on top of the increase that means every teacher starts with a salary of 30,000 pounds, we're announcing today a leveling up premium of up to 3,000 pounds to send the best maths and science teachers to the places that need the most.",63,72,education,IDENTITY_MARKER,POSITIVE,2021,
"To level up, on top of the extra 14 billion we're putting into education, on top of the increase that means every teacher starts with a salary of 30,000 pounds, we're announcing today a leveling up premium of up to 3,000 pounds to send the best maths and science teachers to the places that need the most.",84,96,the increase,IDENTITY_MARKER,POSITIVE,2021,
"To level up, on top of the extra 14 billion we're putting into education, on top of the increase that means every teacher starts with a salary of 30,000 pounds, we're announcing today a leveling up premium of up to 3,000 pounds to send the best maths and science teachers to the places that need the most.",108,121,every teacher,IDENTITY_MARKER,POSITIVE,2021,
"To level up, on top of the extra 14 billion we're putting into education, on top of the increase that means every teacher starts with a salary of 30,000 pounds, we're announcing today a leveling up premium of up to 3,000 pounds to send the best maths and science teachers to the places that need the most.",134,159,"a salary of 30,000 pounds",IDENTITY_MARKER,POSITIVE,2021,
"To level up, on top of the extra 14 billion we're putting into education, on top of the increase that means every teacher starts with a salary of 30,000 pounds, we're announcing today a leveling up premium of up to 3,000 pounds to send the best maths and science teachers to the places that need the most.",161,163,we,PRONOUN,POSITIVE,2021,
"To level up, on top of the extra 14 billion we're putting into education, on top of the increase that means every teacher starts with a salary of 30,000 pounds, we're announcing today a leveling up premium of up to 3,000 pounds to send the best maths and science teachers to the places that need the most.",186,197,leveling up,IDENTITY_MARKER,POSITIVE,2021,
"To level up, on top of the extra 14 billion we're putting into education, on top of the increase that means every teacher starts with a salary of 30,000 pounds, we're announcing today a leveling up premium of up to 3,000 pounds to send the best maths and science teachers to the places that need the most.",236,271,the best maths and science teachers,IDENTITY_MARKER,POSITIVE,2021,
"To level up, on top of the extra 14 billion we're putting into education, on top of the increase that means every teacher starts with a salary of 30,000 pounds, we're announcing today a leveling up premium of up to 3,000 pounds to send the best maths and science teachers to the places that need the most.",275,304,the places that need the most,IDENTITY_MARKER,POSITIVE,2021,
"Above all, we're investing in our skills.",11,13,we,PRONOUN,POSITIVE,2021,
"Above all, we're investing in our skills.",30,40,our skills,IDENTITY_MARKER,POSITIVE,2021,
"Skills, folks.",8,13,folks,IDENTITY_MARKER,NEUTRAL,2021,
Our universities are world beating.,0,16,Our universities,IDENTITY_MARKER,POSITIVE,2021,
I owe everything to my tutors.,20,29,my tutors,IDENTITY_MARKER,POSITIVE,2021,
They're one of the great glories of our economy.,0,4,They,PRONOUN,POSITIVE,2021,
They're one of the great glories of our economy.,8,47,one of the great glories of our economy,IDENTITY_MARKER,POSITIVE,2021,
"But we all know that some of the most brilliant, imaginative and creative people in Britain, some of the best-paid people in Britain, did not go to university.",4,6,we,PRONOUN,POSITIVE,2021,
"But we all know that some of the most brilliant, imaginative and creative people in Britain, some of the best-paid people in Britain, did not go to university.",21,91,"some of the most brilliant, imaginative and creative people in Britain",IDENTITY_MARKER,POSITIVE,2021,
"But we all know that some of the most brilliant, imaginative and creative people in Britain, some of the best-paid people in Britain, did not go to university.",93,132,some of the best-paid people in Britain,IDENTITY_MARKER,POSITIVE,2021,
"But we all know that some of the most brilliant, imaginative and creative people in Britain, some of the best-paid people in Britain, did not go to university.",148,158,university,IDENTITY_MARKER,NEUTRAL,2021,
"To level up, you need to give people the options, the skills, that are right for them.",3,11,level up,IDENTITY_MARKER,POSITIVE,2021,
"To level up, you need to give people the options, the skills, that are right for them.",13,16,you,PRONOUN,POSITIVE,2021,
"To level up, you need to give people the options, the skills, that are right for them.",30,36,people,IDENTITY_MARKER,POSITIVE,2021,
"To level up, you need to give people the options, the skills, that are right for them.",37,48,the options,IDENTITY_MARKER,POSITIVE,2021,
"To level up, you need to give people the options, the skills, that are right for them.",50,60,the skills,IDENTITY_MARKER,POSITIVE,2021,
"To level up, you need to give people the options, the skills, that are right for them.",81,85,them,PRONOUN,POSITIVE,2021,
"To make the most of those skills and knowledge, you need urgently to plug all the other gaps in the infrastructure that are still holding people and communities back.",20,46,those skills and knowledge,IDENTITY_MARKER,POSITIVE,2021,
"To make the most of those skills and knowledge, you need urgently to plug all the other gaps in the infrastructure that are still holding people and communities back.",48,51,you,PRONOUN,NEUTRAL,2021,
"To make the most of those skills and knowledge, you need urgently to plug all the other gaps in the infrastructure that are still holding people and communities back.",74,92,all the other gaps,IDENTITY_MARKER,NEGATIVE,2021,
"To make the most of those skills and knowledge, you need urgently to plug all the other gaps in the infrastructure that are still holding people and communities back.",96,114,the infrastructure,IDENTITY_MARKER,NEUTRAL,2021,
"To make the most of those skills and knowledge, you need urgently to plug all the other gaps in the infrastructure that are still holding people and communities back.",138,144,people,IDENTITY_MARKER,POSITIVE,2021,
"To make the most of those skills and knowledge, you need urgently to plug all the other gaps in the infrastructure that are still holding people and communities back.",149,160,communities,IDENTITY_MARKER,POSITIVE,2021,
"As I've been saying over this wonderful conference to you, when I became leader of this party, there were only, can you remember what percentage of households had gigabit broadband when you were so kind as to make me leader?",25,50,this wonderful conference,IDENTITY_MARKER,POSITIVE,2021,
"As I've been saying over this wonderful conference to you, when I became leader of this party, there were only, can you remember what percentage of households had gigabit broadband when you were so kind as to make me leader?",54,57,you,PRONOUN,NEUTRAL,2021,
"As I've been saying over this wonderful conference to you, when I became leader of this party, there were only, can you remember what percentage of households had gigabit broadband when you were so kind as to make me leader?",73,93,leader of this party,IDENTITY_MARKER,NEUTRAL,2021,
"As I've been saying over this wonderful conference to you, when I became leader of this party, there were only, can you remember what percentage of households had gigabit broadband when you were so kind as to make me leader?",116,119,you,PRONOUN,NEUTRAL,2021,
"As I've been saying over this wonderful conference to you, when I became leader of this party, there were only, can you remember what percentage of households had gigabit broadband when you were so kind as to make me leader?",134,158,percentage of households,IDENTITY_MARKER,NEUTRAL,2021,
"As I've been saying over this wonderful conference to you, when I became leader of this party, there were only, can you remember what percentage of households had gigabit broadband when you were so kind as to make me leader?",163,180,gigabit broadband,IDENTITY_MARKER,POSITIVE,2021,
"As I've been saying over this wonderful conference to you, when I became leader of this party, there were only, can you remember what percentage of households had gigabit broadband when you were so kind as to make me leader?",186,189,you,PRONOUN,POSITIVE,2021,
"As I've been saying over this wonderful conference to you, when I became leader of this party, there were only, can you remember what percentage of households had gigabit broadband when you were so kind as to make me leader?",217,223,leader,IDENTITY_MARKER,POSITIVE,2021,
Seven.,,,,,,2021,
You've been paying attention this.,0,3,You,PRONOUN,POSITIVE,2021,
You've been paying attention this.,29,33,this,IDENTITY_MARKER,POSITIVE,2021,
Only 7%.,,,,,,2021,
They're absolutely right.,0,4,They,PRONOUN,POSITIVE,2021,
But what will it be by the new year?,14,16,it,PRONOUN,NEUTRAL,2021,
"Boris Johnson: Actually, I'm told tonight it's 68% by the new year.",0,13,Boris Johnson,IDENTITY_MARKER,NEUTRAL,2021,
"Boris Johnson: Actually, I'm told tonight it's 68% by the new year.",42,44,it,PRONOUN,NEUTRAL,2021,
"Thanks to Rishi's super deduction, the pace is now accelerating massively as companies thrust the fiber optic vermicelli in the most hard-to-reach places.",10,33,Rishi's super deduction,IDENTITY_MARKER,POSITIVE,2021,
"Thanks to Rishi's super deduction, the pace is now accelerating massively as companies thrust the fiber optic vermicelli in the most hard-to-reach places.",35,43,the pace,IDENTITY_MARKER,POSITIVE,2021,
"Thanks to Rishi's super deduction, the pace is now accelerating massively as companies thrust the fiber optic vermicelli in the most hard-to-reach places.",77,86,companies,IDENTITY_MARKER,POSITIVE,2021,
"Thanks to Rishi's super deduction, the pace is now accelerating massively as companies thrust the fiber optic vermicelli in the most hard-to-reach places.",94,120,the fiber optic vermicelli,IDENTITY_MARKER,POSITIVE,2021,
"Thanks to Rishi's super deduction, the pace is now accelerating massively as companies thrust the fiber optic vermicelli in the most hard-to-reach places.",124,153,the most hard-to-reach places,IDENTITY_MARKER,NEGATIVE,2021,
"It's wonderful for years, the SNP leader in Westminster, Ian Blackford has been telling the Commons that he is nothing but a humble crofter on the Isle of Skye.",0,2,It,PRONOUN,NEGATIVE,2021,
"It's wonderful for years, the SNP leader in Westminster, Ian Blackford has been telling the Commons that he is nothing but a humble crofter on the Isle of Skye.",26,55,the SNP leader in Westminster,IDENTITY_MARKER,NEGATIVE,2021,
"It's wonderful for years, the SNP leader in Westminster, Ian Blackford has been telling the Commons that he is nothing but a humble crofter on the Isle of Skye.",57,70,Ian Blackford,IDENTITY_MARKER,NEGATIVE,2021,
"It's wonderful for years, the SNP leader in Westminster, Ian Blackford has been telling the Commons that he is nothing but a humble crofter on the Isle of Skye.",88,99,the Commons,IDENTITY_MARKER,NEGATIVE,2021,
"It's wonderful for years, the SNP leader in Westminster, Ian Blackford has been telling the Commons that he is nothing but a humble crofter on the Isle of Skye.",105,107,he,PRONOUN,NEGATIVE,2021,
"It's wonderful for years, the SNP leader in Westminster, Ian Blackford has been telling the Commons that he is nothing but a humble crofter on the Isle of Skye.",123,139,a humble crofter,IDENTITY_MARKER,NEGATIVE,2021,
"It's wonderful for years, the SNP leader in Westminster, Ian Blackford has been telling the Commons that he is nothing but a humble crofter on the Isle of Skye.",143,159,the Isle of Skye,IDENTITY_MARKER,NEUTRAL,2021,
"Well, now that we have fiber optic broadband of a very high quality, we can inspect the library, or is it perhaps the billiard room of Ian Blackford's croft?",15,17,we,PRONOUN,POSITIVE,2021,
"Well, now that we have fiber optic broadband of a very high quality, we can inspect the library, or is it perhaps the billiard room of Ian Blackford's croft?",23,44,fiber optic broadband,IDENTITY_MARKER,POSITIVE,2021,
"Well, now that we have fiber optic broadband of a very high quality, we can inspect the library, or is it perhaps the billiard room of Ian Blackford's croft?",69,71,we,PRONOUN,NEUTRAL,2021,
"Well, now that we have fiber optic broadband of a very high quality, we can inspect the library, or is it perhaps the billiard room of Ian Blackford's croft?",84,95,the library,IDENTITY_MARKER,NEUTRAL,2021,
"Well, now that we have fiber optic broadband of a very high quality, we can inspect the library, or is it perhaps the billiard room of Ian Blackford's croft?",103,105,it,PRONOUN,NEGATIVE,2021,
"Well, now that we have fiber optic broadband of a very high quality, we can inspect the library, or is it perhaps the billiard room of Ian Blackford's croft?",114,156,the billiard room of Ian Blackford's croft,IDENTITY_MARKER,NEGATIVE,2021,
And that is leveling up in action.,4,8,that,IDENTITY_MARKER,POSITIVE,2021,
And that is leveling up in action.,12,23,leveling up,IDENTITY_MARKER,POSITIVE,2021,
"My friends, it's not good enough just to rely on Zoom.",0,10,My friends,IDENTITY_MARKER,POSITIVE,2021,
"My friends, it's not good enough just to rely on Zoom.",12,14,it,PRONOUN,NEUTRAL,2021,
"My friends, it's not good enough just to rely on Zoom.",49,53,Zoom,IDENTITY_MARKER,NEUTRAL,2021,
"After decades of dark decisions, our national infrastructure is way behind some of our key competitors.",17,31,dark decisions,IDENTITY_MARKER,NEGATIVE,2021,
"After decades of dark decisions, our national infrastructure is way behind some of our key competitors.",33,60,our national infrastructure,IDENTITY_MARKER,NEGATIVE,2021,
"After decades of dark decisions, our national infrastructure is way behind some of our key competitors.",75,102,some of our key competitors,IDENTITY_MARKER,NEUTRAL,2021,
"It's a disgrace that you still can't swiftly cross the Pennines by rail, a disgrace that Leeds is the largest city in Europe with no proper Metro system, a waste of human potential that so many places are not served by decent bus routes.",21,24,you,PRONOUN,NEUTRAL,2021,
"It's a disgrace that you still can't swiftly cross the Pennines by rail, a disgrace that Leeds is the largest city in Europe with no proper Metro system, a waste of human potential that so many places are not served by decent bus routes.",51,63,the Pennines,IDENTITY_MARKER,NEUTRAL,2021,
"It's a disgrace that you still can't swiftly cross the Pennines by rail, a disgrace that Leeds is the largest city in Europe with no proper Metro system, a waste of human potential that so many places are not served by decent bus routes.",67,71,rail,IDENTITY_MARKER,NEUTRAL,2021,
"It's a disgrace that you still can't swiftly cross the Pennines by rail, a disgrace that Leeds is the largest city in Europe with no proper Metro system, a waste of human potential that so many places are not served by decent bus routes.",89,94,Leeds,IDENTITY_MARKER,NEUTRAL,2021,
"It's a disgrace that you still can't swiftly cross the Pennines by rail, a disgrace that Leeds is the largest city in Europe with no proper Metro system, a waste of human potential that so many places are not served by decent bus routes.",140,152,Metro system,IDENTITY_MARKER,POSITIVE,2021,
"It's a disgrace that you still can't swiftly cross the Pennines by rail, a disgrace that Leeds is the largest city in Europe with no proper Metro system, a waste of human potential that so many places are not served by decent bus routes.",165,180,human potential,IDENTITY_MARKER,POSITIVE,2021,
"It's a disgrace that you still can't swiftly cross the Pennines by rail, a disgrace that Leeds is the largest city in Europe with no proper Metro system, a waste of human potential that so many places are not served by decent bus routes.",189,200,many places,IDENTITY_MARKER,NEUTRAL,2021,
"It's a disgrace that you still can't swiftly cross the Pennines by rail, a disgrace that Leeds is the largest city in Europe with no proper Metro system, a waste of human potential that so many places are not served by decent bus routes.",219,236,decent bus routes,IDENTITY_MARKER,POSITIVE,2021,
"Transport is one of the supreme leveler uppers, and we are making the big generational changes shirked by previous governments.",0,9,Transport,IDENTITY_MARKER,POSITIVE,2021,
"Transport is one of the supreme leveler uppers, and we are making the big generational changes shirked by previous governments.",13,46,one of the supreme leveler uppers,IDENTITY_MARKER,POSITIVE,2021,
"Transport is one of the supreme leveler uppers, and we are making the big generational changes shirked by previous governments.",52,54,we,PRONOUN,POSITIVE,2021,
"Transport is one of the supreme leveler uppers, and we are making the big generational changes shirked by previous governments.",66,94,the big generational changes,IDENTITY_MARKER,POSITIVE,2021,
"Transport is one of the supreme leveler uppers, and we are making the big generational changes shirked by previous governments.",106,126,previous governments,IDENTITY_MARKER,NEGATIVE,2021,
We will do northern powerhouse rail.,0,2,We,PRONOUN,POSITIVE,2021,
We will do northern powerhouse rail.,11,35,northern powerhouse rail,IDENTITY_MARKER,POSITIVE,2021,
We will link up the cities of the Midlands of the north.,0,2,We,PRONOUN,POSITIVE,2021,
We will link up the cities of the Midlands of the north.,16,55,the cities of the Midlands of the north,IDENTITY_MARKER,POSITIVE,2021,
"We will restore those sinews of the union that have been allowed to atrophy: The A1 north of Berwick and on into Scotland, the A75 in Scotland that is so vital for the links with Northern Ireland and the rest of the country, the North Wales corridor.",0,2,We,PRONOUN,POSITIVE,2021,
"We will restore those sinews of the union that have been allowed to atrophy: The A1 north of Berwick and on into Scotland, the A75 in Scotland that is so vital for the links with Northern Ireland and the rest of the country, the North Wales corridor.",16,41,those sinews of the union,IDENTITY_MARKER,NEGATIVE,2021,
"We will restore those sinews of the union that have been allowed to atrophy: The A1 north of Berwick and on into Scotland, the A75 in Scotland that is so vital for the links with Northern Ireland and the rest of the country, the North Wales corridor.",77,100,The A1 north of Berwick,IDENTITY_MARKER,NEUTRAL,2021,
"We will restore those sinews of the union that have been allowed to atrophy: The A1 north of Berwick and on into Scotland, the A75 in Scotland that is so vital for the links with Northern Ireland and the rest of the country, the North Wales corridor.",113,121,Scotland,IDENTITY_MARKER,NEUTRAL,2021,
"We will restore those sinews of the union that have been allowed to atrophy: The A1 north of Berwick and on into Scotland, the A75 in Scotland that is so vital for the links with Northern Ireland and the rest of the country, the North Wales corridor.",123,142,the A75 in Scotland,IDENTITY_MARKER,NEUTRAL,2021,
"We will restore those sinews of the union that have been allowed to atrophy: The A1 north of Berwick and on into Scotland, the A75 in Scotland that is so vital for the links with Northern Ireland and the rest of the country, the North Wales corridor.",164,195,the links with Northern Ireland,IDENTITY_MARKER,NEUTRAL,2021,
"We will restore those sinews of the union that have been allowed to atrophy: The A1 north of Berwick and on into Scotland, the A75 in Scotland that is so vital for the links with Northern Ireland and the rest of the country, the North Wales corridor.",200,223,the rest of the country,IDENTITY_MARKER,NEUTRAL,2021,
"We will restore those sinews of the union that have been allowed to atrophy: The A1 north of Berwick and on into Scotland, the A75 in Scotland that is so vital for the links with Northern Ireland and the rest of the country, the North Wales corridor.",225,249,the North Wales corridor,IDENTITY_MARKER,NEUTRAL,2021,
"And we will invest in our roads, unblocking, those coagulated, roundabouts and steering wheel bending traffic lights.",4,6,we,PRONOUN,POSITIVE,2021,
"And we will invest in our roads, unblocking, those coagulated, roundabouts and steering wheel bending traffic lights.",22,31,our roads,IDENTITY_MARKER,POSITIVE,2021,
"And we will invest in our roads, unblocking, those coagulated, roundabouts and steering wheel bending traffic lights.",45,74,"those coagulated, roundabouts",IDENTITY_MARKER,NEGATIVE,2021,
"And we will invest in our roads, unblocking, those coagulated, roundabouts and steering wheel bending traffic lights.",79,116,steering wheel bending traffic lights,IDENTITY_MARKER,NEGATIVE,2021,
"We're putting on 4,000 more clean, green buses made in this country, some of them running on hydrogen.",0,2,We,PRONOUN,POSITIVE,2021,
"We're putting on 4,000 more clean, green buses made in this country, some of them running on hydrogen.",17,46,"4,000 more clean, green buses",IDENTITY_MARKER,POSITIVE,2021,
"We're putting on 4,000 more clean, green buses made in this country, some of them running on hydrogen.",55,67,this country,IDENTITY_MARKER,POSITIVE,2021,
"We're putting on 4,000 more clean, green buses made in this country, some of them running on hydrogen.",69,81,some of them,IDENTITY_MARKER,POSITIVE,2021,
"We're putting on 4,000 more clean, green buses made in this country, some of them running on hydrogen.",93,101,hydrogen,IDENTITY_MARKER,POSITIVE,2021,
"As we come out of COVID, our towns and cities are going to be buzzing with life because we know that a productive workforce needs the spur that only comes with face-to-face meetings and water cooler gossip.",3,5,we,PRONOUN,NEUTRAL,2021,
"As we come out of COVID, our towns and cities are going to be buzzing with life because we know that a productive workforce needs the spur that only comes with face-to-face meetings and water cooler gossip.",18,23,COVID,IDENTITY_MARKER,NEGATIVE,2021,
"As we come out of COVID, our towns and cities are going to be buzzing with life because we know that a productive workforce needs the spur that only comes with face-to-face meetings and water cooler gossip.",25,45,our towns and cities,IDENTITY_MARKER,POSITIVE,2021,
"As we come out of COVID, our towns and cities are going to be buzzing with life because we know that a productive workforce needs the spur that only comes with face-to-face meetings and water cooler gossip.",75,79,life,IDENTITY_MARKER,POSITIVE,2021,
"As we come out of COVID, our towns and cities are going to be buzzing with life because we know that a productive workforce needs the spur that only comes with face-to-face meetings and water cooler gossip.",88,90,we,PRONOUN,POSITIVE,2021,
"As we come out of COVID, our towns and cities are going to be buzzing with life because we know that a productive workforce needs the spur that only comes with face-to-face meetings and water cooler gossip.",101,123,a productive workforce,IDENTITY_MARKER,POSITIVE,2021,
"As we come out of COVID, our towns and cities are going to be buzzing with life because we know that a productive workforce needs the spur that only comes with face-to-face meetings and water cooler gossip.",130,138,the spur,IDENTITY_MARKER,POSITIVE,2021,
"As we come out of COVID, our towns and cities are going to be buzzing with life because we know that a productive workforce needs the spur that only comes with face-to-face meetings and water cooler gossip.",160,181,face-to-face meetings,IDENTITY_MARKER,POSITIVE,2021,
"As we come out of COVID, our towns and cities are going to be buzzing with life because we know that a productive workforce needs the spur that only comes with face-to-face meetings and water cooler gossip.",186,205,water cooler gossip,IDENTITY_MARKER,POSITIVE,2021,
"If young people are to learn on the job in the way that they always have and must, we will and must see people back in the office.",3,15,young people,IDENTITY_MARKER,NEUTRAL,2021,
"If young people are to learn on the job in the way that they always have and must, we will and must see people back in the office.",32,39,the job,IDENTITY_MARKER,POSITIVE,2021,
"If young people are to learn on the job in the way that they always have and must, we will and must see people back in the office.",56,60,they,PRONOUN,NEUTRAL,2021,
"If young people are to learn on the job in the way that they always have and must, we will and must see people back in the office.",83,85,we,PRONOUN,POSITIVE,2021,
"If young people are to learn on the job in the way that they always have and must, we will and must see people back in the office.",104,110,people,IDENTITY_MARKER,POSITIVE,2021,
"If young people are to learn on the job in the way that they always have and must, we will and must see people back in the office.",119,129,the office,IDENTITY_MARKER,POSITIVE,2021,
That is why- Boris Johnson: ... must see people back in the office and that is why... and that is why we are building back better.,0,4,That,IDENTITY_MARKER,NEUTRAL,2021,
That is why- Boris Johnson: ... must see people back in the office and that is why... and that is why we are building back better.,13,26,Boris Johnson,IDENTITY_MARKER,NEUTRAL,2021,
That is why- Boris Johnson: ... must see people back in the office and that is why... and that is why we are building back better.,41,47,people,IDENTITY_MARKER,NEUTRAL,2021,
That is why- Boris Johnson: ... must see people back in the office and that is why... and that is why we are building back better.,56,66,the office,IDENTITY_MARKER,POSITIVE,2021,
That is why- Boris Johnson: ... must see people back in the office and that is why... and that is why we are building back better.,71,75,that,IDENTITY_MARKER,NEUTRAL,2021,
That is why- Boris Johnson: ... must see people back in the office and that is why... and that is why we are building back better.,90,94,that,IDENTITY_MARKER,NEUTRAL,2021,
That is why- Boris Johnson: ... must see people back in the office and that is why... and that is why we are building back better.,102,104,we,PRONOUN,POSITIVE,2021,
That is why we are building back better with a once in a century 640 billion pound program of investment.,0,4,That,IDENTITY_MARKER,NEUTRAL,2021,
That is why we are building back better with a once in a century 640 billion pound program of investment.,12,14,we,PRONOUN,POSITIVE,2021,
That is why we are building back better with a once in a century 640 billion pound program of investment.,45,104,a once in a century 640 billion pound program of investment,IDENTITY_MARKER,POSITIVE,2021,
"And by making neighborhoods safer, by putting in the gigabit broadband, by putting in the roads and the schools and the healthcare, we will enable more young people everywhere to share the dream of home ownership.",14,27,neighborhoods,IDENTITY_MARKER,POSITIVE,2021,
"And by making neighborhoods safer, by putting in the gigabit broadband, by putting in the roads and the schools and the healthcare, we will enable more young people everywhere to share the dream of home ownership.",49,70,the gigabit broadband,IDENTITY_MARKER,POSITIVE,2021,
"And by making neighborhoods safer, by putting in the gigabit broadband, by putting in the roads and the schools and the healthcare, we will enable more young people everywhere to share the dream of home ownership.",86,95,the roads,IDENTITY_MARKER,POSITIVE,2021,
"And by making neighborhoods safer, by putting in the gigabit broadband, by putting in the roads and the schools and the healthcare, we will enable more young people everywhere to share the dream of home ownership.",100,111,the schools,IDENTITY_MARKER,POSITIVE,2021,
"And by making neighborhoods safer, by putting in the gigabit broadband, by putting in the roads and the schools and the healthcare, we will enable more young people everywhere to share the dream of home ownership.",116,130,the healthcare,IDENTITY_MARKER,POSITIVE,2021,
"And by making neighborhoods safer, by putting in the gigabit broadband, by putting in the roads and the schools and the healthcare, we will enable more young people everywhere to share the dream of home ownership.",132,134,we,PRONOUN,POSITIVE,2021,
"And by making neighborhoods safer, by putting in the gigabit broadband, by putting in the roads and the schools and the healthcare, we will enable more young people everywhere to share the dream of home ownership.",147,175,more young people everywhere,IDENTITY_MARKER,POSITIVE,2021,
"And by making neighborhoods safer, by putting in the gigabit broadband, by putting in the roads and the schools and the healthcare, we will enable more young people everywhere to share the dream of home ownership.",185,212,the dream of home ownership,IDENTITY_MARKER,POSITIVE,2021,
"The great ambition of the human race, that the left always privately share but publicly disparage.",0,36,The great ambition of the human race,IDENTITY_MARKER,POSITIVE,2021,
"The great ambition of the human race, that the left always privately share but publicly disparage.",43,51,the left,IDENTITY_MARKER,NEGATIVE,2021,
And we can do it.,4,6,we,PRONOUN,POSITIVE,2021,
And we can do it.,14,16,it,PRONOUN,POSITIVE,2021,
"Look at this country from the air, go on Google Maps.",8,20,this country,IDENTITY_MARKER,NEUTRAL,2021,
"Look at this country from the air, go on Google Maps.",41,52,Google Maps,IDENTITY_MARKER,NEUTRAL,2021,
"You see how our landscape has been plotted and pieced and jigsawed together by centuries of bequests and litigation, a vast testament to security of titled trust in the law.",0,3,You,PRONOUN,NEUTRAL,2021,
"You see how our landscape has been plotted and pieced and jigsawed together by centuries of bequests and litigation, a vast testament to security of titled trust in the law.",12,25,our landscape,IDENTITY_MARKER,NEUTRAL,2021,
"You see how our landscape has been plotted and pieced and jigsawed together by centuries of bequests and litigation, a vast testament to security of titled trust in the law.",92,100,bequests,IDENTITY_MARKER,POSITIVE,2021,
"You see how our landscape has been plotted and pieced and jigsawed together by centuries of bequests and litigation, a vast testament to security of titled trust in the law.",105,115,litigation,IDENTITY_MARKER,POSITIVE,2021,
"You see how our landscape has been plotted and pieced and jigsawed together by centuries of bequests and litigation, a vast testament to security of titled trust in the law.",117,133,a vast testament,IDENTITY_MARKER,POSITIVE,2021,
"You see how our landscape has been plotted and pieced and jigsawed together by centuries of bequests and litigation, a vast testament to security of titled trust in the law.",149,172,titled trust in the law,IDENTITY_MARKER,POSITIVE,2021,
And it's a confidence that is responsible for so much international investment.,4,6,it,PRONOUN,POSITIVE,2021,
And it's a confidence that is responsible for so much international investment.,9,21,a confidence,IDENTITY_MARKER,POSITIVE,2021,
And it's a confidence that is responsible for so much international investment.,54,78,international investment,IDENTITY_MARKER,POSITIVE,2021,
"You see how rich this country is growing, the billions of loving and incremental improvements to homes and gardens.",0,3,You,PRONOUN,NEUTRAL,2021,
"You see how rich this country is growing, the billions of loving and incremental improvements to homes and gardens.",17,29,this country,IDENTITY_MARKER,POSITIVE,2021,
"You see how rich this country is growing, the billions of loving and incremental improvements to homes and gardens.",42,93,the billions of loving and incremental improvements,IDENTITY_MARKER,POSITIVE,2021,
"You see how rich this country is growing, the billions of loving and incremental improvements to homes and gardens.",97,102,homes,IDENTITY_MARKER,POSITIVE,2021,
"You see how rich this country is growing, the billions of loving and incremental improvements to homes and gardens.",107,114,gardens,IDENTITY_MARKER,POSITIVE,2021,
You can see how beautiful it is.,0,3,You,PRONOUN,POSITIVE,2021,
You can see how beautiful it is.,26,28,it,PRONOUN,POSITIVE,2021,
"Vast, untouched moorland, hills, and broad-leafed forests.",0,24,"Vast, untouched moorland",IDENTITY_MARKER,POSITIVE,2021,
"Vast, untouched moorland, hills, and broad-leafed forests.",26,31,hills,IDENTITY_MARKER,POSITIVE,2021,
"Vast, untouched moorland, hills, and broad-leafed forests.",37,57,broad-leafed forests,IDENTITY_MARKER,POSITIVE,2021,
We are going to re-wild parts of the country and consecrate a total of 30% to nature.,0,2,We,PRONOUN,POSITIVE,2021,
We are going to re-wild parts of the country and consecrate a total of 30% to nature.,24,44,parts of the country,IDENTITY_MARKER,POSITIVE,2021,
We are going to re-wild parts of the country and consecrate a total of 30% to nature.,60,73,a total of 30,IDENTITY_MARKER,POSITIVE,2021,
We are going to re-wild parts of the country and consecrate a total of 30% to nature.,78,84,nature,IDENTITY_MARKER,POSITIVE,2021,
We're planting tens of millions of trees.,0,2,We,PRONOUN,POSITIVE,2021,
We're planting tens of millions of trees.,15,40,tens of millions of trees,IDENTITY_MARKER,POSITIVE,2021,
"Otters are returning to rivers from which they've been absent for decades, beavers that have not been seen on some rivers since Tudor times, massacred for their pelts, are now back.",0,6,Otters,IDENTITY_MARKER,POSITIVE,2021,
"Otters are returning to rivers from which they've been absent for decades, beavers that have not been seen on some rivers since Tudor times, massacred for their pelts, are now back.",24,30,rivers,IDENTITY_MARKER,NEUTRAL,2021,
"Otters are returning to rivers from which they've been absent for decades, beavers that have not been seen on some rivers since Tudor times, massacred for their pelts, are now back.",42,46,they,PRONOUN,POSITIVE,2021,
"Otters are returning to rivers from which they've been absent for decades, beavers that have not been seen on some rivers since Tudor times, massacred for their pelts, are now back.",75,82,beavers,IDENTITY_MARKER,POSITIVE,2021,
"Otters are returning to rivers from which they've been absent for decades, beavers that have not been seen on some rivers since Tudor times, massacred for their pelts, are now back.",110,121,some rivers,IDENTITY_MARKER,NEUTRAL,2021,
"Otters are returning to rivers from which they've been absent for decades, beavers that have not been seen on some rivers since Tudor times, massacred for their pelts, are now back.",155,166,their pelts,IDENTITY_MARKER,NEGATIVE,2021,
"And if that isn't conservatism, my friends, I don't know what is.",7,11,that,IDENTITY_MARKER,POSITIVE,2021,
"And if that isn't conservatism, my friends, I don't know what is.",18,30,conservatism,IDENTITY_MARKER,POSITIVE,2021,
"And if that isn't conservatism, my friends, I don't know what is.",32,42,my friends,IDENTITY_MARKER,POSITIVE,2021,
"Build back beaver, I say.",11,17,beaver,IDENTITY_MARKER,POSITIVE,2021,
Build back beaver.,11,17,beaver,IDENTITY_MARKER,POSITIVE,2021,
"Though the beavers may sometimes build without local authority permission, you can also see how much room there is to build the homes that young families need in this country.",7,18,the beavers,IDENTITY_MARKER,NEGATIVE,2021,
"Though the beavers may sometimes build without local authority permission, you can also see how much room there is to build the homes that young families need in this country.",47,73,local authority permission,IDENTITY_MARKER,POSITIVE,2021,
"Though the beavers may sometimes build without local authority permission, you can also see how much room there is to build the homes that young families need in this country.",75,78,you,PRONOUN,POSITIVE,2021,
"Though the beavers may sometimes build without local authority permission, you can also see how much room there is to build the homes that young families need in this country.",124,133,the homes,IDENTITY_MARKER,POSITIVE,2021,
"Though the beavers may sometimes build without local authority permission, you can also see how much room there is to build the homes that young families need in this country.",139,153,young families,IDENTITY_MARKER,POSITIVE,2021,
"Though the beavers may sometimes build without local authority permission, you can also see how much room there is to build the homes that young families need in this country.",162,174,this country,IDENTITY_MARKER,POSITIVE,2021,682
"Not on green fields, not just jammed in the Southeast, but beautiful homes on Brownfield sites in places where homes make sense.",7,19,green fields,IDENTITY_MARKER,NEGATIVE,2021,290
"Not on green fields, not just jammed in the Southeast, but beautiful homes on Brownfield sites in places where homes make sense.",40,53,the Southeast,IDENTITY_MARKER,NEGATIVE,2021,247
"Not on green fields, not just jammed in the Southeast, but beautiful homes on Brownfield sites in places where homes make sense.",59,74,beautiful homes,IDENTITY_MARKER,POSITIVE,2021,
"Not on green fields, not just jammed in the Southeast, but beautiful homes on Brownfield sites in places where homes make sense.",78,94,Brownfield sites,IDENTITY_MARKER,POSITIVE,2021,
"Not on green fields, not just jammed in the Southeast, but beautiful homes on Brownfield sites in places where homes make sense.",98,104,places,IDENTITY_MARKER,POSITIVE,2021,
"Not on green fields, not just jammed in the Southeast, but beautiful homes on Brownfield sites in places where homes make sense.",111,116,homes,IDENTITY_MARKER,POSITIVE,2021,
And this government is helping young people to afford a home.,4,19,this government,IDENTITY_MARKER,POSITIVE,2021,
And this government is helping young people to afford a home.,31,43,young people,IDENTITY_MARKER,POSITIVE,2021,
And this government is helping young people to afford a home.,54,60,a home,IDENTITY_MARKER,POSITIVE,2021,
"It's been a scandal and a rebuke to what we stand for, that over the last 20 years, the dream of home ownership has receded.",0,2,It,PRONOUN,NEGATIVE,2021,
"It's been a scandal and a rebuke to what we stand for, that over the last 20 years, the dream of home ownership has receded.",10,19,a scandal,IDENTITY_MARKER,NEGATIVE,2021,
"It's been a scandal and a rebuke to what we stand for, that over the last 20 years, the dream of home ownership has receded.",24,32,a rebuke,IDENTITY_MARKER,NEGATIVE,2021,
"It's been a scandal and a rebuke to what we stand for, that over the last 20 years, the dream of home ownership has receded.",41,43,we,PRONOUN,POSITIVE,2021,
"It's been a scandal and a rebuke to what we stand for, that over the last 20 years, the dream of home ownership has receded.",84,111,the dream of home ownership,IDENTITY_MARKER,POSITIVE,2021,
"And yet under this government, we are turning the tide, and we've not only built more homes than at any time in the last 30 years.",14,29,this government,IDENTITY_MARKER,POSITIVE,2021,
"And yet under this government, we are turning the tide, and we've not only built more homes than at any time in the last 30 years.",31,33,we,PRONOUN,POSITIVE,2021,
"And yet under this government, we are turning the tide, and we've not only built more homes than at any time in the last 30 years.",46,54,the tide,IDENTITY_MARKER,POSITIVE,2021,
"And yet under this government, we are turning the tide, and we've not only built more homes than at any time in the last 30 years.",60,62,we,PRONOUN,POSITIVE,2021,
"And yet under this government, we are turning the tide, and we've not only built more homes than at any time in the last 30 years.",81,91,more homes,IDENTITY_MARKER,POSITIVE,2021,
We're helping young people onto the property ladder with our 95% mortgages.,0,2,We,PRONOUN,POSITIVE,2021,
We're helping young people onto the property ladder with our 95% mortgages.,14,26,young people,IDENTITY_MARKER,POSITIVE,2021,
We're helping young people onto the property ladder with our 95% mortgages.,32,51,the property ladder,IDENTITY_MARKER,POSITIVE,2021,
We're helping young people onto the property ladder with our 95% mortgages.,57,74,our 95% mortgages,IDENTITY_MARKER,POSITIVE,2021,
And there is no happiness like taking a set of keys and knowing the place is yours.,38,51,a set of keys,IDENTITY_MARKER,POSITIVE,2021,
And there is no happiness like taking a set of keys and knowing the place is yours.,64,73,the place,IDENTITY_MARKER,POSITIVE,2021,
And there is no happiness like taking a set of keys and knowing the place is yours.,77,82,yours,IDENTITY_MARKER,POSITIVE,2021,
And you can paint the front door any color you like.,4,7,you,PRONOUN,POSITIVE,2021,
And you can paint the front door any color you like.,18,32,the front door,IDENTITY_MARKER,NEUTRAL,2021,
And you can paint the front door any color you like.,43,46,you,PRONOUN,POSITIVE,2021,
"As it happens, I can't paint my own front door any color I like.",3,5,it,PRONOUN,NEUTRAL,2021,
"As it happens, I can't paint my own front door any color I like.",29,46,my own front door,IDENTITY_MARKER,NEUTRAL,2021,
"It has to be black, but I certainly don't have to go very far to work.",0,2,It,PRONOUN,NEUTRAL,2021,
"It has to be black, but I certainly don't have to go very far to work.",65,69,work,IDENTITY_MARKER,NEUTRAL,2021,
"And if you don't have to go far to work and your commute isn't too dreadful, and if the job suits your skills and your wifi is fast and reliable, I'll tell you something else, that housing in the right place and at an affordable price will add massively, not just to your general joie de vivre, but to your productivity.",7,10,you,PRONOUN,NEUTRAL,2021,
"And if you don't have to go far to work and your commute isn't too dreadful, and if the job suits your skills and your wifi is fast and reliable, I'll tell you something else, that housing in the right place and at an affordable price will add massively, not just to your general joie de vivre, but to your productivity.",35,39,work,IDENTITY_MARKER,NEUTRAL,2021,
"And if you don't have to go far to work and your commute isn't too dreadful, and if the job suits your skills and your wifi is fast and reliable, I'll tell you something else, that housing in the right place and at an affordable price will add massively, not just to your general joie de vivre, but to your productivity.",44,56,your commute,IDENTITY_MARKER,NEUTRAL,2021,
"And if you don't have to go far to work and your commute isn't too dreadful, and if the job suits your skills and your wifi is fast and reliable, I'll tell you something else, that housing in the right place and at an affordable price will add massively, not just to your general joie de vivre, but to your productivity.",84,91,the job,IDENTITY_MARKER,POSITIVE,2021,
"And if you don't have to go far to work and your commute isn't too dreadful, and if the job suits your skills and your wifi is fast and reliable, I'll tell you something else, that housing in the right place and at an affordable price will add massively, not just to your general joie de vivre, but to your productivity.",98,109,your skills,IDENTITY_MARKER,POSITIVE,2021,
"And if you don't have to go far to work and your commute isn't too dreadful, and if the job suits your skills and your wifi is fast and reliable, I'll tell you something else, that housing in the right place and at an affordable price will add massively, not just to your general joie de vivre, but to your productivity.",114,123,your wifi,IDENTITY_MARKER,POSITIVE,2021,
"And if you don't have to go far to work and your commute isn't too dreadful, and if the job suits your skills and your wifi is fast and reliable, I'll tell you something else, that housing in the right place and at an affordable price will add massively, not just to your general joie de vivre, but to your productivity.",156,159,you,PRONOUN,NEUTRAL,2021,
"And if you don't have to go far to work and your commute isn't too dreadful, and if the job suits your skills and your wifi is fast and reliable, I'll tell you something else, that housing in the right place and at an affordable price will add massively, not just to your general joie de vivre, but to your productivity.",181,207,housing in the right place,IDENTITY_MARKER,POSITIVE,2021,
"And if you don't have to go far to work and your commute isn't too dreadful, and if the job suits your skills and your wifi is fast and reliable, I'll tell you something else, that housing in the right place and at an affordable price will add massively, not just to your general joie de vivre, but to your productivity.",215,234,an affordable price,IDENTITY_MARKER,POSITIVE,2021,
"And if you don't have to go far to work and your commute isn't too dreadful, and if the job suits your skills and your wifi is fast and reliable, I'll tell you something else, that housing in the right place and at an affordable price will add massively, not just to your general joie de vivre, but to your productivity.",267,293,your general joie de vivre,IDENTITY_MARKER,POSITIVE,2021,
"And if you don't have to go far to work and your commute isn't too dreadful, and if the job suits your skills and your wifi is fast and reliable, I'll tell you something else, that housing in the right place and at an affordable price will add massively, not just to your general joie de vivre, but to your productivity.",302,319,your productivity,IDENTITY_MARKER,POSITIVE,2021,
"And that is how we solve the national productivity puzzle, by fixing the broken housing market, by plugging in the gigabit, by putting in decent, safe bus routes and all the other transport infrastructure, and investing in skills, skills, skills.",4,8,that,IDENTITY_MARKER,POSITIVE,2021,
"And that is how we solve the national productivity puzzle, by fixing the broken housing market, by plugging in the gigabit, by putting in decent, safe bus routes and all the other transport infrastructure, and investing in skills, skills, skills.",16,18,we,PRONOUN,POSITIVE,2021,
"And that is how we solve the national productivity puzzle, by fixing the broken housing market, by plugging in the gigabit, by putting in decent, safe bus routes and all the other transport infrastructure, and investing in skills, skills, skills.",25,57,the national productivity puzzle,IDENTITY_MARKER,NEUTRAL,2021,
"And that is how we solve the national productivity puzzle, by fixing the broken housing market, by plugging in the gigabit, by putting in decent, safe bus routes and all the other transport infrastructure, and investing in skills, skills, skills.",69,94,the broken housing market,IDENTITY_MARKER,NEGATIVE,2021,
"And that is how we solve the national productivity puzzle, by fixing the broken housing market, by plugging in the gigabit, by putting in decent, safe bus routes and all the other transport infrastructure, and investing in skills, skills, skills.",111,122,the gigabit,IDENTITY_MARKER,POSITIVE,2021,
"And that is how we solve the national productivity puzzle, by fixing the broken housing market, by plugging in the gigabit, by putting in decent, safe bus routes and all the other transport infrastructure, and investing in skills, skills, skills.",138,161,"decent, safe bus routes",IDENTITY_MARKER,POSITIVE,2021,
"And that is how we solve the national productivity puzzle, by fixing the broken housing market, by plugging in the gigabit, by putting in decent, safe bus routes and all the other transport infrastructure, and investing in skills, skills, skills.",166,204,all the other transport infrastructure,IDENTITY_MARKER,POSITIVE,2021,
"And that is how we solve the national productivity puzzle, by fixing the broken housing market, by plugging in the gigabit, by putting in decent, safe bus routes and all the other transport infrastructure, and investing in skills, skills, skills.",223,229,skills,IDENTITY_MARKER,POSITIVE,2021,
"And that is how we solve the national productivity puzzle, by fixing the broken housing market, by plugging in the gigabit, by putting in decent, safe bus routes and all the other transport infrastructure, and investing in skills, skills, skills.",231,237,skills,IDENTITY_MARKER,POSITIVE,2021,
"And that is how we solve the national productivity puzzle, by fixing the broken housing market, by plugging in the gigabit, by putting in decent, safe bus routes and all the other transport infrastructure, and investing in skills, skills, skills.",239,245,skills,IDENTITY_MARKER,POSITIVE,2021,
"And that, by the way, is how we help to cut the cost of living for everyone, because housing, energy, transport are now huge parts of our monthly bills.",4,8,that,IDENTITY_MARKER,POSITIVE,2021,
"And that, by the way, is how we help to cut the cost of living for everyone, because housing, energy, transport are now huge parts of our monthly bills.",29,31,we,PRONOUN,POSITIVE,2021,
"And that, by the way, is how we help to cut the cost of living for everyone, because housing, energy, transport are now huge parts of our monthly bills.",44,62,the cost of living,IDENTITY_MARKER,NEGATIVE,2021,
"And that, by the way, is how we help to cut the cost of living for everyone, because housing, energy, transport are now huge parts of our monthly bills.",67,75,everyone,IDENTITY_MARKER,POSITIVE,2021,
"And that, by the way, is how we help to cut the cost of living for everyone, because housing, energy, transport are now huge parts of our monthly bills.",85,92,housing,IDENTITY_MARKER,POSITIVE,2021,
"And that, by the way, is how we help to cut the cost of living for everyone, because housing, energy, transport are now huge parts of our monthly bills.",94,100,energy,IDENTITY_MARKER,POSITIVE,2021,
"And that, by the way, is how we help to cut the cost of living for everyone, because housing, energy, transport are now huge parts of our monthly bills.",102,111,transport,IDENTITY_MARKER,POSITIVE,2021,
"And that, by the way, is how we help to cut the cost of living for everyone, because housing, energy, transport are now huge parts of our monthly bills.",120,151,huge parts of our monthly bills,IDENTITY_MARKER,NEGATIVE,2021,
"And it's by fixing our broken housing market, sorting out our energy supply, more wind, more nuclear, becoming less dependent on hydrocarbons from abroad, by putting in those transport links, we will hold costs down and save you money.",4,6,it,PRONOUN,NEUTRAL,2021,
"And it's by fixing our broken housing market, sorting out our energy supply, more wind, more nuclear, becoming less dependent on hydrocarbons from abroad, by putting in those transport links, we will hold costs down and save you money.",19,44,our broken housing market,IDENTITY_MARKER,NEGATIVE,2021,
"And it's by fixing our broken housing market, sorting out our energy supply, more wind, more nuclear, becoming less dependent on hydrocarbons from abroad, by putting in those transport links, we will hold costs down and save you money.",58,75,our energy supply,IDENTITY_MARKER,POSITIVE,2021,
"And it's by fixing our broken housing market, sorting out our energy supply, more wind, more nuclear, becoming less dependent on hydrocarbons from abroad, by putting in those transport links, we will hold costs down and save you money.",82,86,wind,IDENTITY_MARKER,POSITIVE,2021,
"And it's by fixing our broken housing market, sorting out our energy supply, more wind, more nuclear, becoming less dependent on hydrocarbons from abroad, by putting in those transport links, we will hold costs down and save you money.",93,100,nuclear,IDENTITY_MARKER,POSITIVE,2021,
"And it's by fixing our broken housing market, sorting out our energy supply, more wind, more nuclear, becoming less dependent on hydrocarbons from abroad, by putting in those transport links, we will hold costs down and save you money.",129,141,hydrocarbons,IDENTITY_MARKER,NEGATIVE,2021,
"And it's by fixing our broken housing market, sorting out our energy supply, more wind, more nuclear, becoming less dependent on hydrocarbons from abroad, by putting in those transport links, we will hold costs down and save you money.",147,153,abroad,IDENTITY_MARKER,NEGATIVE,2021,
"And it's by fixing our broken housing market, sorting out our energy supply, more wind, more nuclear, becoming less dependent on hydrocarbons from abroad, by putting in those transport links, we will hold costs down and save you money.",169,190,those transport links,IDENTITY_MARKER,POSITIVE,2021,
"And it's by fixing our broken housing market, sorting out our energy supply, more wind, more nuclear, becoming less dependent on hydrocarbons from abroad, by putting in those transport links, we will hold costs down and save you money.",192,194,we,PRONOUN,POSITIVE,2021,
"And it's by fixing our broken housing market, sorting out our energy supply, more wind, more nuclear, becoming less dependent on hydrocarbons from abroad, by putting in those transport links, we will hold costs down and save you money.",205,210,costs,IDENTITY_MARKER,NEGATIVE,2021,
"And it's by fixing our broken housing market, sorting out our energy supply, more wind, more nuclear, becoming less dependent on hydrocarbons from abroad, by putting in those transport links, we will hold costs down and save you money.",225,228,you,PRONOUN,POSITIVE,2021,
And we will make this country an even more attractive destination for foreign direct investment.,4,6,we,PRONOUN,POSITIVE,2021,
And we will make this country an even more attractive destination for foreign direct investment.,17,29,this country,IDENTITY_MARKER,POSITIVE,2021,
And we will make this country an even more attractive destination for foreign direct investment.,43,65,attractive destination,IDENTITY_MARKER,POSITIVE,2021,
And we will make this country an even more attractive destination for foreign direct investment.,70,95,foreign direct investment,IDENTITY_MARKER,POSITIVE,2021,
"We're already number one, look at the Nissan investment in Sunderland, the Pfizer vaccine manufacturing center that's coming to Swindon, and with these productivity gains, we will turbocharge that advantage and help businesses to start and grow everywhere.",0,2,We,PRONOUN,POSITIVE,2021,
"We're already number one, look at the Nissan investment in Sunderland, the Pfizer vaccine manufacturing center that's coming to Swindon, and with these productivity gains, we will turbocharge that advantage and help businesses to start and grow everywhere.",34,55,the Nissan investment,IDENTITY_MARKER,POSITIVE,2021,
"We're already number one, look at the Nissan investment in Sunderland, the Pfizer vaccine manufacturing center that's coming to Swindon, and with these productivity gains, we will turbocharge that advantage and help businesses to start and grow everywhere.",59,69,Sunderland,IDENTITY_MARKER,NEUTRAL,2021,
"We're already number one, look at the Nissan investment in Sunderland, the Pfizer vaccine manufacturing center that's coming to Swindon, and with these productivity gains, we will turbocharge that advantage and help businesses to start and grow everywhere.",71,110,the Pfizer vaccine manufacturing center,IDENTITY_MARKER,POSITIVE,2021,
"We're already number one, look at the Nissan investment in Sunderland, the Pfizer vaccine manufacturing center that's coming to Swindon, and with these productivity gains, we will turbocharge that advantage and help businesses to start and grow everywhere.",128,135,Swindon,IDENTITY_MARKER,NEUTRAL,2021,
"We're already number one, look at the Nissan investment in Sunderland, the Pfizer vaccine manufacturing center that's coming to Swindon, and with these productivity gains, we will turbocharge that advantage and help businesses to start and grow everywhere.",146,170,these productivity gains,IDENTITY_MARKER,POSITIVE,2021,
"We're already number one, look at the Nissan investment in Sunderland, the Pfizer vaccine manufacturing center that's coming to Swindon, and with these productivity gains, we will turbocharge that advantage and help businesses to start and grow everywhere.",172,174,we,PRONOUN,POSITIVE,2021,
"We're already number one, look at the Nissan investment in Sunderland, the Pfizer vaccine manufacturing center that's coming to Swindon, and with these productivity gains, we will turbocharge that advantage and help businesses to start and grow everywhere.",192,206,that advantage,IDENTITY_MARKER,POSITIVE,2021,
"We're already number one, look at the Nissan investment in Sunderland, the Pfizer vaccine manufacturing center that's coming to Swindon, and with these productivity gains, we will turbocharge that advantage and help businesses to start and grow everywhere.",216,226,businesses,IDENTITY_MARKER,POSITIVE,2021,
"We're already number one, look at the Nissan investment in Sunderland, the Pfizer vaccine manufacturing center that's coming to Swindon, and with these productivity gains, we will turbocharge that advantage and help businesses to start and grow everywhere.",245,255,everywhere,IDENTITY_MARKER,POSITIVE,2021,
So let me come now to the punchline of my sermon on the vaccine.,22,63,the punchline of my sermon on the vaccine,IDENTITY_MARKER,POSITIVE,2021,
It was not the government that made the wonder drug.,11,25,the government,IDENTITY_MARKER,NEUTRAL,2021,
It was not the government that made the wonder drug.,36,51,the wonder drug,IDENTITY_MARKER,POSITIVE,2021,
It wasn't brewed in the alembics of the Department of Health.,0,2,It,PRONOUN,NEUTRAL,2021,
It wasn't brewed in the alembics of the Department of Health.,20,60,the alembics of the Department of Health,IDENTITY_MARKER,NEGATIVE,2021,
"And of course, it was Oxford University, but it was the private sector that made it possible.",15,17,it,PRONOUN,POSITIVE,2021,
"And of course, it was Oxford University, but it was the private sector that made it possible.",22,39,Oxford University,IDENTITY_MARKER,POSITIVE,2021,
"And of course, it was Oxford University, but it was the private sector that made it possible.",45,47,it,PRONOUN,POSITIVE,2021,
"And of course, it was Oxford University, but it was the private sector that made it possible.",52,70,the private sector,IDENTITY_MARKER,POSITIVE,2021,
"And of course, it was Oxford University, but it was the private sector that made it possible.",81,83,it,PRONOUN,POSITIVE,2021,
"Behind those vaccines are companies and shareholders and yes, bankers.",7,21,those vaccines,IDENTITY_MARKER,NEUTRAL,2021,
"Behind those vaccines are companies and shareholders and yes, bankers.",26,35,companies,IDENTITY_MARKER,NEUTRAL,2021,
"Behind those vaccines are companies and shareholders and yes, bankers.",40,52,shareholders,IDENTITY_MARKER,NEUTRAL,2021,
"Behind those vaccines are companies and shareholders and yes, bankers.",62,69,bankers,IDENTITY_MARKER,NEUTRAL,2021,
"You need deep pools of liquidity, that are to be found in the city of London.",0,3,You,PRONOUN,NEUTRAL,2021,
"You need deep pools of liquidity, that are to be found in the city of London.",9,32,deep pools of liquidity,IDENTITY_MARKER,POSITIVE,2021,
"You need deep pools of liquidity, that are to be found in the city of London.",58,76,the city of London,IDENTITY_MARKER,POSITIVE,2021,
It was capitalism that ensured we had a vaccine in less than a year.,0,2,It,PRONOUN,POSITIVE,2021,
It was capitalism that ensured we had a vaccine in less than a year.,7,17,capitalism,IDENTITY_MARKER,POSITIVE,2021,
It was capitalism that ensured we had a vaccine in less than a year.,31,33,we,PRONOUN,POSITIVE,2021,
It was capitalism that ensured we had a vaccine in less than a year.,38,47,a vaccine,IDENTITY_MARKER,POSITIVE,2021,
"And the answer therefore is not to attack the wealth creators, it's to encourage them, because they are responsible for the aggregate increase in the country's wealth that enables us to make those parieto improvements, and to level up everywhere, and to rub home my point, to rub home my point, it is not just that vaccination has saved more than 120,000 lives.",4,14,the answer,IDENTITY_MARKER,POSITIVE,2021,
"And the answer therefore is not to attack the wealth creators, it's to encourage them, because they are responsible for the aggregate increase in the country's wealth that enables us to make those parieto improvements, and to level up everywhere, and to rub home my point, to rub home my point, it is not just that vaccination has saved more than 120,000 lives.",42,61,the wealth creators,IDENTITY_MARKER,POSITIVE,2021,
"And the answer therefore is not to attack the wealth creators, it's to encourage them, because they are responsible for the aggregate increase in the country's wealth that enables us to make those parieto improvements, and to level up everywhere, and to rub home my point, to rub home my point, it is not just that vaccination has saved more than 120,000 lives.",63,65,it,PRONOUN,POSITIVE,2021,
"And the answer therefore is not to attack the wealth creators, it's to encourage them, because they are responsible for the aggregate increase in the country's wealth that enables us to make those parieto improvements, and to level up everywhere, and to rub home my point, to rub home my point, it is not just that vaccination has saved more than 120,000 lives.",81,85,them,PRONOUN,POSITIVE,2021,
"And the answer therefore is not to attack the wealth creators, it's to encourage them, because they are responsible for the aggregate increase in the country's wealth that enables us to make those parieto improvements, and to level up everywhere, and to rub home my point, to rub home my point, it is not just that vaccination has saved more than 120,000 lives.",95,99,they,PRONOUN,POSITIVE,2021,
"And the answer therefore is not to attack the wealth creators, it's to encourage them, because they are responsible for the aggregate increase in the country's wealth that enables us to make those parieto improvements, and to level up everywhere, and to rub home my point, to rub home my point, it is not just that vaccination has saved more than 120,000 lives.",146,166,the country's wealth,IDENTITY_MARKER,POSITIVE,2021,
"And the answer therefore is not to attack the wealth creators, it's to encourage them, because they are responsible for the aggregate increase in the country's wealth that enables us to make those parieto improvements, and to level up everywhere, and to rub home my point, to rub home my point, it is not just that vaccination has saved more than 120,000 lives.",180,182,us,PRONOUN,POSITIVE,2021,
"And the answer therefore is not to attack the wealth creators, it's to encourage them, because they are responsible for the aggregate increase in the country's wealth that enables us to make those parieto improvements, and to level up everywhere, and to rub home my point, to rub home my point, it is not just that vaccination has saved more than 120,000 lives.",191,217,those parieto improvements,IDENTITY_MARKER,POSITIVE,2021,
"And the answer therefore is not to attack the wealth creators, it's to encourage them, because they are responsible for the aggregate increase in the country's wealth that enables us to make those parieto improvements, and to level up everywhere, and to rub home my point, to rub home my point, it is not just that vaccination has saved more than 120,000 lives.",226,234,level up,IDENTITY_MARKER,POSITIVE,2021,
"And the answer therefore is not to attack the wealth creators, it's to encourage them, because they are responsible for the aggregate increase in the country's wealth that enables us to make those parieto improvements, and to level up everywhere, and to rub home my point, to rub home my point, it is not just that vaccination has saved more than 120,000 lives.",310,326,that vaccination,IDENTITY_MARKER,POSITIVE,2021,
"And the answer therefore is not to attack the wealth creators, it's to encourage them, because they are responsible for the aggregate increase in the country's wealth that enables us to make those parieto improvements, and to level up everywhere, and to rub home my point, to rub home my point, it is not just that vaccination has saved more than 120,000 lives.",337,354,"more than 120,000",IDENTITY_MARKER,POSITIVE,2021,
"Vaccination has allowed us to meet like this and blessed us with such rapid growth, with wages rising fastest for those on lowest incomes.",0,11,Vaccination,IDENTITY_MARKER,POSITIVE,2021,
"Vaccination has allowed us to meet like this and blessed us with such rapid growth, with wages rising fastest for those on lowest incomes.",24,26,us,PRONOUN,POSITIVE,2021,
"Vaccination has allowed us to meet like this and blessed us with such rapid growth, with wages rising fastest for those on lowest incomes.",40,44,this,PRONOUN,POSITIVE,2021,
"Vaccination has allowed us to meet like this and blessed us with such rapid growth, with wages rising fastest for those on lowest incomes.",57,59,us,PRONOUN,POSITIVE,2021,
"Vaccination has allowed us to meet like this and blessed us with such rapid growth, with wages rising fastest for those on lowest incomes.",70,82,rapid growth,IDENTITY_MARKER,POSITIVE,2021,
"Vaccination has allowed us to meet like this and blessed us with such rapid growth, with wages rising fastest for those on lowest incomes.",89,94,wages,IDENTITY_MARKER,POSITIVE,2021,
"Vaccination has allowed us to meet like this and blessed us with such rapid growth, with wages rising fastest for those on lowest incomes.",114,119,those,PRONOUN,POSITIVE,2021,
"Vaccination has allowed us to meet like this and blessed us with such rapid growth, with wages rising fastest for those on lowest incomes.",123,137,lowest incomes,IDENTITY_MARKER,NEGATIVE,2021,
"These vaccines have ensured that by a simple mutation, jabs, jabs, jabs become jobs, jobs, jobs.",0,14,These vaccines,IDENTITY_MARKER,POSITIVE,2021,
"These vaccines have ensured that by a simple mutation, jabs, jabs, jabs become jobs, jobs, jobs.",28,32,that,IDENTITY_MARKER,NEUTRAL,2021,
"These vaccines have ensured that by a simple mutation, jabs, jabs, jabs become jobs, jobs, jobs.",36,53,a simple mutation,IDENTITY_MARKER,NEUTRAL,2021,
"These vaccines have ensured that by a simple mutation, jabs, jabs, jabs become jobs, jobs, jobs.",55,59,jabs,IDENTITY_MARKER,POSITIVE,2021,
"These vaccines have ensured that by a simple mutation, jabs, jabs, jabs become jobs, jobs, jobs.",61,65,jabs,IDENTITY_MARKER,POSITIVE,2021,
"These vaccines have ensured that by a simple mutation, jabs, jabs, jabs become jobs, jobs, jobs.",67,71,jabs,IDENTITY_MARKER,POSITIVE,2021,
"These vaccines have ensured that by a simple mutation, jabs, jabs, jabs become jobs, jobs, jobs.",79,83,jobs,IDENTITY_MARKER,POSITIVE,2021,
"These vaccines have ensured that by a simple mutation, jabs, jabs, jabs become jobs, jobs, jobs.",85,89,jobs,IDENTITY_MARKER,POSITIVE,2021,
"These vaccines have ensured that by a simple mutation, jabs, jabs, jabs become jobs, jobs, jobs.",91,95,jobs,IDENTITY_MARKER,POSITIVE,2021,
"The world's most effective vaccines have saved our open society and free market economy, and it is our open society and free market economy that have produced the world's most effective vaccines.",0,35,The world's most effective vaccines,IDENTITY_MARKER,POSITIVE,2021,
"The world's most effective vaccines have saved our open society and free market economy, and it is our open society and free market economy that have produced the world's most effective vaccines.",47,63,our open society,IDENTITY_MARKER,POSITIVE,2021,
"The world's most effective vaccines have saved our open society and free market economy, and it is our open society and free market economy that have produced the world's most effective vaccines.",68,87,free market economy,IDENTITY_MARKER,POSITIVE,2021,
"The world's most effective vaccines have saved our open society and free market economy, and it is our open society and free market economy that have produced the world's most effective vaccines.",99,115,our open society,IDENTITY_MARKER,POSITIVE,2021,
"The world's most effective vaccines have saved our open society and free market economy, and it is our open society and free market economy that have produced the world's most effective vaccines.",120,139,free market economy,IDENTITY_MARKER,POSITIVE,2021,
"The world's most effective vaccines have saved our open society and free market economy, and it is our open society and free market economy that have produced the world's most effective vaccines.",159,194,the world's most effective vaccines,IDENTITY_MARKER,POSITIVE,2021,
And that is the symmetry in the lesson of the COVID vaccine.,4,8,that,IDENTITY_MARKER,NEUTRAL,2021,
And that is the symmetry in the lesson of the COVID vaccine.,12,24,the symmetry,IDENTITY_MARKER,NEUTRAL,2021,
And that is the symmetry in the lesson of the COVID vaccine.,28,59,the lesson of the COVID vaccine,IDENTITY_MARKER,NEUTRAL,2021,
"Science, innovation, capitalism is vital now for the challenge that we face.",0,7,Science,IDENTITY_MARKER,POSITIVE,2021,
"Science, innovation, capitalism is vital now for the challenge that we face.",9,19,innovation,IDENTITY_MARKER,POSITIVE,2021,
"Science, innovation, capitalism is vital now for the challenge that we face.",21,31,capitalism,IDENTITY_MARKER,POSITIVE,2021,
"Science, innovation, capitalism is vital now for the challenge that we face.",49,62,the challenge,IDENTITY_MARKER,NEGATIVE,2021,
"Science, innovation, capitalism is vital now for the challenge that we face.",68,70,we,PRONOUN,POSITIVE,2021,
The challenge the whole of humanity faces is now even more existential for our way of life.,0,13,The challenge,IDENTITY_MARKER,NEGATIVE,2021,
The challenge the whole of humanity faces is now even more existential for our way of life.,14,35,the whole of humanity,IDENTITY_MARKER,POSITIVE,2021,
The challenge the whole of humanity faces is now even more existential for our way of life.,75,90,our way of life,IDENTITY_MARKER,POSITIVE,2021,
"In just a few weeks, this country will host the summit of our generation in Glasgow, when the resolve of the world is put to the test.",21,33,this country,IDENTITY_MARKER,NEUTRAL,2021,
"In just a few weeks, this country will host the summit of our generation in Glasgow, when the resolve of the world is put to the test.",44,72,the summit of our generation,IDENTITY_MARKER,POSITIVE,2021,
"In just a few weeks, this country will host the summit of our generation in Glasgow, when the resolve of the world is put to the test.",76,83,Glasgow,IDENTITY_MARKER,NEUTRAL,2021,
"In just a few weeks, this country will host the summit of our generation in Glasgow, when the resolve of the world is put to the test.",90,114,the resolve of the world,IDENTITY_MARKER,POSITIVE,2021,
"In just a few weeks, this country will host the summit of our generation in Glasgow, when the resolve of the world is put to the test.",125,133,the test,IDENTITY_MARKER,POSITIVE,2021,
"Can we keep alive the ambition of Paris, to stop the planet heating by more than one and a half degrees?",4,6,we,PRONOUN,NEUTRAL,2021,
"Can we keep alive the ambition of Paris, to stop the planet heating by more than one and a half degrees?",18,39,the ambition of Paris,IDENTITY_MARKER,POSITIVE,2021,
"Can we keep alive the ambition of Paris, to stop the planet heating by more than one and a half degrees?",49,59,the planet,IDENTITY_MARKER,POSITIVE,2021,
"Well, government can't do it a alone and taxpayers certainly can't do it alone.",6,16,government,IDENTITY_MARKER,NEUTRAL,2021,
"Well, government can't do it a alone and taxpayers certainly can't do it alone.",26,28,it,PRONOUN,NEUTRAL,2021,
"Well, government can't do it a alone and taxpayers certainly can't do it alone.",41,50,taxpayers,IDENTITY_MARKER,NEUTRAL,2021,
"Well, government can't do it a alone and taxpayers certainly can't do it alone.",70,72,it,PRONOUN,NEUTRAL,2021,
"The other day, I took a boat out into the Moray Firth to see this aquatic forest of white turbines towering over the water, like the Redwoods of California.",22,28,a boat,IDENTITY_MARKER,NEUTRAL,2021,
"The other day, I took a boat out into the Moray Firth to see this aquatic forest of white turbines towering over the water, like the Redwoods of California.",38,53,the Moray Firth,IDENTITY_MARKER,NEUTRAL,2021,
"The other day, I took a boat out into the Moray Firth to see this aquatic forest of white turbines towering over the water, like the Redwoods of California.",61,98,this aquatic forest of white turbines,IDENTITY_MARKER,POSITIVE,2021,
"The other day, I took a boat out into the Moray Firth to see this aquatic forest of white turbines towering over the water, like the Redwoods of California.",113,122,the water,IDENTITY_MARKER,NEUTRAL,2021,
"The other day, I took a boat out into the Moray Firth to see this aquatic forest of white turbines towering over the water, like the Redwoods of California.",129,155,the Redwoods of California,IDENTITY_MARKER,POSITIVE,2021,
"And you have no idea of their size until you see them up close, the deceptive speed of their wings twice the diameter of the London eye, and their tips slicing through the air at more than 100 miles an hour.",4,7,you,PRONOUN,NEUTRAL,2021,
"And you have no idea of their size until you see them up close, the deceptive speed of their wings twice the diameter of the London eye, and their tips slicing through the air at more than 100 miles an hour.",24,34,their size,IDENTITY_MARKER,POSITIVE,2021,
"And you have no idea of their size until you see them up close, the deceptive speed of their wings twice the diameter of the London eye, and their tips slicing through the air at more than 100 miles an hour.",41,44,you,PRONOUN,NEUTRAL,2021,
"And you have no idea of their size until you see them up close, the deceptive speed of their wings twice the diameter of the London eye, and their tips slicing through the air at more than 100 miles an hour.",49,53,them,PRONOUN,POSITIVE,2021,
"And you have no idea of their size until you see them up close, the deceptive speed of their wings twice the diameter of the London eye, and their tips slicing through the air at more than 100 miles an hour.",64,98,the deceptive speed of their wings,IDENTITY_MARKER,POSITIVE,2021,
"And you have no idea of their size until you see them up close, the deceptive speed of their wings twice the diameter of the London eye, and their tips slicing through the air at more than 100 miles an hour.",121,135,the London eye,IDENTITY_MARKER,NEUTRAL,2021,
"And you have no idea of their size until you see them up close, the deceptive speed of their wings twice the diameter of the London eye, and their tips slicing through the air at more than 100 miles an hour.",141,151,their tips,IDENTITY_MARKER,POSITIVE,2021,
"And you have no idea of their size until you see them up close, the deceptive speed of their wings twice the diameter of the London eye, and their tips slicing through the air at more than 100 miles an hour.",168,175,the air,IDENTITY_MARKER,NEUTRAL,2021,
"And I met the young men and women, apprentices who had moved straight across from the world of oil and gas.",10,33,the young men and women,IDENTITY_MARKER,NEUTRAL,2021,
"And I met the young men and women, apprentices who had moved straight across from the world of oil and gas.",35,46,apprentices,IDENTITY_MARKER,NEUTRAL,2021,
"And I met the young men and women, apprentices who had moved straight across from the world of oil and gas.",82,106,the world of oil and gas,IDENTITY_MARKER,NEUTRAL,2021,
"And they had the same excitement at working amid winds and waves, and be able to see whales and dolphins from the office window.",4,8,they,PRONOUN,POSITIVE,2021,
"And they had the same excitement at working amid winds and waves, and be able to see whales and dolphins from the office window.",49,54,winds,IDENTITY_MARKER,NEUTRAL,2021,
"And they had the same excitement at working amid winds and waves, and be able to see whales and dolphins from the office window.",59,64,waves,IDENTITY_MARKER,NEUTRAL,2021,
"And they had the same excitement at working amid winds and waves, and be able to see whales and dolphins from the office window.",85,91,whales,IDENTITY_MARKER,POSITIVE,2021,
"And they had the same excitement at working amid winds and waves, and be able to see whales and dolphins from the office window.",96,104,dolphins,IDENTITY_MARKER,POSITIVE,2021,
"And they had the same excitement at working amid winds and waves, and be able to see whales and dolphins from the office window.",110,127,the office window,IDENTITY_MARKER,POSITIVE,2021,
"But they had that extra satisfaction that goes with knowing you're doing something to save the planet, and get Britain to net zero by 2050.",4,8,they,PRONOUN,POSITIVE,2021,
"But they had that extra satisfaction that goes with knowing you're doing something to save the planet, and get Britain to net zero by 2050.",60,63,you,PRONOUN,NEUTRAL,2021,
"But they had that extra satisfaction that goes with knowing you're doing something to save the planet, and get Britain to net zero by 2050.",91,101,the planet,IDENTITY_MARKER,POSITIVE,2021,
"But they had that extra satisfaction that goes with knowing you're doing something to save the planet, and get Britain to net zero by 2050.",111,118,Britain,IDENTITY_MARKER,NEUTRAL,2021,
"But they had that extra satisfaction that goes with knowing you're doing something to save the planet, and get Britain to net zero by 2050.",122,130,net zero,IDENTITY_MARKER,POSITIVE,2021,
"And that is the symmetry represented by these giant windmills, massive and innovative private sector investment, and a government taking the tough decisions to make it possible.",4,8,that,IDENTITY_MARKER,POSITIVE,2021,
"And that is the symmetry represented by these giant windmills, massive and innovative private sector investment, and a government taking the tough decisions to make it possible.",12,24,the symmetry,IDENTITY_MARKER,POSITIVE,2021,
"And that is the symmetry represented by these giant windmills, massive and innovative private sector investment, and a government taking the tough decisions to make it possible.",40,61,these giant windmills,IDENTITY_MARKER,POSITIVE,2021,
"And that is the symmetry represented by these giant windmills, massive and innovative private sector investment, and a government taking the tough decisions to make it possible.",63,111,massive and innovative private sector investment,IDENTITY_MARKER,POSITIVE,2021,
"And that is the symmetry represented by these giant windmills, massive and innovative private sector investment, and a government taking the tough decisions to make it possible.",117,129,a government,IDENTITY_MARKER,POSITIVE,2021,
"And that is the symmetry represented by these giant windmills, massive and innovative private sector investment, and a government taking the tough decisions to make it possible.",137,156,the tough decisions,IDENTITY_MARKER,POSITIVE,2021,
"And that is the symmetry represented by these giant windmills, massive and innovative private sector investment, and a government taking the tough decisions to make it possible.",165,167,it,PRONOUN,POSITIVE,2021,
"And that's the difference between this radical and optimistic conservatism and a tired, old Labour.",4,8,that,IDENTITY_MARKER,NEUTRAL,2021,
"And that's the difference between this radical and optimistic conservatism and a tired, old Labour.",34,74,this radical and optimistic conservatism,IDENTITY_MARKER,POSITIVE,2021,
"And that's the difference between this radical and optimistic conservatism and a tired, old Labour.",79,98,"a tired, old Labour",IDENTITY_MARKER,NEGATIVE,2021,
Did you see them last week?,4,7,you,PRONOUN,NEUTRAL,2021,
Did you see them last week?,12,16,them,PRONOUN,NEUTRAL,2021,
"Did you watch them last week in Brighton, hopelessly divided, I thought they looked?",4,7,you,PRONOUN,NEUTRAL,2021,
"Did you watch them last week in Brighton, hopelessly divided, I thought they looked?",14,18,them,PRONOUN,NEGATIVE,2021,
"Did you watch them last week in Brighton, hopelessly divided, I thought they looked?",32,40,Brighton,IDENTITY_MARKER,NEUTRAL,2021,
"Did you watch them last week in Brighton, hopelessly divided, I thought they looked?",72,76,they,PRONOUN,NEGATIVE,2021,
"Their leader like a seriously rattled bus conductor, pushed this way and that by... not that they have bus conductors anymore, unfortunately.",0,12,Their leader,IDENTITY_MARKER,NEGATIVE,2021,
"Their leader like a seriously rattled bus conductor, pushed this way and that by... not that they have bus conductors anymore, unfortunately.",18,51,a seriously rattled bus conductor,IDENTITY_MARKER,NEGATIVE,2021,
"Their leader like a seriously rattled bus conductor, pushed this way and that by... not that they have bus conductors anymore, unfortunately.",60,77,this way and that,IDENTITY_MARKER,NEGATIVE,2021,
"Their leader like a seriously rattled bus conductor, pushed this way and that by... not that they have bus conductors anymore, unfortunately.",93,97,they,PRONOUN,NEUTRAL,2021,
"Their leader like a seriously rattled bus conductor, pushed this way and that by... not that they have bus conductors anymore, unfortunately.",103,117,bus conductors,IDENTITY_MARKER,POSITIVE,2021,
"But like a seriously rattled bus conductor pushed this way, this way, and that by a Corbyn Easter mob of Sellotaped, spectacled sans-culottes, or the skipper of a cruise liner that's been captured by Somali pirates, desperately trying to negotiate a change of course, and then changing his mind.",9,42,a seriously rattled bus conductor,IDENTITY_MARKER,NEGATIVE,2021,
"But like a seriously rattled bus conductor pushed this way, this way, and that by a Corbyn Easter mob of Sellotaped, spectacled sans-culottes, or the skipper of a cruise liner that's been captured by Somali pirates, desperately trying to negotiate a change of course, and then changing his mind.",50,58,this way,IDENTITY_MARKER,NEGATIVE,2021,
"But like a seriously rattled bus conductor pushed this way, this way, and that by a Corbyn Easter mob of Sellotaped, spectacled sans-culottes, or the skipper of a cruise liner that's been captured by Somali pirates, desperately trying to negotiate a change of course, and then changing his mind.",60,68,this way,IDENTITY_MARKER,NEGATIVE,2021,
"But like a seriously rattled bus conductor pushed this way, this way, and that by a Corbyn Easter mob of Sellotaped, spectacled sans-culottes, or the skipper of a cruise liner that's been captured by Somali pirates, desperately trying to negotiate a change of course, and then changing his mind.",74,78,that,IDENTITY_MARKER,NEGATIVE,2021,
"But like a seriously rattled bus conductor pushed this way, this way, and that by a Corbyn Easter mob of Sellotaped, spectacled sans-culottes, or the skipper of a cruise liner that's been captured by Somali pirates, desperately trying to negotiate a change of course, and then changing his mind.",82,141,"a Corbyn Easter mob of Sellotaped, spectacled sans-culottes",IDENTITY_MARKER,NEGATIVE,2021,
"But like a seriously rattled bus conductor pushed this way, this way, and that by a Corbyn Easter mob of Sellotaped, spectacled sans-culottes, or the skipper of a cruise liner that's been captured by Somali pirates, desperately trying to negotiate a change of course, and then changing his mind.",146,175,the skipper of a cruise liner,IDENTITY_MARKER,NEUTRAL,2021,
"But like a seriously rattled bus conductor pushed this way, this way, and that by a Corbyn Easter mob of Sellotaped, spectacled sans-culottes, or the skipper of a cruise liner that's been captured by Somali pirates, desperately trying to negotiate a change of course, and then changing his mind.",200,214,Somali pirates,IDENTITY_MARKER,NEGATIVE,2021,
"But like a seriously rattled bus conductor pushed this way, this way, and that by a Corbyn Easter mob of Sellotaped, spectacled sans-culottes, or the skipper of a cruise liner that's been captured by Somali pirates, desperately trying to negotiate a change of course, and then changing his mind.",248,266,a change of course,IDENTITY_MARKER,POSITIVE,2021,
"But like a seriously rattled bus conductor pushed this way, this way, and that by a Corbyn Easter mob of Sellotaped, spectacled sans-culottes, or the skipper of a cruise liner that's been captured by Somali pirates, desperately trying to negotiate a change of course, and then changing his mind.",286,294,his mind,IDENTITY_MARKER,NEGATIVE,2021,
"And remember Labour's performance during the pandemic, flapping with all the conviction of a damp tea towel.",13,33,Labour's performance,IDENTITY_MARKER,NEGATIVE,2021,
"And remember Labour's performance during the pandemic, flapping with all the conviction of a damp tea towel.",41,53,the pandemic,IDENTITY_MARKER,NEGATIVE,2021,
"And remember Labour's performance during the pandemic, flapping with all the conviction of a damp tea towel.",69,107,all the conviction of a damp tea towel,IDENTITY_MARKER,NEGATIVE,2021,
They refused to say that schools were safe.,0,4,They,PRONOUN,NEGATIVE,2021,
They refused to say that schools were safe.,20,32,that schools,IDENTITY_MARKER,NEUTRAL,2021,
They would've kept us and the European medicines agents and slammed the brakes on the vaccine rollout.,0,4,They,PRONOUN,NEGATIVE,2021,
They would've kept us and the European medicines agents and slammed the brakes on the vaccine rollout.,19,21,us,PRONOUN,POSITIVE,2021,
They would've kept us and the European medicines agents and slammed the brakes on the vaccine rollout.,26,55,the European medicines agents,IDENTITY_MARKER,POSITIVE,2021,
They would've kept us and the European medicines agents and slammed the brakes on the vaccine rollout.,68,78,the brakes,IDENTITY_MARKER,NEGATIVE,2021,
They would've kept us and the European medicines agents and slammed the brakes on the vaccine rollout.,82,101,the vaccine rollout,IDENTITY_MARKER,POSITIVE,2021,
"The Labour leader attacked the Vaccine Task Force for spending money on outreach to vaccine-hesitant minority groups, when it's hard to think of any better use of public money.",0,17,The Labour leader,IDENTITY_MARKER,NEGATIVE,2021,
"The Labour leader attacked the Vaccine Task Force for spending money on outreach to vaccine-hesitant minority groups, when it's hard to think of any better use of public money.",27,49,the Vaccine Task Force,IDENTITY_MARKER,POSITIVE,2021,
"The Labour leader attacked the Vaccine Task Force for spending money on outreach to vaccine-hesitant minority groups, when it's hard to think of any better use of public money.",63,68,money,IDENTITY_MARKER,NEUTRAL,2021,
"The Labour leader attacked the Vaccine Task Force for spending money on outreach to vaccine-hesitant minority groups, when it's hard to think of any better use of public money.",72,80,outreach,IDENTITY_MARKER,POSITIVE,2021,
"The Labour leader attacked the Vaccine Task Force for spending money on outreach to vaccine-hesitant minority groups, when it's hard to think of any better use of public money.",84,116,vaccine-hesitant minority groups,IDENTITY_MARKER,NEUTRAL,2021,
"The Labour leader attacked the Vaccine Task Force for spending money on outreach to vaccine-hesitant minority groups, when it's hard to think of any better use of public money.",123,125,it,PRONOUN,NEUTRAL,2021,
"The Labour leader attacked the Vaccine Task Force for spending money on outreach to vaccine-hesitant minority groups, when it's hard to think of any better use of public money.",163,175,public money,IDENTITY_MARKER,POSITIVE,2021,
"And let's forgive him, on the basis that he probably didn't know what he was talking about.",18,21,him,PRONOUN,NEGATIVE,2021,
"And let's forgive him, on the basis that he probably didn't know what he was talking about.",41,43,he,PRONOUN,NEGATIVE,2021,
"And let's forgive him, on the basis that he probably didn't know what he was talking about.",70,72,he,PRONOUN,NEGATIVE,2021,
"But in previous national crises, Labour leaders have opted to minimize public anxiety and confusion by not trying to score cheap party political points, one thinks of Attlee, or even Michael Foote in the Falklands Crisis.",7,31,previous national crises,IDENTITY_MARKER,NEGATIVE,2021,
"But in previous national crises, Labour leaders have opted to minimize public anxiety and confusion by not trying to score cheap party political points, one thinks of Attlee, or even Michael Foote in the Falklands Crisis.",33,47,Labour leaders,IDENTITY_MARKER,NEGATIVE,2021,
"But in previous national crises, Labour leaders have opted to minimize public anxiety and confusion by not trying to score cheap party political points, one thinks of Attlee, or even Michael Foote in the Falklands Crisis.",71,99,public anxiety and confusion,IDENTITY_MARKER,NEGATIVE,2021,
"But in previous national crises, Labour leaders have opted to minimize public anxiety and confusion by not trying to score cheap party political points, one thinks of Attlee, or even Michael Foote in the Falklands Crisis.",123,151,cheap party political points,IDENTITY_MARKER,NEGATIVE,2021,
"But in previous national crises, Labour leaders have opted to minimize public anxiety and confusion by not trying to score cheap party political points, one thinks of Attlee, or even Michael Foote in the Falklands Crisis.",153,156,one,PRONOUN,NEUTRAL,2021,
"But in previous national crises, Labour leaders have opted to minimize public anxiety and confusion by not trying to score cheap party political points, one thinks of Attlee, or even Michael Foote in the Falklands Crisis.",167,173,Attlee,IDENTITY_MARKER,NEGATIVE,2021,
"But in previous national crises, Labour leaders have opted to minimize public anxiety and confusion by not trying to score cheap party political points, one thinks of Attlee, or even Michael Foote in the Falklands Crisis.",183,196,Michael Foote,IDENTITY_MARKER,NEGATIVE,2021,
"But in previous national crises, Labour leaders have opted to minimize public anxiety and confusion by not trying to score cheap party political points, one thinks of Attlee, or even Michael Foote in the Falklands Crisis.",200,220,the Falklands Crisis,IDENTITY_MARKER,NEGATIVE,2021,
"And sadly, that was not the approach taken by Captain , attacking one week, rowing in behind when it seemed to be working, the human weather vein, the Starmer chameleon, and in his final absurd act of opportunism, he decided to oppose step four.",24,36,the approach,IDENTITY_MARKER,POSITIVE,2021,
"And sadly, that was not the approach taken by Captain , attacking one week, rowing in behind when it seemed to be working, the human weather vein, the Starmer chameleon, and in his final absurd act of opportunism, he decided to oppose step four.",46,53,Captain,IDENTITY_MARKER,NEGATIVE,2021,
"And sadly, that was not the approach taken by Captain , attacking one week, rowing in behind when it seemed to be working, the human weather vein, the Starmer chameleon, and in his final absurd act of opportunism, he decided to oppose step four.",98,100,it,PRONOUN,NEUTRAL,2021,
"And sadly, that was not the approach taken by Captain , attacking one week, rowing in behind when it seemed to be working, the human weather vein, the Starmer chameleon, and in his final absurd act of opportunism, he decided to oppose step four.",123,145,the human weather vein,IDENTITY_MARKER,NEGATIVE,2021,
"And sadly, that was not the approach taken by Captain , attacking one week, rowing in behind when it seemed to be working, the human weather vein, the Starmer chameleon, and in his final absurd act of opportunism, he decided to oppose step four.",147,168,the Starmer chameleon,IDENTITY_MARKER,NEGATIVE,2021,
"And sadly, that was not the approach taken by Captain , attacking one week, rowing in behind when it seemed to be working, the human weather vein, the Starmer chameleon, and in his final absurd act of opportunism, he decided to oppose step four.",177,212,his final absurd act of opportunism,IDENTITY_MARKER,NEGATIVE,2021,
"And sadly, that was not the approach taken by Captain , attacking one week, rowing in behind when it seemed to be working, the human weather vein, the Starmer chameleon, and in his final absurd act of opportunism, he decided to oppose step four.",214,216,he,PRONOUN,NEGATIVE,2021,
"And sadly, that was not the approach taken by Captain , attacking one week, rowing in behind when it seemed to be working, the human weather vein, the Starmer chameleon, and in his final absurd act of opportunism, he decided to oppose step four.",235,244,step four,IDENTITY_MARKER,POSITIVE,2021,
He opposed step four of the roadmap in July.,0,2,He,PRONOUN,NEGATIVE,2021,
He opposed step four of the roadmap in July.,11,35,step four of the roadmap,IDENTITY_MARKER,POSITIVE,2021,
Remember?,,,,,,2021,
"That's right, folks, if we listened to Captain Hindsight today, we'd still be in lockdown.",14,19,folks,IDENTITY_MARKER,NEUTRAL,2021,
"That's right, folks, if we listened to Captain Hindsight today, we'd still be in lockdown.",24,26,we,PRONOUN,NEUTRAL,2021,
"That's right, folks, if we listened to Captain Hindsight today, we'd still be in lockdown.",39,56,Captain Hindsight,IDENTITY_MARKER,NEGATIVE,2021,
"That's right, folks, if we listened to Captain Hindsight today, we'd still be in lockdown.",64,66,we,PRONOUN,POSITIVE,2021,
"That's right, folks, if we listened to Captain Hindsight today, we'd still be in lockdown.",81,89,lockdown,IDENTITY_MARKER,NEGATIVE,2021,
We wouldn't have the fastest growth in the G7.,0,2,We,PRONOUN,POSITIVE,2021,
We wouldn't have the fastest growth in the G7.,17,35,the fastest growth,IDENTITY_MARKER,POSITIVE,2021,
We wouldn't have the fastest growth in the G7.,39,45,the G7,IDENTITY_MARKER,NEUTRAL,2021,
"If Columbus had listened to Captain Hindsight, he'd be famous for having discovered Tenerife.",3,11,Columbus,IDENTITY_MARKER,NEUTRAL,2021,
"If Columbus had listened to Captain Hindsight, he'd be famous for having discovered Tenerife.",28,45,Captain Hindsight,IDENTITY_MARKER,NEGATIVE,2021,
"If Columbus had listened to Captain Hindsight, he'd be famous for having discovered Tenerife.",47,49,he,PRONOUN,NEUTRAL,2021,
"If Columbus had listened to Captain Hindsight, he'd be famous for having discovered Tenerife.",84,92,Tenerife,IDENTITY_MARKER,NEGATIVE,2021,
"How utterly astonishing, how utterly astonishing.",,,,,,2021,
"How utterly astonishing that in the last few weeks, Labour should actually have voted against the funding we're putting forward for the NHS.",52,58,Labour,IDENTITY_MARKER,NEGATIVE,2021,
"How utterly astonishing that in the last few weeks, Labour should actually have voted against the funding we're putting forward for the NHS.",94,105,the funding,IDENTITY_MARKER,POSITIVE,2021,
"How utterly astonishing that in the last few weeks, Labour should actually have voted against the funding we're putting forward for the NHS.",106,108,we,PRONOUN,POSITIVE,2021,
"How utterly astonishing that in the last few weeks, Labour should actually have voted against the funding we're putting forward for the NHS.",132,139,the NHS,IDENTITY_MARKER,POSITIVE,2021,
And we need to remember how and why we've been able to back people through this pandemic at all.,4,6,we,PRONOUN,NEUTRAL,2021,
And we need to remember how and why we've been able to back people through this pandemic at all.,36,38,we,PRONOUN,POSITIVE,2021,
And we need to remember how and why we've been able to back people through this pandemic at all.,60,66,people,IDENTITY_MARKER,POSITIVE,2021,
And we need to remember how and why we've been able to back people through this pandemic at all.,75,88,this pandemic,IDENTITY_MARKER,NEGATIVE,2021,
It was because we conservatives fixed the economy.,0,2,It,PRONOUN,NEUTRAL,2021,
It was because we conservatives fixed the economy.,15,31,we conservatives,IDENTITY_MARKER,POSITIVE,2021,
It was because we conservatives fixed the economy.,38,49,the economy,IDENTITY_MARKER,POSITIVE,2021,
We repaired the damage that Labour left behind.,0,2,We,PRONOUN,POSITIVE,2021,
We repaired the damage that Labour left behind.,12,22,the damage,IDENTITY_MARKER,NEGATIVE,2021,
We repaired the damage that Labour left behind.,28,34,Labour,IDENTITY_MARKER,NEGATIVE,2021,
"Every Labour government has left office with unemployment higher than when it came in, every single one, ever since the party was invented.",0,23,Every Labour government,IDENTITY_MARKER,NEGATIVE,2021,
"Every Labour government has left office with unemployment higher than when it came in, every single one, ever since the party was invented.",33,39,office,IDENTITY_MARKER,NEUTRAL,2021,
"Every Labour government has left office with unemployment higher than when it came in, every single one, ever since the party was invented.",45,57,unemployment,IDENTITY_MARKER,NEGATIVE,2021,
"Every Labour government has left office with unemployment higher than when it came in, every single one, ever since the party was invented.",75,77,it,PRONOUN,NEGATIVE,2021,
"Every Labour government has left office with unemployment higher than when it came in, every single one, ever since the party was invented.",87,103,every single one,IDENTITY_MARKER,NEGATIVE,2021,
"Every Labour government has left office with unemployment higher than when it came in, every single one, ever since the party was invented.",116,125,the party,IDENTITY_MARKER,NEGATIVE,2021,
"And today, we are going to fix this economy and build back better than ever before.",11,13,we,PRONOUN,POSITIVE,2021,
"And today, we are going to fix this economy and build back better than ever before.",31,43,this economy,IDENTITY_MARKER,POSITIVE,2021,
"And just as we used our new freedoms to accelerate the vaccine rollout, we're going to use Brexit freedoms to do things differently.",12,14,we,PRONOUN,POSITIVE,2021,
"And just as we used our new freedoms to accelerate the vaccine rollout, we're going to use Brexit freedoms to do things differently.",20,36,our new freedoms,IDENTITY_MARKER,POSITIVE,2021,
"And just as we used our new freedoms to accelerate the vaccine rollout, we're going to use Brexit freedoms to do things differently.",51,70,the vaccine rollout,IDENTITY_MARKER,POSITIVE,2021,
"And just as we used our new freedoms to accelerate the vaccine rollout, we're going to use Brexit freedoms to do things differently.",72,74,we,PRONOUN,POSITIVE,2021,
"And just as we used our new freedoms to accelerate the vaccine rollout, we're going to use Brexit freedoms to do things differently.",91,106,Brexit freedoms,IDENTITY_MARKER,POSITIVE,2021,
"And just as we used our new freedoms to accelerate the vaccine rollout, we're going to use Brexit freedoms to do things differently.",113,119,things,IDENTITY_MARKER,POSITIVE,2021,
We're doing the Borders Bill.,0,2,We,PRONOUN,POSITIVE,2021,
We're doing the Borders Bill.,12,28,the Borders Bill,IDENTITY_MARKER,POSITIVE,2021,
"We've seen off the European Super League, and protected grassroots football.",0,2,We,PRONOUN,POSITIVE,2021,
"We've seen off the European Super League, and protected grassroots football.",15,40,the European Super League,IDENTITY_MARKER,NEGATIVE,2021,
"We've seen off the European Super League, and protected grassroots football.",56,75,grassroots football,IDENTITY_MARKER,POSITIVE,2021,
"We're doing at least eight free ports, super-fertilized loam, in which business will be able to plant new jobs across the UK.",0,2,We,PRONOUN,POSITIVE,2021,
"We're doing at least eight free ports, super-fertilized loam, in which business will be able to plant new jobs across the UK.",21,37,eight free ports,IDENTITY_MARKER,POSITIVE,2021,
"We're doing at least eight free ports, super-fertilized loam, in which business will be able to plant new jobs across the UK.",39,60,super-fertilized loam,IDENTITY_MARKER,POSITIVE,2021,
"We're doing at least eight free ports, super-fertilized loam, in which business will be able to plant new jobs across the UK.",71,79,business,IDENTITY_MARKER,POSITIVE,2021,
"We're doing at least eight free ports, super-fertilized loam, in which business will be able to plant new jobs across the UK.",102,110,new jobs,IDENTITY_MARKER,POSITIVE,2021,
"We're doing at least eight free ports, super-fertilized loam, in which business will be able to plant new jobs across the UK.",118,124,the UK,IDENTITY_MARKER,NEUTRAL,2021,
"And now we're going to go further, not only jettisoning EU rules we don't need anymore, but using new freedoms to improve the way we regulate in the great growth areas of the 21st century, as we fulfill our ambition of becoming a science superpower.",8,10,we,PRONOUN,POSITIVE,2021,
"And now we're going to go further, not only jettisoning EU rules we don't need anymore, but using new freedoms to improve the way we regulate in the great growth areas of the 21st century, as we fulfill our ambition of becoming a science superpower.",56,64,EU rules,IDENTITY_MARKER,NEGATIVE,2021,
"And now we're going to go further, not only jettisoning EU rules we don't need anymore, but using new freedoms to improve the way we regulate in the great growth areas of the 21st century, as we fulfill our ambition of becoming a science superpower.",65,67,we,PRONOUN,POSITIVE,2021,
"And now we're going to go further, not only jettisoning EU rules we don't need anymore, but using new freedoms to improve the way we regulate in the great growth areas of the 21st century, as we fulfill our ambition of becoming a science superpower.",98,110,new freedoms,IDENTITY_MARKER,POSITIVE,2021,
"And now we're going to go further, not only jettisoning EU rules we don't need anymore, but using new freedoms to improve the way we regulate in the great growth areas of the 21st century, as we fulfill our ambition of becoming a science superpower.",130,132,we,PRONOUN,POSITIVE,2021,
"And now we're going to go further, not only jettisoning EU rules we don't need anymore, but using new freedoms to improve the way we regulate in the great growth areas of the 21st century, as we fulfill our ambition of becoming a science superpower.",145,187,the great growth areas of the 21st century,IDENTITY_MARKER,POSITIVE,2021,
"And now we're going to go further, not only jettisoning EU rules we don't need anymore, but using new freedoms to improve the way we regulate in the great growth areas of the 21st century, as we fulfill our ambition of becoming a science superpower.",192,194,we,PRONOUN,POSITIVE,2021,
"And now we're going to go further, not only jettisoning EU rules we don't need anymore, but using new freedoms to improve the way we regulate in the great growth areas of the 21st century, as we fulfill our ambition of becoming a science superpower.",203,248,our ambition of becoming a science superpower,IDENTITY_MARKER,POSITIVE,2021,
"Gene editing, data management, AI, cyber, quantum, and we're going to be ever more global in our outlook.",0,12,Gene editing,IDENTITY_MARKER,NEUTRAL,2021,
"Gene editing, data management, AI, cyber, quantum, and we're going to be ever more global in our outlook.",14,29,data management,IDENTITY_MARKER,NEUTRAL,2021,
"Gene editing, data management, AI, cyber, quantum, and we're going to be ever more global in our outlook.",31,33,AI,IDENTITY_MARKER,NEUTRAL,2021,
"Gene editing, data management, AI, cyber, quantum, and we're going to be ever more global in our outlook.",35,40,cyber,IDENTITY_MARKER,NEUTRAL,2021,
"Gene editing, data management, AI, cyber, quantum, and we're going to be ever more global in our outlook.",42,49,quantum,IDENTITY_MARKER,NEUTRAL,2021,
"Gene editing, data management, AI, cyber, quantum, and we're going to be ever more global in our outlook.",55,57,we,PRONOUN,POSITIVE,2021,
"Gene editing, data management, AI, cyber, quantum, and we're going to be ever more global in our outlook.",93,104,our outlook,IDENTITY_MARKER,POSITIVE,2021,
"We've done already 68 free trade deals, including that great free trade deal with our friends in the EU, which they all say was impossible.",0,2,We,PRONOUN,NEUTRAL,2021,
"We've done already 68 free trade deals, including that great free trade deal with our friends in the EU, which they all say was impossible.",19,38,68 free trade deals,IDENTITY_MARKER,NEUTRAL,2021,
"We've done already 68 free trade deals, including that great free trade deal with our friends in the EU, which they all say was impossible.",50,76,that great free trade deal,IDENTITY_MARKER,NEUTRAL,2021,
"We've done already 68 free trade deals, including that great free trade deal with our friends in the EU, which they all say was impossible.",82,93,our friends,IDENTITY_MARKER,NEUTRAL,2021,
"We've done already 68 free trade deals, including that great free trade deal with our friends in the EU, which they all say was impossible.",97,103,the EU,IDENTITY_MARKER,NEUTRAL,2021,
"We've done already 68 free trade deals, including that great free trade deal with our friends in the EU, which they all say was impossible.",111,115,they,PRONOUN,NEGATIVE,2021,
"And after decades of bewildering refusal, we have persuaded the Americans to import prime British beef, a market already worth 66 million pounds.",42,44,we,PRONOUN,POSITIVE,2021,
"And after decades of bewildering refusal, we have persuaded the Americans to import prime British beef, a market already worth 66 million pounds.",60,73,the Americans,IDENTITY_MARKER,POSITIVE,2021,
"And after decades of bewildering refusal, we have persuaded the Americans to import prime British beef, a market already worth 66 million pounds.",84,102,prime British beef,IDENTITY_MARKER,POSITIVE,2021,
"And after decades of bewildering refusal, we have persuaded the Americans to import prime British beef, a market already worth 66 million pounds.",104,112,a market,IDENTITY_MARKER,POSITIVE,2021,
"Build back burger, I say.",11,17,burger,IDENTITY_MARKER,POSITIVE,2021,
"And you ask yourself, how have the Americans been able to survive without British beef for so long?",4,7,you,PRONOUN,NEUTRAL,2021,
"And you ask yourself, how have the Americans been able to survive without British beef for so long?",12,20,yourself,PRONOUN,NEUTRAL,2021,
"And you ask yourself, how have the Americans been able to survive without British beef for so long?",31,44,the Americans,IDENTITY_MARKER,NEUTRAL,2021,
"And you ask yourself, how have the Americans been able to survive without British beef for so long?",74,86,British beef,IDENTITY_MARKER,POSITIVE,2021,
"If you want a supreme example of global Britain in action, of something daring and brilliant, that would simply not have happened if we'd remained in the EU, I give you AUKUS.",3,6,you,PRONOUN,NEUTRAL,2021,
"If you want a supreme example of global Britain in action, of something daring and brilliant, that would simply not have happened if we'd remained in the EU, I give you AUKUS.",12,29,a supreme example,IDENTITY_MARKER,POSITIVE,2021,
"If you want a supreme example of global Britain in action, of something daring and brilliant, that would simply not have happened if we'd remained in the EU, I give you AUKUS.",33,47,global Britain,IDENTITY_MARKER,POSITIVE,2021,
"If you want a supreme example of global Britain in action, of something daring and brilliant, that would simply not have happened if we'd remained in the EU, I give you AUKUS.",62,92,something daring and brilliant,IDENTITY_MARKER,POSITIVE,2021,
"If you want a supreme example of global Britain in action, of something daring and brilliant, that would simply not have happened if we'd remained in the EU, I give you AUKUS.",94,98,that,IDENTITY_MARKER,POSITIVE,2021,
"If you want a supreme example of global Britain in action, of something daring and brilliant, that would simply not have happened if we'd remained in the EU, I give you AUKUS.",133,135,we,PRONOUN,NEGATIVE,2021,
"If you want a supreme example of global Britain in action, of something daring and brilliant, that would simply not have happened if we'd remained in the EU, I give you AUKUS.",150,156,the EU,IDENTITY_MARKER,NEGATIVE,2021,
"If you want a supreme example of global Britain in action, of something daring and brilliant, that would simply not have happened if we'd remained in the EU, I give you AUKUS.",165,168,you,PRONOUN,NEUTRAL,2021,
"If you want a supreme example of global Britain in action, of something daring and brilliant, that would simply not have happened if we'd remained in the EU, I give you AUKUS.",169,174,AUKUS,IDENTITY_MARKER,POSITIVE,2021,
"AUKUS, an idea so transparently right that Labour Conference voted overwhelmingly against it.",0,5,AUKUS,IDENTITY_MARKER,POSITIVE,2021,
"AUKUS, an idea so transparently right that Labour Conference voted overwhelmingly against it.",7,14,an idea,IDENTITY_MARKER,POSITIVE,2021,
"AUKUS, an idea so transparently right that Labour Conference voted overwhelmingly against it.",43,60,Labour Conference,IDENTITY_MARKER,NEGATIVE,2021,
"AUKUS, an idea so transparently right that Labour Conference voted overwhelmingly against it.",90,92,it,PRONOUN,POSITIVE,2021,
"And I know there has been a certain raucus caucus from the anti-AUKUS caucus, but AUKUS is simply a recognition of the reality that the world is tilting on its axis, on its economic axis.",26,49,a certain raucus caucus,IDENTITY_MARKER,NEGATIVE,2021,
"And I know there has been a certain raucus caucus from the anti-AUKUS caucus, but AUKUS is simply a recognition of the reality that the world is tilting on its axis, on its economic axis.",55,76,the anti-AUKUS caucus,IDENTITY_MARKER,NEGATIVE,2021,
"And I know there has been a certain raucus caucus from the anti-AUKUS caucus, but AUKUS is simply a recognition of the reality that the world is tilting on its axis, on its economic axis.",82,87,AUKUS,IDENTITY_MARKER,POSITIVE,2021,
"And I know there has been a certain raucus caucus from the anti-AUKUS caucus, but AUKUS is simply a recognition of the reality that the world is tilting on its axis, on its economic axis.",98,126,a recognition of the reality,IDENTITY_MARKER,POSITIVE,2021,
"And I know there has been a certain raucus caucus from the anti-AUKUS caucus, but AUKUS is simply a recognition of the reality that the world is tilting on its axis, on its economic axis.",132,141,the world,IDENTITY_MARKER,NEUTRAL,2021,
"And I know there has been a certain raucus caucus from the anti-AUKUS caucus, but AUKUS is simply a recognition of the reality that the world is tilting on its axis, on its economic axis.",156,164,its axis,IDENTITY_MARKER,NEUTRAL,2021,
"And I know there has been a certain raucus caucus from the anti-AUKUS caucus, but AUKUS is simply a recognition of the reality that the world is tilting on its axis, on its economic axis.",169,186,its economic axis,IDENTITY_MARKER,NEUTRAL,2021,
Our trade and relations in the Indo-Pacific region are becoming more vital than ever before.,0,23,Our trade and relations,IDENTITY_MARKER,POSITIVE,2021,
Our trade and relations in the Indo-Pacific region are becoming more vital than ever before.,27,50,the Indo-Pacific region,IDENTITY_MARKER,POSITIVE,2021,
"That's why we sent our amazing carrier strike group to the Far East, performing maneuvers with 40 friendly countries, HMS Queen Elizabeth, as long as the entire palace of Westminster, and rather more compelling as an argument than many of the speeches made in the House of Commons, it has dozens of F-35s on board, 66,000 sausages, and not because we want to threaten anyone or be adversarial to anyone, either with the F-35s or indeed, the sausages, but because we want to stick up for the rule of law that is so vital for freedom of navigation and free trade.",11,13,we,PRONOUN,POSITIVE,2021,
"That's why we sent our amazing carrier strike group to the Far East, performing maneuvers with 40 friendly countries, HMS Queen Elizabeth, as long as the entire palace of Westminster, and rather more compelling as an argument than many of the speeches made in the House of Commons, it has dozens of F-35s on board, 66,000 sausages, and not because we want to threaten anyone or be adversarial to anyone, either with the F-35s or indeed, the sausages, but because we want to stick up for the rule of law that is so vital for freedom of navigation and free trade.",19,51,our amazing carrier strike group,IDENTITY_MARKER,POSITIVE,2021,
"That's why we sent our amazing carrier strike group to the Far East, performing maneuvers with 40 friendly countries, HMS Queen Elizabeth, as long as the entire palace of Westminster, and rather more compelling as an argument than many of the speeches made in the House of Commons, it has dozens of F-35s on board, 66,000 sausages, and not because we want to threaten anyone or be adversarial to anyone, either with the F-35s or indeed, the sausages, but because we want to stick up for the rule of law that is so vital for freedom of navigation and free trade.",55,67,the Far East,IDENTITY_MARKER,NEUTRAL,2021,
"That's why we sent our amazing carrier strike group to the Far East, performing maneuvers with 40 friendly countries, HMS Queen Elizabeth, as long as the entire palace of Westminster, and rather more compelling as an argument than many of the speeches made in the House of Commons, it has dozens of F-35s on board, 66,000 sausages, and not because we want to threaten anyone or be adversarial to anyone, either with the F-35s or indeed, the sausages, but because we want to stick up for the rule of law that is so vital for freedom of navigation and free trade.",95,116,40 friendly countries,IDENTITY_MARKER,POSITIVE,2021,
"That's why we sent our amazing carrier strike group to the Far East, performing maneuvers with 40 friendly countries, HMS Queen Elizabeth, as long as the entire palace of Westminster, and rather more compelling as an argument than many of the speeches made in the House of Commons, it has dozens of F-35s on board, 66,000 sausages, and not because we want to threaten anyone or be adversarial to anyone, either with the F-35s or indeed, the sausages, but because we want to stick up for the rule of law that is so vital for freedom of navigation and free trade.",118,137,HMS Queen Elizabeth,IDENTITY_MARKER,POSITIVE,2021,
"That's why we sent our amazing carrier strike group to the Far East, performing maneuvers with 40 friendly countries, HMS Queen Elizabeth, as long as the entire palace of Westminster, and rather more compelling as an argument than many of the speeches made in the House of Commons, it has dozens of F-35s on board, 66,000 sausages, and not because we want to threaten anyone or be adversarial to anyone, either with the F-35s or indeed, the sausages, but because we want to stick up for the rule of law that is so vital for freedom of navigation and free trade.",150,182,the entire palace of Westminster,IDENTITY_MARKER,NEUTRAL,2021,
"That's why we sent our amazing carrier strike group to the Far East, performing maneuvers with 40 friendly countries, HMS Queen Elizabeth, as long as the entire palace of Westminster, and rather more compelling as an argument than many of the speeches made in the House of Commons, it has dozens of F-35s on board, 66,000 sausages, and not because we want to threaten anyone or be adversarial to anyone, either with the F-35s or indeed, the sausages, but because we want to stick up for the rule of law that is so vital for freedom of navigation and free trade.",260,280,the House of Commons,IDENTITY_MARKER,NEGATIVE,2021,
"That's why we sent our amazing carrier strike group to the Far East, performing maneuvers with 40 friendly countries, HMS Queen Elizabeth, as long as the entire palace of Westminster, and rather more compelling as an argument than many of the speeches made in the House of Commons, it has dozens of F-35s on board, 66,000 sausages, and not because we want to threaten anyone or be adversarial to anyone, either with the F-35s or indeed, the sausages, but because we want to stick up for the rule of law that is so vital for freedom of navigation and free trade.",282,284,it,PRONOUN,POSITIVE,2021,
"That's why we sent our amazing carrier strike group to the Far East, performing maneuvers with 40 friendly countries, HMS Queen Elizabeth, as long as the entire palace of Westminster, and rather more compelling as an argument than many of the speeches made in the House of Commons, it has dozens of F-35s on board, 66,000 sausages, and not because we want to threaten anyone or be adversarial to anyone, either with the F-35s or indeed, the sausages, but because we want to stick up for the rule of law that is so vital for freedom of navigation and free trade.",289,304,dozens of F-35s,IDENTITY_MARKER,POSITIVE,2021,
"That's why we sent our amazing carrier strike group to the Far East, performing maneuvers with 40 friendly countries, HMS Queen Elizabeth, as long as the entire palace of Westminster, and rather more compelling as an argument than many of the speeches made in the House of Commons, it has dozens of F-35s on board, 66,000 sausages, and not because we want to threaten anyone or be adversarial to anyone, either with the F-35s or indeed, the sausages, but because we want to stick up for the rule of law that is so vital for freedom of navigation and free trade.",315,330,"66,000 sausages",IDENTITY_MARKER,POSITIVE,2021,
"That's why we sent our amazing carrier strike group to the Far East, performing maneuvers with 40 friendly countries, HMS Queen Elizabeth, as long as the entire palace of Westminster, and rather more compelling as an argument than many of the speeches made in the House of Commons, it has dozens of F-35s on board, 66,000 sausages, and not because we want to threaten anyone or be adversarial to anyone, either with the F-35s or indeed, the sausages, but because we want to stick up for the rule of law that is so vital for freedom of navigation and free trade.",348,350,we,PRONOUN,NEUTRAL,2021,
"That's why we sent our amazing carrier strike group to the Far East, performing maneuvers with 40 friendly countries, HMS Queen Elizabeth, as long as the entire palace of Westminster, and rather more compelling as an argument than many of the speeches made in the House of Commons, it has dozens of F-35s on board, 66,000 sausages, and not because we want to threaten anyone or be adversarial to anyone, either with the F-35s or indeed, the sausages, but because we want to stick up for the rule of law that is so vital for freedom of navigation and free trade.",368,374,anyone,IDENTITY_MARKER,NEUTRAL,2021,
"That's why we sent our amazing carrier strike group to the Far East, performing maneuvers with 40 friendly countries, HMS Queen Elizabeth, as long as the entire palace of Westminster, and rather more compelling as an argument than many of the speeches made in the House of Commons, it has dozens of F-35s on board, 66,000 sausages, and not because we want to threaten anyone or be adversarial to anyone, either with the F-35s or indeed, the sausages, but because we want to stick up for the rule of law that is so vital for freedom of navigation and free trade.",396,402,anyone,IDENTITY_MARKER,NEUTRAL,2021,
"That's why we sent our amazing carrier strike group to the Far East, performing maneuvers with 40 friendly countries, HMS Queen Elizabeth, as long as the entire palace of Westminster, and rather more compelling as an argument than many of the speeches made in the House of Commons, it has dozens of F-35s on board, 66,000 sausages, and not because we want to threaten anyone or be adversarial to anyone, either with the F-35s or indeed, the sausages, but because we want to stick up for the rule of law that is so vital for freedom of navigation and free trade.",416,425,the F-35s,IDENTITY_MARKER,NEUTRAL,2021,
"That's why we sent our amazing carrier strike group to the Far East, performing maneuvers with 40 friendly countries, HMS Queen Elizabeth, as long as the entire palace of Westminster, and rather more compelling as an argument than many of the speeches made in the House of Commons, it has dozens of F-35s on board, 66,000 sausages, and not because we want to threaten anyone or be adversarial to anyone, either with the F-35s or indeed, the sausages, but because we want to stick up for the rule of law that is so vital for freedom of navigation and free trade.",437,449,the sausages,IDENTITY_MARKER,NEUTRAL,2021,
"That's why we sent our amazing carrier strike group to the Far East, performing maneuvers with 40 friendly countries, HMS Queen Elizabeth, as long as the entire palace of Westminster, and rather more compelling as an argument than many of the speeches made in the House of Commons, it has dozens of F-35s on board, 66,000 sausages, and not because we want to threaten anyone or be adversarial to anyone, either with the F-35s or indeed, the sausages, but because we want to stick up for the rule of law that is so vital for freedom of navigation and free trade.",463,465,we,PRONOUN,POSITIVE,2021,
"That's why we sent our amazing carrier strike group to the Far East, performing maneuvers with 40 friendly countries, HMS Queen Elizabeth, as long as the entire palace of Westminster, and rather more compelling as an argument than many of the speeches made in the House of Commons, it has dozens of F-35s on board, 66,000 sausages, and not because we want to threaten anyone or be adversarial to anyone, either with the F-35s or indeed, the sausages, but because we want to stick up for the rule of law that is so vital for freedom of navigation and free trade.",487,502,the rule of law,IDENTITY_MARKER,POSITIVE,2021,
"That's why we sent our amazing carrier strike group to the Far East, performing maneuvers with 40 friendly countries, HMS Queen Elizabeth, as long as the entire palace of Westminster, and rather more compelling as an argument than many of the speeches made in the House of Commons, it has dozens of F-35s on board, 66,000 sausages, and not because we want to threaten anyone or be adversarial to anyone, either with the F-35s or indeed, the sausages, but because we want to stick up for the rule of law that is so vital for freedom of navigation and free trade.",524,545,freedom of navigation,IDENTITY_MARKER,POSITIVE,2021,
"That's why we sent our amazing carrier strike group to the Far East, performing maneuvers with 40 friendly countries, HMS Queen Elizabeth, as long as the entire palace of Westminster, and rather more compelling as an argument than many of the speeches made in the House of Commons, it has dozens of F-35s on board, 66,000 sausages, and not because we want to threaten anyone or be adversarial to anyone, either with the F-35s or indeed, the sausages, but because we want to stick up for the rule of law that is so vital for freedom of navigation and free trade.",550,560,free trade,IDENTITY_MARKER,POSITIVE,2021,
"It's great to be here in Manchester at the best attended conference for years, and I know that some of you may have been mildly peppered with abuse on the way in, but are you abashed?",25,35,Manchester,IDENTITY_MARKER,POSITIVE,2019,
"It's great to be here in Manchester at the best attended conference for years, and I know that some of you may have been mildly peppered with abuse on the way in, but are you abashed?",39,67,the best attended conference,IDENTITY_MARKER,POSITIVE,2019,
"It's great to be here in Manchester at the best attended conference for years, and I know that some of you may have been mildly peppered with abuse on the way in, but are you abashed?",95,106,some of you,IDENTITY_MARKER,POSITIVE,2019,
"It's great to be here in Manchester at the best attended conference for years, and I know that some of you may have been mildly peppered with abuse on the way in, but are you abashed?",171,174,you,PRONOUN,POSITIVE,2019,
are you downcast?,4,7,you,PRONOUN,NEUTRAL,2019,
Of course not.,,,,,,2019,
We are conservatives and we get on with serving the people.,0,2,We,PRONOUN,POSITIVE,2019,
We are conservatives and we get on with serving the people.,7,20,conservatives,IDENTITY_MARKER,POSITIVE,2019,
We are conservatives and we get on with serving the people.,25,27,we,PRONOUN,POSITIVE,2019,
We are conservatives and we get on with serving the people.,48,58,the people,IDENTITY_MARKER,POSITIVE,2019,
"Theresa, I know the whole of conference remains full of gratitude to you, and to Philip May, for your patience and your forbearance, and yes, we will continue with the work of tackling domestic violence and modern slavery and building on your legacy.",0,7,Theresa,IDENTITY_MARKER,POSITIVE,2019,
"Theresa, I know the whole of conference remains full of gratitude to you, and to Philip May, for your patience and your forbearance, and yes, we will continue with the work of tackling domestic violence and modern slavery and building on your legacy.",16,39,the whole of conference,IDENTITY_MARKER,NEUTRAL,2019,
"Theresa, I know the whole of conference remains full of gratitude to you, and to Philip May, for your patience and your forbearance, and yes, we will continue with the work of tackling domestic violence and modern slavery and building on your legacy.",69,72,you,PRONOUN,POSITIVE,2019,
"Theresa, I know the whole of conference remains full of gratitude to you, and to Philip May, for your patience and your forbearance, and yes, we will continue with the work of tackling domestic violence and modern slavery and building on your legacy.",81,91,Philip May,IDENTITY_MARKER,POSITIVE,2019,
"Theresa, I know the whole of conference remains full of gratitude to you, and to Philip May, for your patience and your forbearance, and yes, we will continue with the work of tackling domestic violence and modern slavery and building on your legacy.",97,110,your patience,IDENTITY_MARKER,POSITIVE,2019,
"Theresa, I know the whole of conference remains full of gratitude to you, and to Philip May, for your patience and your forbearance, and yes, we will continue with the work of tackling domestic violence and modern slavery and building on your legacy.",115,131,your forbearance,IDENTITY_MARKER,POSITIVE,2019,
"Theresa, I know the whole of conference remains full of gratitude to you, and to Philip May, for your patience and your forbearance, and yes, we will continue with the work of tackling domestic violence and modern slavery and building on your legacy.",142,144,we,PRONOUN,POSITIVE,2019,
"Theresa, I know the whole of conference remains full of gratitude to you, and to Philip May, for your patience and your forbearance, and yes, we will continue with the work of tackling domestic violence and modern slavery and building on your legacy.",185,202,domestic violence,IDENTITY_MARKER,NEGATIVE,2019,
"Theresa, I know the whole of conference remains full of gratitude to you, and to Philip May, for your patience and your forbearance, and yes, we will continue with the work of tackling domestic violence and modern slavery and building on your legacy.",207,221,modern slavery,IDENTITY_MARKER,NEGATIVE,2019,
"Theresa, I know the whole of conference remains full of gratitude to you, and to Philip May, for your patience and your forbearance, and yes, we will continue with the work of tackling domestic violence and modern slavery and building on your legacy.",238,249,your legacy,IDENTITY_MARKER,POSITIVE,2019,
I have been prime minister for only seventy days but I have seen so many things that give cause for hope.,12,26,prime minister,IDENTITY_MARKER,NEUTRAL,2019,
Hospitals that are finally getting the investment to match the devotion of the staff.,0,9,Hospitals,IDENTITY_MARKER,POSITIVE,2019,
Hospitals that are finally getting the investment to match the devotion of the staff.,35,49,the investment,IDENTITY_MARKER,POSITIVE,2019,
Hospitals that are finally getting the investment to match the devotion of the staff.,59,84,the devotion of the staff,IDENTITY_MARKER,POSITIVE,2019,
Schools where standards of reading are rising through the use of synthetic phonics.,0,7,Schools,IDENTITY_MARKER,NEUTRAL,2019,
Schools where standards of reading are rising through the use of synthetic phonics.,14,34,standards of reading,IDENTITY_MARKER,POSITIVE,2019,
Schools where standards of reading are rising through the use of synthetic phonics.,65,82,synthetic phonics,IDENTITY_MARKER,POSITIVE,2019,
Police colleges where idealistic young men and women are enrolling in large numbers to fight crime across the country.,0,15,Police colleges,IDENTITY_MARKER,NEUTRAL,2019,
Police colleges where idealistic young men and women are enrolling in large numbers to fight crime across the country.,22,52,idealistic young men and women,IDENTITY_MARKER,POSITIVE,2019,
Police colleges where idealistic young men and women are enrolling in large numbers to fight crime across the country.,93,98,crime,IDENTITY_MARKER,NEGATIVE,2019,
Police colleges where idealistic young men and women are enrolling in large numbers to fight crime across the country.,106,117,the country,IDENTITY_MARKER,NEUTRAL,2019,
"Shipyards in Scotland that are building superb modern type 26 frigates for sale around the world, and every one of those high wage high skill jobs in shipbuilding is a testament to the benefits of belonging to the United Kingdom, the most successful political partnership in history, which we will protect and we will defend against those who would wantonly destroy it.",0,21,Shipyards in Scotland,IDENTITY_MARKER,POSITIVE,2019,
"Shipyards in Scotland that are building superb modern type 26 frigates for sale around the world, and every one of those high wage high skill jobs in shipbuilding is a testament to the benefits of belonging to the United Kingdom, the most successful political partnership in history, which we will protect and we will defend against those who would wantonly destroy it.",47,70,modern type 26 frigates,IDENTITY_MARKER,POSITIVE,2019,
"Shipyards in Scotland that are building superb modern type 26 frigates for sale around the world, and every one of those high wage high skill jobs in shipbuilding is a testament to the benefits of belonging to the United Kingdom, the most successful political partnership in history, which we will protect and we will defend against those who would wantonly destroy it.",87,96,the world,IDENTITY_MARKER,NEUTRAL,2019,
"Shipyards in Scotland that are building superb modern type 26 frigates for sale around the world, and every one of those high wage high skill jobs in shipbuilding is a testament to the benefits of belonging to the United Kingdom, the most successful political partnership in history, which we will protect and we will defend against those who would wantonly destroy it.",115,146,those high wage high skill jobs,IDENTITY_MARKER,POSITIVE,2019,
"Shipyards in Scotland that are building superb modern type 26 frigates for sale around the world, and every one of those high wage high skill jobs in shipbuilding is a testament to the benefits of belonging to the United Kingdom, the most successful political partnership in history, which we will protect and we will defend against those who would wantonly destroy it.",150,162,shipbuilding,IDENTITY_MARKER,NEUTRAL,2019,
"Shipyards in Scotland that are building superb modern type 26 frigates for sale around the world, and every one of those high wage high skill jobs in shipbuilding is a testament to the benefits of belonging to the United Kingdom, the most successful political partnership in history, which we will protect and we will defend against those who would wantonly destroy it.",181,206,the benefits of belonging,IDENTITY_MARKER,POSITIVE,2019,
"Shipyards in Scotland that are building superb modern type 26 frigates for sale around the world, and every one of those high wage high skill jobs in shipbuilding is a testament to the benefits of belonging to the United Kingdom, the most successful political partnership in history, which we will protect and we will defend against those who would wantonly destroy it.",210,228,the United Kingdom,IDENTITY_MARKER,POSITIVE,2019,
"Shipyards in Scotland that are building superb modern type 26 frigates for sale around the world, and every one of those high wage high skill jobs in shipbuilding is a testament to the benefits of belonging to the United Kingdom, the most successful political partnership in history, which we will protect and we will defend against those who would wantonly destroy it.",230,282,the most successful political partnership in history,IDENTITY_MARKER,POSITIVE,2019,
"Shipyards in Scotland that are building superb modern type 26 frigates for sale around the world, and every one of those high wage high skill jobs in shipbuilding is a testament to the benefits of belonging to the United Kingdom, the most successful political partnership in history, which we will protect and we will defend against those who would wantonly destroy it.",290,292,we,PRONOUN,POSITIVE,2019,
"Shipyards in Scotland that are building superb modern type 26 frigates for sale around the world, and every one of those high wage high skill jobs in shipbuilding is a testament to the benefits of belonging to the United Kingdom, the most successful political partnership in history, which we will protect and we will defend against those who would wantonly destroy it.",310,312,we,PRONOUN,POSITIVE,2019,
"Shipyards in Scotland that are building superb modern type 26 frigates for sale around the world, and every one of those high wage high skill jobs in shipbuilding is a testament to the benefits of belonging to the United Kingdom, the most successful political partnership in history, which we will protect and we will defend against those who would wantonly destroy it.",333,338,those,IDENTITY_MARKER,NEGATIVE,2019,
"Shipyards in Scotland that are building superb modern type 26 frigates for sale around the world, and every one of those high wage high skill jobs in shipbuilding is a testament to the benefits of belonging to the United Kingdom, the most successful political partnership in history, which we will protect and we will defend against those who would wantonly destroy it.",366,368,it,PRONOUN,POSITIVE,2019,
"And I say to Ruth Davidson as well, thank you for everything you did for the cause of Conservatism and unionism in Scotland and Ruth, we will honour your legacy too.",13,26,Ruth Davidson,IDENTITY_MARKER,POSITIVE,2019,
"And I say to Ruth Davidson as well, thank you for everything you did for the cause of Conservatism and unionism in Scotland and Ruth, we will honour your legacy too.",42,45,you,PRONOUN,POSITIVE,2019,
"And I say to Ruth Davidson as well, thank you for everything you did for the cause of Conservatism and unionism in Scotland and Ruth, we will honour your legacy too.",61,64,you,PRONOUN,POSITIVE,2019,
"And I say to Ruth Davidson as well, thank you for everything you did for the cause of Conservatism and unionism in Scotland and Ruth, we will honour your legacy too.",73,111,the cause of Conservatism and unionism,IDENTITY_MARKER,POSITIVE,2019,
"And I say to Ruth Davidson as well, thank you for everything you did for the cause of Conservatism and unionism in Scotland and Ruth, we will honour your legacy too.",115,123,Scotland,IDENTITY_MARKER,NEUTRAL,2019,
"And I say to Ruth Davidson as well, thank you for everything you did for the cause of Conservatism and unionism in Scotland and Ruth, we will honour your legacy too.",128,132,Ruth,IDENTITY_MARKER,POSITIVE,2019,
"And I say to Ruth Davidson as well, thank you for everything you did for the cause of Conservatism and unionism in Scotland and Ruth, we will honour your legacy too.",134,136,we,PRONOUN,NEUTRAL,2019,
"And I say to Ruth Davidson as well, thank you for everything you did for the cause of Conservatism and unionism in Scotland and Ruth, we will honour your legacy too.",149,160,your legacy,IDENTITY_MARKER,POSITIVE,2019,
"And I am proud of the role this government is playing in every one of those investments, and they are only possible because it was this Conservative government that tackled the debt and the deficit left by the last Labour government.",18,26,the role,IDENTITY_MARKER,POSITIVE,2019,
"And I am proud of the role this government is playing in every one of those investments, and they are only possible because it was this Conservative government that tackled the debt and the deficit left by the last Labour government.",27,42,this government,IDENTITY_MARKER,POSITIVE,2019,
"And I am proud of the role this government is playing in every one of those investments, and they are only possible because it was this Conservative government that tackled the debt and the deficit left by the last Labour government.",57,87,every one of those investments,IDENTITY_MARKER,POSITIVE,2019,
"And I am proud of the role this government is playing in every one of those investments, and they are only possible because it was this Conservative government that tackled the debt and the deficit left by the last Labour government.",93,97,they,PRONOUN,POSITIVE,2019,
"And I am proud of the role this government is playing in every one of those investments, and they are only possible because it was this Conservative government that tackled the debt and the deficit left by the last Labour government.",131,159,this Conservative government,IDENTITY_MARKER,POSITIVE,2019,
"And I am proud of the role this government is playing in every one of those investments, and they are only possible because it was this Conservative government that tackled the debt and the deficit left by the last Labour government.",173,181,the debt,IDENTITY_MARKER,NEGATIVE,2019,
"And I am proud of the role this government is playing in every one of those investments, and they are only possible because it was this Conservative government that tackled the debt and the deficit left by the last Labour government.",186,197,the deficit,IDENTITY_MARKER,NEGATIVE,2019,
"And I am proud of the role this government is playing in every one of those investments, and they are only possible because it was this Conservative government that tackled the debt and the deficit left by the last Labour government.",206,232,the last Labour government,IDENTITY_MARKER,NEGATIVE,2019,
"It was because we cleared up the wreckage they left behind that we now have record employment, wages rising the fastest for 10 years, and we have record Foreign Direct Investment of 1.3 trillion.",0,2,It,PRONOUN,NEUTRAL,2019,
"It was because we cleared up the wreckage they left behind that we now have record employment, wages rising the fastest for 10 years, and we have record Foreign Direct Investment of 1.3 trillion.",15,17,we,PRONOUN,POSITIVE,2019,
"It was because we cleared up the wreckage they left behind that we now have record employment, wages rising the fastest for 10 years, and we have record Foreign Direct Investment of 1.3 trillion.",29,41,the wreckage,IDENTITY_MARKER,NEGATIVE,2019,
"It was because we cleared up the wreckage they left behind that we now have record employment, wages rising the fastest for 10 years, and we have record Foreign Direct Investment of 1.3 trillion.",42,46,they,PRONOUN,NEGATIVE,2019,
"It was because we cleared up the wreckage they left behind that we now have record employment, wages rising the fastest for 10 years, and we have record Foreign Direct Investment of 1.3 trillion.",64,66,we,PRONOUN,POSITIVE,2019,
"It was because we cleared up the wreckage they left behind that we now have record employment, wages rising the fastest for 10 years, and we have record Foreign Direct Investment of 1.3 trillion.",83,93,employment,IDENTITY_MARKER,POSITIVE,2019,
"It was because we cleared up the wreckage they left behind that we now have record employment, wages rising the fastest for 10 years, and we have record Foreign Direct Investment of 1.3 trillion.",95,100,wages,IDENTITY_MARKER,POSITIVE,2019,
"It was because we cleared up the wreckage they left behind that we now have record employment, wages rising the fastest for 10 years, and we have record Foreign Direct Investment of 1.3 trillion.",138,140,we,PRONOUN,POSITIVE,2019,
"It was because we cleared up the wreckage they left behind that we now have record employment, wages rising the fastest for 10 years, and we have record Foreign Direct Investment of 1.3 trillion.",153,178,Foreign Direct Investment,IDENTITY_MARKER,POSITIVE,2019,
"And so many reasons to be confident about our country and its direction, and yet we are like a world class athlete with a pebble in our shoe.",42,53,our country,IDENTITY_MARKER,POSITIVE,2019,
"And so many reasons to be confident about our country and its direction, and yet we are like a world class athlete with a pebble in our shoe.",58,71,its direction,IDENTITY_MARKER,POSITIVE,2019,
"And so many reasons to be confident about our country and its direction, and yet we are like a world class athlete with a pebble in our shoe.",81,83,we,PRONOUN,NEUTRAL,2019,
"And so many reasons to be confident about our country and its direction, and yet we are like a world class athlete with a pebble in our shoe.",93,114,a world class athlete,IDENTITY_MARKER,NEGATIVE,2019,
There is one part of the British system that seems to be on the blink.,9,39,one part of the British system,IDENTITY_MARKER,NEGATIVE,2019,
"If parliament were a laptop, then the screen would be showing the pizza wheel of doom.",3,13,parliament,IDENTITY_MARKER,NEGATIVE,2019,
"If parliament were a laptop, then the screen would be showing the pizza wheel of doom.",19,27,a laptop,IDENTITY_MARKER,NEUTRAL,2019,
"If parliament were a laptop, then the screen would be showing the pizza wheel of doom.",62,85,the pizza wheel of doom,IDENTITY_MARKER,NEGATIVE,2019,
"If parliament were a school, Ofsted would be shutting it down.",3,13,parliament,IDENTITY_MARKER,NEGATIVE,2019,
"If parliament were a school, Ofsted would be shutting it down.",19,27,a school,IDENTITY_MARKER,NEUTRAL,2019,
"If parliament were a school, Ofsted would be shutting it down.",29,35,Ofsted,IDENTITY_MARKER,NEUTRAL,2019,
"If parliament were a school, Ofsted would be shutting it down.",54,56,it,PRONOUN,NEGATIVE,2019,
If parliament were a reality TV show the whole lot of us would have been voted out of the jungle by now.,3,13,parliament,IDENTITY_MARKER,NEGATIVE,2019,
If parliament were a reality TV show the whole lot of us would have been voted out of the jungle by now.,19,36,a reality TV show,IDENTITY_MARKER,NEUTRAL,2019,
If parliament were a reality TV show the whole lot of us would have been voted out of the jungle by now.,37,56,the whole lot of us,IDENTITY_MARKER,NEUTRAL,2019,
If parliament were a reality TV show the whole lot of us would have been voted out of the jungle by now.,86,96,the jungle,IDENTITY_MARKER,NEUTRAL,2019,
But at least we could have watched the speaker being forced to eat a kangaroo testicle.,13,15,we,PRONOUN,NEUTRAL,2019,
But at least we could have watched the speaker being forced to eat a kangaroo testicle.,35,46,the speaker,IDENTITY_MARKER,NEGATIVE,2019,
But at least we could have watched the speaker being forced to eat a kangaroo testicle.,67,86,a kangaroo testicle,IDENTITY_MARKER,NEGATIVE,2019,
"And the sad truth is that voters have more say over I'm a celebrity than they do over this House of Commons, which refuses to deliver Brexit, refuses to do anything constructive and refuses to have an election, just at the moment when voters are desperate for us to focus on their priorities.",4,17,the sad truth,IDENTITY_MARKER,NEGATIVE,2019,
"And the sad truth is that voters have more say over I'm a celebrity than they do over this House of Commons, which refuses to deliver Brexit, refuses to do anything constructive and refuses to have an election, just at the moment when voters are desperate for us to focus on their priorities.",26,32,voters,IDENTITY_MARKER,POSITIVE,2019,
"And the sad truth is that voters have more say over I'm a celebrity than they do over this House of Commons, which refuses to deliver Brexit, refuses to do anything constructive and refuses to have an election, just at the moment when voters are desperate for us to focus on their priorities.",52,67,I'm a celebrity,IDENTITY_MARKER,NEUTRAL,2019,
"And the sad truth is that voters have more say over I'm a celebrity than they do over this House of Commons, which refuses to deliver Brexit, refuses to do anything constructive and refuses to have an election, just at the moment when voters are desperate for us to focus on their priorities.",73,77,they,PRONOUN,POSITIVE,2019,
"And the sad truth is that voters have more say over I'm a celebrity than they do over this House of Commons, which refuses to deliver Brexit, refuses to do anything constructive and refuses to have an election, just at the moment when voters are desperate for us to focus on their priorities.",86,107,this House of Commons,IDENTITY_MARKER,NEGATIVE,2019,
"And the sad truth is that voters have more say over I'm a celebrity than they do over this House of Commons, which refuses to deliver Brexit, refuses to do anything constructive and refuses to have an election, just at the moment when voters are desperate for us to focus on their priorities.",134,140,Brexit,IDENTITY_MARKER,POSITIVE,2019,
"And the sad truth is that voters have more say over I'm a celebrity than they do over this House of Commons, which refuses to deliver Brexit, refuses to do anything constructive and refuses to have an election, just at the moment when voters are desperate for us to focus on their priorities.",156,177,anything constructive,IDENTITY_MARKER,POSITIVE,2019,
"And the sad truth is that voters have more say over I'm a celebrity than they do over this House of Commons, which refuses to deliver Brexit, refuses to do anything constructive and refuses to have an election, just at the moment when voters are desperate for us to focus on their priorities.",198,209,an election,IDENTITY_MARKER,POSITIVE,2019,
"And the sad truth is that voters have more say over I'm a celebrity than they do over this House of Commons, which refuses to deliver Brexit, refuses to do anything constructive and refuses to have an election, just at the moment when voters are desperate for us to focus on their priorities.",235,241,voters,IDENTITY_MARKER,POSITIVE,2019,
"And the sad truth is that voters have more say over I'm a celebrity than they do over this House of Commons, which refuses to deliver Brexit, refuses to do anything constructive and refuses to have an election, just at the moment when voters are desperate for us to focus on their priorities.",260,262,us,PRONOUN,NEUTRAL,2019,
"And the sad truth is that voters have more say over I'm a celebrity than they do over this House of Commons, which refuses to deliver Brexit, refuses to do anything constructive and refuses to have an election, just at the moment when voters are desperate for us to focus on their priorities.",275,291,their priorities,IDENTITY_MARKER,POSITIVE,2019,
"We are continuing to chew the supermasticated subject of Brexit, when what people want, what leavers want, what remainers want, what the whole world wants - is to be calmly and sensibly done with the subject, and to move on.",0,2,We,PRONOUN,NEUTRAL,2019,
"We are continuing to chew the supermasticated subject of Brexit, when what people want, what leavers want, what remainers want, what the whole world wants - is to be calmly and sensibly done with the subject, and to move on.",26,63,the supermasticated subject of Brexit,IDENTITY_MARKER,NEGATIVE,2019,
"We are continuing to chew the supermasticated subject of Brexit, when what people want, what leavers want, what remainers want, what the whole world wants - is to be calmly and sensibly done with the subject, and to move on.",75,81,people,IDENTITY_MARKER,NEUTRAL,2019,
"We are continuing to chew the supermasticated subject of Brexit, when what people want, what leavers want, what remainers want, what the whole world wants - is to be calmly and sensibly done with the subject, and to move on.",93,100,leavers,IDENTITY_MARKER,NEUTRAL,2019,
"We are continuing to chew the supermasticated subject of Brexit, when what people want, what leavers want, what remainers want, what the whole world wants - is to be calmly and sensibly done with the subject, and to move on.",112,121,remainers,IDENTITY_MARKER,NEUTRAL,2019,
"We are continuing to chew the supermasticated subject of Brexit, when what people want, what leavers want, what remainers want, what the whole world wants - is to be calmly and sensibly done with the subject, and to move on.",133,148,the whole world,IDENTITY_MARKER,NEUTRAL,2019,
"We are continuing to chew the supermasticated subject of Brexit, when what people want, what leavers want, what remainers want, what the whole world wants - is to be calmly and sensibly done with the subject, and to move on.",196,207,the subject,IDENTITY_MARKER,NEUTRAL,2019,
"And that is why we are coming out of the EU on October 31, come what may Conference.",16,18,we,PRONOUN,POSITIVE,2019,
"And that is why we are coming out of the EU on October 31, come what may Conference.",37,43,the EU,IDENTITY_MARKER,NEGATIVE,2019,
"And that is why we are coming out of the EU on October 31, come what may Conference.",73,83,Conference,IDENTITY_MARKER,NEUTRAL,2019,
Let's get Brexit done.,10,16,Brexit,IDENTITY_MARKER,POSITIVE,2019,
"We can, we must, and we will, even though things have not been made easier by the surrender bill.",0,2,We,PRONOUN,POSITIVE,2019,
"We can, we must, and we will, even though things have not been made easier by the surrender bill.",8,10,we,PRONOUN,POSITIVE,2019,
"We can, we must, and we will, even though things have not been made easier by the surrender bill.",21,23,we,PRONOUN,POSITIVE,2019,
"We can, we must, and we will, even though things have not been made easier by the surrender bill.",42,48,things,IDENTITY_MARKER,NEUTRAL,2019,
"We can, we must, and we will, even though things have not been made easier by the surrender bill.",78,96,the surrender bill,IDENTITY_MARKER,NEGATIVE,2019,
We will work for a deal with our EU friends; but whatever happens we must come out by the end of October.,0,2,We,PRONOUN,POSITIVE,2019,
We will work for a deal with our EU friends; but whatever happens we must come out by the end of October.,29,43,our EU friends,IDENTITY_MARKER,POSITIVE,2019,
We will work for a deal with our EU friends; but whatever happens we must come out by the end of October.,66,68,we,PRONOUN,NEUTRAL,2019,
Let's get this thing done - and then let's get ready to make our case to the country against the fratricidal anti-semitic Marxists who were in Brighton last week.,10,20,this thing,IDENTITY_MARKER,POSITIVE,2019,
Let's get this thing done - and then let's get ready to make our case to the country against the fratricidal anti-semitic Marxists who were in Brighton last week.,61,69,our case,IDENTITY_MARKER,POSITIVE,2019,
Let's get this thing done - and then let's get ready to make our case to the country against the fratricidal anti-semitic Marxists who were in Brighton last week.,73,84,the country,IDENTITY_MARKER,NEUTRAL,2019,
Let's get this thing done - and then let's get ready to make our case to the country against the fratricidal anti-semitic Marxists who were in Brighton last week.,93,130,the fratricidal anti-semitic Marxists,IDENTITY_MARKER,NEGATIVE,2019,
Let's get this thing done - and then let's get ready to make our case to the country against the fratricidal anti-semitic Marxists who were in Brighton last week.,143,151,Brighton,IDENTITY_MARKER,NEUTRAL,2019,
Last week Jeremy Corbyn had a number of damaging and retrograde ideas in his speech.,10,23,Jeremy Corbyn,IDENTITY_MARKER,NEGATIVE,2019,
Last week Jeremy Corbyn had a number of damaging and retrograde ideas in his speech.,40,69,damaging and retrograde ideas,IDENTITY_MARKER,NEGATIVE,2019,
Last week Jeremy Corbyn had a number of damaging and retrograde ideas in his speech.,73,83,his speech,IDENTITY_MARKER,NEGATIVE,2019,
He wants a 4 day week - which would slash the wages of people on low incomes.,0,2,He,PRONOUN,NEGATIVE,2019,
He wants a 4 day week - which would slash the wages of people on low incomes.,42,51,the wages,IDENTITY_MARKER,NEUTRAL,2019,
He wants a 4 day week - which would slash the wages of people on low incomes.,55,76,people on low incomes,IDENTITY_MARKER,POSITIVE,2019,
"He wants to ban private schools and expropriate their property, even though it would cost the taxpayer seven billion to educate the kids.",0,2,He,PRONOUN,NEGATIVE,2019,
"He wants to ban private schools and expropriate their property, even though it would cost the taxpayer seven billion to educate the kids.",16,31,private schools,IDENTITY_MARKER,NEUTRAL,2019,
"He wants to ban private schools and expropriate their property, even though it would cost the taxpayer seven billion to educate the kids.",48,62,their property,IDENTITY_MARKER,NEUTRAL,2019,
"He wants to ban private schools and expropriate their property, even though it would cost the taxpayer seven billion to educate the kids.",76,78,it,PRONOUN,NEGATIVE,2019,
"He wants to ban private schools and expropriate their property, even though it would cost the taxpayer seven billion to educate the kids.",90,102,the taxpayer,IDENTITY_MARKER,POSITIVE,2019,
"He wants to ban private schools and expropriate their property, even though it would cost the taxpayer seven billion to educate the kids.",128,136,the kids,IDENTITY_MARKER,NEUTRAL,2019,
"He wants to stamp out excellence in schools by banning Ofsted, the inspectors who ensure that schools are safe for our children.",0,2,He,PRONOUN,NEGATIVE,2019,
"He wants to stamp out excellence in schools by banning Ofsted, the inspectors who ensure that schools are safe for our children.",22,32,excellence,IDENTITY_MARKER,POSITIVE,2019,
"He wants to stamp out excellence in schools by banning Ofsted, the inspectors who ensure that schools are safe for our children.",36,43,schools,IDENTITY_MARKER,NEUTRAL,2019,
"He wants to stamp out excellence in schools by banning Ofsted, the inspectors who ensure that schools are safe for our children.",55,61,Ofsted,IDENTITY_MARKER,POSITIVE,2019,
"He wants to stamp out excellence in schools by banning Ofsted, the inspectors who ensure that schools are safe for our children.",63,77,the inspectors,IDENTITY_MARKER,POSITIVE,2019,
"He wants to stamp out excellence in schools by banning Ofsted, the inspectors who ensure that schools are safe for our children.",94,101,schools,IDENTITY_MARKER,POSITIVE,2019,
"He wants to stamp out excellence in schools by banning Ofsted, the inspectors who ensure that schools are safe for our children.",115,127,our children,IDENTITY_MARKER,POSITIVE,2019,
But he had one good idea.,4,6,he,PRONOUN,POSITIVE,2019,
But he had one good idea.,11,24,one good idea,IDENTITY_MARKER,POSITIVE,2019,
"He had a whole paragraph repeating what he has said every week for the last three years - he wants an election now - or that is what he was going to say, poor fellow.",0,2,He,PRONOUN,NEUTRAL,2019,
"He had a whole paragraph repeating what he has said every week for the last three years - he wants an election now - or that is what he was going to say, poor fellow.",40,42,he,PRONOUN,NEUTRAL,2019,
"He had a whole paragraph repeating what he has said every week for the last three years - he wants an election now - or that is what he was going to say, poor fellow.",90,92,he,PRONOUN,NEUTRAL,2019,
"He had a whole paragraph repeating what he has said every week for the last three years - he wants an election now - or that is what he was going to say, poor fellow.",99,110,an election,IDENTITY_MARKER,NEUTRAL,2019,
"He had a whole paragraph repeating what he has said every week for the last three years - he wants an election now - or that is what he was going to say, poor fellow.",133,135,he,PRONOUN,NEGATIVE,2019,
"He had a whole paragraph repeating what he has said every week for the last three years - he wants an election now - or that is what he was going to say, poor fellow.",154,165,poor fellow,IDENTITY_MARKER,NEGATIVE,2019,
The only trouble is that the paragraph was censored by Tohn McDonnell or possibly Keir Starmer.,55,69,Tohn McDonnell,IDENTITY_MARKER,NEUTRAL,2019,
The only trouble is that the paragraph was censored by Tohn McDonnell or possibly Keir Starmer.,82,94,Keir Starmer,IDENTITY_MARKER,NEUTRAL,2019,
"So we have the astonishing spectacle of the leader of the opposition being prevented by his colleagues from engaging in his constitutional function which is to try to remove me from office, and in this age of creative litigation I am surprised that no one has yet sued him for breach of contract.",3,5,we,PRONOUN,NEUTRAL,2019,
"So we have the astonishing spectacle of the leader of the opposition being prevented by his colleagues from engaging in his constitutional function which is to try to remove me from office, and in this age of creative litigation I am surprised that no one has yet sued him for breach of contract.",11,36,the astonishing spectacle,IDENTITY_MARKER,NEGATIVE,2019,
"So we have the astonishing spectacle of the leader of the opposition being prevented by his colleagues from engaging in his constitutional function which is to try to remove me from office, and in this age of creative litigation I am surprised that no one has yet sued him for breach of contract.",40,68,the leader of the opposition,IDENTITY_MARKER,NEUTRAL,2019,
"So we have the astonishing spectacle of the leader of the opposition being prevented by his colleagues from engaging in his constitutional function which is to try to remove me from office, and in this age of creative litigation I am surprised that no one has yet sued him for breach of contract.",88,102,his colleagues,IDENTITY_MARKER,NEGATIVE,2019,
"So we have the astonishing spectacle of the leader of the opposition being prevented by his colleagues from engaging in his constitutional function which is to try to remove me from office, and in this age of creative litigation I am surprised that no one has yet sued him for breach of contract.",120,147,his constitutional function,IDENTITY_MARKER,POSITIVE,2019,
"So we have the astonishing spectacle of the leader of the opposition being prevented by his colleagues from engaging in his constitutional function which is to try to remove me from office, and in this age of creative litigation I am surprised that no one has yet sued him for breach of contract.",182,188,office,IDENTITY_MARKER,NEUTRAL,2019,
"So we have the astonishing spectacle of the leader of the opposition being prevented by his colleagues from engaging in his constitutional function which is to try to remove me from office, and in this age of creative litigation I am surprised that no one has yet sued him for breach of contract.",197,228,this age of creative litigation,IDENTITY_MARKER,NEGATIVE,2019,
"So we have the astonishing spectacle of the leader of the opposition being prevented by his colleagues from engaging in his constitutional function which is to try to remove me from office, and in this age of creative litigation I am surprised that no one has yet sued him for breach of contract.",269,272,him,PRONOUN,NEUTRAL,2019,
"So we have the astonishing spectacle of the leader of the opposition being prevented by his colleagues from engaging in his constitutional function which is to try to remove me from office, and in this age of creative litigation I am surprised that no one has yet sued him for breach of contract.",277,295,breach of contract,IDENTITY_MARKER,NEUTRAL,2019,
"Though it now appears that the SNP may yet try to bundle him towards the throne like some Konstantin Chernenko figure reluctantly propelled to office in a Kremlin coup, so that they get on with their programme for total national discord, turning the whole of 2020 - which should be a great year for this country - into the chaos and cacophony of two more referendums.",7,9,it,PRONOUN,NEUTRAL,2019,
"Though it now appears that the SNP may yet try to bundle him towards the throne like some Konstantin Chernenko figure reluctantly propelled to office in a Kremlin coup, so that they get on with their programme for total national discord, turning the whole of 2020 - which should be a great year for this country - into the chaos and cacophony of two more referendums.",27,34,the SNP,IDENTITY_MARKER,NEGATIVE,2019,
"Though it now appears that the SNP may yet try to bundle him towards the throne like some Konstantin Chernenko figure reluctantly propelled to office in a Kremlin coup, so that they get on with their programme for total national discord, turning the whole of 2020 - which should be a great year for this country - into the chaos and cacophony of two more referendums.",57,60,him,PRONOUN,NEUTRAL,2019,
"Though it now appears that the SNP may yet try to bundle him towards the throne like some Konstantin Chernenko figure reluctantly propelled to office in a Kremlin coup, so that they get on with their programme for total national discord, turning the whole of 2020 - which should be a great year for this country - into the chaos and cacophony of two more referendums.",69,79,the throne,IDENTITY_MARKER,NEUTRAL,2019,
"Though it now appears that the SNP may yet try to bundle him towards the throne like some Konstantin Chernenko figure reluctantly propelled to office in a Kremlin coup, so that they get on with their programme for total national discord, turning the whole of 2020 - which should be a great year for this country - into the chaos and cacophony of two more referendums.",90,117,Konstantin Chernenko figure,IDENTITY_MARKER,NEUTRAL,2019,
"Though it now appears that the SNP may yet try to bundle him towards the throne like some Konstantin Chernenko figure reluctantly propelled to office in a Kremlin coup, so that they get on with their programme for total national discord, turning the whole of 2020 - which should be a great year for this country - into the chaos and cacophony of two more referendums.",143,149,office,IDENTITY_MARKER,NEUTRAL,2019,
"Though it now appears that the SNP may yet try to bundle him towards the throne like some Konstantin Chernenko figure reluctantly propelled to office in a Kremlin coup, so that they get on with their programme for total national discord, turning the whole of 2020 - which should be a great year for this country - into the chaos and cacophony of two more referendums.",153,167,a Kremlin coup,IDENTITY_MARKER,NEGATIVE,2019,
"Though it now appears that the SNP may yet try to bundle him towards the throne like some Konstantin Chernenko figure reluctantly propelled to office in a Kremlin coup, so that they get on with their programme for total national discord, turning the whole of 2020 - which should be a great year for this country - into the chaos and cacophony of two more referendums.",177,181,they,PRONOUN,NEGATIVE,2019,
"Though it now appears that the SNP may yet try to bundle him towards the throne like some Konstantin Chernenko figure reluctantly propelled to office in a Kremlin coup, so that they get on with their programme for total national discord, turning the whole of 2020 - which should be a great year for this country - into the chaos and cacophony of two more referendums.",194,236,their programme for total national discord,IDENTITY_MARKER,NEGATIVE,2019,
"Though it now appears that the SNP may yet try to bundle him towards the throne like some Konstantin Chernenko figure reluctantly propelled to office in a Kremlin coup, so that they get on with their programme for total national discord, turning the whole of 2020 - which should be a great year for this country - into the chaos and cacophony of two more referendums.",299,311,this country,IDENTITY_MARKER,POSITIVE,2019,
"Though it now appears that the SNP may yet try to bundle him towards the throne like some Konstantin Chernenko figure reluctantly propelled to office in a Kremlin coup, so that they get on with their programme for total national discord, turning the whole of 2020 - which should be a great year for this country - into the chaos and cacophony of two more referendums.",319,342,the chaos and cacophony,IDENTITY_MARKER,NEGATIVE,2019,
"Though it now appears that the SNP may yet try to bundle him towards the throne like some Konstantin Chernenko figure reluctantly propelled to office in a Kremlin coup, so that they get on with their programme for total national discord, turning the whole of 2020 - which should be a great year for this country - into the chaos and cacophony of two more referendums.",346,366,two more referendums,IDENTITY_MARKER,NEGATIVE,2019,
"A second referendum on Scottish independence, even though the people of Scotland were promised that the 2014 vote would be a once in a generation decision and a second referendum on the EU?",0,44,A second referendum on Scottish independence,IDENTITY_MARKER,NEUTRAL,2019,
"A second referendum on Scottish independence, even though the people of Scotland were promised that the 2014 vote would be a once in a generation decision and a second referendum on the EU?",58,80,the people of Scotland,IDENTITY_MARKER,POSITIVE,2019,
"A second referendum on Scottish independence, even though the people of Scotland were promised that the 2014 vote would be a once in a generation decision and a second referendum on the EU?",100,113,the 2014 vote,IDENTITY_MARKER,NEUTRAL,2019,
"A second referendum on Scottish independence, even though the people of Scotland were promised that the 2014 vote would be a once in a generation decision and a second referendum on the EU?",159,178,a second referendum,IDENTITY_MARKER,NEUTRAL,2019,
"A second referendum on Scottish independence, even though the people of Scotland were promised that the 2014 vote would be a once in a generation decision and a second referendum on the EU?",182,188,the EU,IDENTITY_MARKER,NEUTRAL,2019,
Can you imagine another 3 years of this?,4,7,you,PRONOUN,NEUTRAL,2019,
Can you imagine another 3 years of this?,35,39,this,IDENTITY_MARKER,NEGATIVE,2019,
"But that is the Corbyn agenda - stay in the EU beyond October 31, and paying a billion pounds a month for the privilege, followed by years of uncertainty for business and everyone else.",12,29,the Corbyn agenda,IDENTITY_MARKER,NEGATIVE,2019,
"But that is the Corbyn agenda - stay in the EU beyond October 31, and paying a billion pounds a month for the privilege, followed by years of uncertainty for business and everyone else.",40,46,the EU,IDENTITY_MARKER,NEUTRAL,2019,
"But that is the Corbyn agenda - stay in the EU beyond October 31, and paying a billion pounds a month for the privilege, followed by years of uncertainty for business and everyone else.",106,119,the privilege,IDENTITY_MARKER,NEGATIVE,2019,
"But that is the Corbyn agenda - stay in the EU beyond October 31, and paying a billion pounds a month for the privilege, followed by years of uncertainty for business and everyone else.",158,166,business,IDENTITY_MARKER,POSITIVE,2019,
"But that is the Corbyn agenda - stay in the EU beyond October 31, and paying a billion pounds a month for the privilege, followed by years of uncertainty for business and everyone else.",171,184,everyone else,IDENTITY_MARKER,POSITIVE,2019,
"As for the Lib Dems, their idea of serving the national interest was to write to Jean-Claude Juncker urging him NOT to give this country a better deal.",7,19,the Lib Dems,IDENTITY_MARKER,NEGATIVE,2019,
"As for the Lib Dems, their idea of serving the national interest was to write to Jean-Claude Juncker urging him NOT to give this country a better deal.",21,64,their idea of serving the national interest,IDENTITY_MARKER,NEGATIVE,2019,
"As for the Lib Dems, their idea of serving the national interest was to write to Jean-Claude Juncker urging him NOT to give this country a better deal.",81,100,Jean-Claude Juncker,IDENTITY_MARKER,NEUTRAL,2019,
"As for the Lib Dems, their idea of serving the national interest was to write to Jean-Claude Juncker urging him NOT to give this country a better deal.",108,111,him,PRONOUN,NEUTRAL,2019,
"As for the Lib Dems, their idea of serving the national interest was to write to Jean-Claude Juncker urging him NOT to give this country a better deal.",124,136,this country,IDENTITY_MARKER,POSITIVE,2019,
"As for the Lib Dems, their idea of serving the national interest was to write to Jean-Claude Juncker urging him NOT to give this country a better deal.",137,150,a better deal,IDENTITY_MARKER,POSITIVE,2019,
"While the leader has called for a second referendum, while pledging to campaign against the result.",6,16,the leader,IDENTITY_MARKER,NEGATIVE,2019,
"While the leader has called for a second referendum, while pledging to campaign against the result.",32,51,a second referendum,IDENTITY_MARKER,NEGATIVE,2019,
"While the leader has called for a second referendum, while pledging to campaign against the result.",88,98,the result,IDENTITY_MARKER,POSITIVE,2019,
It's time to respect the trades descriptions act and take the word democrat out of the liberal democrats.,0,2,It,PRONOUN,NEUTRAL,2019,
It's time to respect the trades descriptions act and take the word democrat out of the liberal democrats.,21,48,the trades descriptions act,IDENTITY_MARKER,POSITIVE,2019,
It's time to respect the trades descriptions act and take the word democrat out of the liberal democrats.,58,75,the word democrat,IDENTITY_MARKER,NEUTRAL,2019,
It's time to respect the trades descriptions act and take the word democrat out of the liberal democrats.,83,104,the liberal democrats,IDENTITY_MARKER,NEGATIVE,2019,
"My friends, I am afraid that after three and a half years people are beginning to feel that they are being taken for fools.",0,10,My friends,IDENTITY_MARKER,POSITIVE,2019,
"My friends, I am afraid that after three and a half years people are beginning to feel that they are being taken for fools.",58,64,people,IDENTITY_MARKER,POSITIVE,2019,
"My friends, I am afraid that after three and a half years people are beginning to feel that they are being taken for fools.",92,96,they,PRONOUN,POSITIVE,2019,
"My friends, I am afraid that after three and a half years people are beginning to feel that they are being taken for fools.",117,122,fools,IDENTITY_MARKER,NEGATIVE,2019,
"They are beginning to suspect that there are forces in this country that simply don't want brexit delivered at all, and if they turn out to be right in that suspicion then I believe there will be grave consequences for trust in democracy.",0,4,They,PRONOUN,POSITIVE,2019,
"They are beginning to suspect that there are forces in this country that simply don't want brexit delivered at all, and if they turn out to be right in that suspicion then I believe there will be grave consequences for trust in democracy.",45,67,forces in this country,IDENTITY_MARKER,NEGATIVE,2019,
"They are beginning to suspect that there are forces in this country that simply don't want brexit delivered at all, and if they turn out to be right in that suspicion then I believe there will be grave consequences for trust in democracy.",91,97,brexit,IDENTITY_MARKER,POSITIVE,2019,
"They are beginning to suspect that there are forces in this country that simply don't want brexit delivered at all, and if they turn out to be right in that suspicion then I believe there will be grave consequences for trust in democracy.",123,127,they,PRONOUN,NEUTRAL,2019,
"They are beginning to suspect that there are forces in this country that simply don't want brexit delivered at all, and if they turn out to be right in that suspicion then I believe there will be grave consequences for trust in democracy.",228,237,democracy,IDENTITY_MARKER,POSITIVE,2019,
Let's get Brexit done on October 31.,10,16,Brexit,IDENTITY_MARKER,POSITIVE,2019,
"Let's get it done because of the opportunities that Brexit will bring, not just to take back control of our money and our borders and our laws.",10,12,it,PRONOUN,NEUTRAL,2019,
"Let's get it done because of the opportunities that Brexit will bring, not just to take back control of our money and our borders and our laws.",29,46,the opportunities,IDENTITY_MARKER,POSITIVE,2019,
"Let's get it done because of the opportunities that Brexit will bring, not just to take back control of our money and our borders and our laws.",52,58,Brexit,IDENTITY_MARKER,POSITIVE,2019,
"Let's get it done because of the opportunities that Brexit will bring, not just to take back control of our money and our borders and our laws.",104,113,our money,IDENTITY_MARKER,POSITIVE,2019,
"Let's get it done because of the opportunities that Brexit will bring, not just to take back control of our money and our borders and our laws.",118,129,our borders,IDENTITY_MARKER,POSITIVE,2019,
"Let's get it done because of the opportunities that Brexit will bring, not just to take back control of our money and our borders and our laws.",134,142,our laws,IDENTITY_MARKER,POSITIVE,2019,
"To regulate differently and better, and to take our place as a proud and independent global campaigner for free trade.",48,57,our place,IDENTITY_MARKER,NEUTRAL,2019,
"To regulate differently and better, and to take our place as a proud and independent global campaigner for free trade.",61,117,a proud and independent global campaigner for free trade,IDENTITY_MARKER,POSITIVE,2019,
Let's get it done because delay is so pointless and expensive.,10,12,it,PRONOUN,NEUTRAL,2019,
Let's get it done because delay is so pointless and expensive.,26,31,delay,IDENTITY_MARKER,NEGATIVE,2019,
Let's get it done because we need to build our positive new partnership with the EU because it cannot be stressed too much that this is not an anti-European party and it is not an anti-European country.,10,12,it,PRONOUN,NEUTRAL,2019,
Let's get it done because we need to build our positive new partnership with the EU because it cannot be stressed too much that this is not an anti-European party and it is not an anti-European country.,26,28,we,PRONOUN,POSITIVE,2019,
Let's get it done because we need to build our positive new partnership with the EU because it cannot be stressed too much that this is not an anti-European party and it is not an anti-European country.,43,71,our positive new partnership,IDENTITY_MARKER,POSITIVE,2019,
Let's get it done because we need to build our positive new partnership with the EU because it cannot be stressed too much that this is not an anti-European party and it is not an anti-European country.,77,83,the EU,IDENTITY_MARKER,NEUTRAL,2019,
Let's get it done because we need to build our positive new partnership with the EU because it cannot be stressed too much that this is not an anti-European party and it is not an anti-European country.,92,94,it,PRONOUN,NEUTRAL,2019,
Let's get it done because we need to build our positive new partnership with the EU because it cannot be stressed too much that this is not an anti-European party and it is not an anti-European country.,128,132,this,PRONOUN,POSITIVE,2019,
Let's get it done because we need to build our positive new partnership with the EU because it cannot be stressed too much that this is not an anti-European party and it is not an anti-European country.,140,162,an anti-European party,IDENTITY_MARKER,NEGATIVE,2019,
Let's get it done because we need to build our positive new partnership with the EU because it cannot be stressed too much that this is not an anti-European party and it is not an anti-European country.,167,169,it,PRONOUN,POSITIVE,2019,
Let's get it done because we need to build our positive new partnership with the EU because it cannot be stressed too much that this is not an anti-European party and it is not an anti-European country.,177,201,an anti-European country,IDENTITY_MARKER,NEGATIVE,2019,
We love Europe.,0,2,We,PRONOUN,NEUTRAL,2019,
We love Europe.,8,14,Europe,IDENTITY_MARKER,POSITIVE,2019,
"We are European, but after 45 years of really dramatic constitutional change we must have a new relationship with the EU - a positive and confident partnership - and we can do it.",0,2,We,PRONOUN,NEUTRAL,2019,
"We are European, but after 45 years of really dramatic constitutional change we must have a new relationship with the EU - a positive and confident partnership - and we can do it.",7,15,European,IDENTITY_MARKER,POSITIVE,2019,
"We are European, but after 45 years of really dramatic constitutional change we must have a new relationship with the EU - a positive and confident partnership - and we can do it.",39,76,really dramatic constitutional change,IDENTITY_MARKER,NEGATIVE,2019,
"We are European, but after 45 years of really dramatic constitutional change we must have a new relationship with the EU - a positive and confident partnership - and we can do it.",77,79,we,PRONOUN,NEUTRAL,2019,
"We are European, but after 45 years of really dramatic constitutional change we must have a new relationship with the EU - a positive and confident partnership - and we can do it.",90,108,a new relationship,IDENTITY_MARKER,POSITIVE,2019,
"We are European, but after 45 years of really dramatic constitutional change we must have a new relationship with the EU - a positive and confident partnership - and we can do it.",114,120,the EU,IDENTITY_MARKER,NEUTRAL,2019,
"We are European, but after 45 years of really dramatic constitutional change we must have a new relationship with the EU - a positive and confident partnership - and we can do it.",123,159,a positive and confident partnership,IDENTITY_MARKER,POSITIVE,2019,
"We are European, but after 45 years of really dramatic constitutional change we must have a new relationship with the EU - a positive and confident partnership - and we can do it.",166,168,we,PRONOUN,POSITIVE,2019,
"We are European, but after 45 years of really dramatic constitutional change we must have a new relationship with the EU - a positive and confident partnership - and we can do it.",176,178,it,PRONOUN,POSITIVE,2019,
"Today in Brussels we are tabling what I believe are constructive and reasonable proposals, which provide a compromise for both sides.",9,17,Brussels,IDENTITY_MARKER,NEUTRAL,2019,
"Today in Brussels we are tabling what I believe are constructive and reasonable proposals, which provide a compromise for both sides.",18,20,we,PRONOUN,POSITIVE,2019,
"Today in Brussels we are tabling what I believe are constructive and reasonable proposals, which provide a compromise for both sides.",52,89,constructive and reasonable proposals,IDENTITY_MARKER,POSITIVE,2019,
"Today in Brussels we are tabling what I believe are constructive and reasonable proposals, which provide a compromise for both sides.",105,117,a compromise,IDENTITY_MARKER,POSITIVE,2019,
"Today in Brussels we are tabling what I believe are constructive and reasonable proposals, which provide a compromise for both sides.",122,132,both sides,IDENTITY_MARKER,POSITIVE,2019,
We will under no circumstances have checks at or near the border in Northern Ireland.,0,2,We,PRONOUN,NEUTRAL,2019,
We will under no circumstances have checks at or near the border in Northern Ireland.,36,64,checks at or near the border,IDENTITY_MARKER,NEGATIVE,2019,
We will under no circumstances have checks at or near the border in Northern Ireland.,68,84,Northern Ireland,IDENTITY_MARKER,NEUTRAL,2019,
"We will respect the peace process and the Good Friday agreement and by a process of renewable democratic consent by the executive and assembly of Northern Ireland, we will go further and protect the existing regulatory arrangements for farmers and other businesses on both sides of the border.",0,2,We,PRONOUN,POSITIVE,2019,
"We will respect the peace process and the Good Friday agreement and by a process of renewable democratic consent by the executive and assembly of Northern Ireland, we will go further and protect the existing regulatory arrangements for farmers and other businesses on both sides of the border.",16,33,the peace process,IDENTITY_MARKER,POSITIVE,2019,
"We will respect the peace process and the Good Friday agreement and by a process of renewable democratic consent by the executive and assembly of Northern Ireland, we will go further and protect the existing regulatory arrangements for farmers and other businesses on both sides of the border.",38,63,the Good Friday agreement,IDENTITY_MARKER,POSITIVE,2019,
"We will respect the peace process and the Good Friday agreement and by a process of renewable democratic consent by the executive and assembly of Northern Ireland, we will go further and protect the existing regulatory arrangements for farmers and other businesses on both sides of the border.",71,112,a process of renewable democratic consent,IDENTITY_MARKER,POSITIVE,2019,
"We will respect the peace process and the Good Friday agreement and by a process of renewable democratic consent by the executive and assembly of Northern Ireland, we will go further and protect the existing regulatory arrangements for farmers and other businesses on both sides of the border.",116,162,the executive and assembly of Northern Ireland,IDENTITY_MARKER,POSITIVE,2019,
"We will respect the peace process and the Good Friday agreement and by a process of renewable democratic consent by the executive and assembly of Northern Ireland, we will go further and protect the existing regulatory arrangements for farmers and other businesses on both sides of the border.",164,166,we,PRONOUN,POSITIVE,2019,
"We will respect the peace process and the Good Friday agreement and by a process of renewable democratic consent by the executive and assembly of Northern Ireland, we will go further and protect the existing regulatory arrangements for farmers and other businesses on both sides of the border.",195,231,the existing regulatory arrangements,IDENTITY_MARKER,POSITIVE,2019,
"We will respect the peace process and the Good Friday agreement and by a process of renewable democratic consent by the executive and assembly of Northern Ireland, we will go further and protect the existing regulatory arrangements for farmers and other businesses on both sides of the border.",236,243,farmers,IDENTITY_MARKER,POSITIVE,2019,
"We will respect the peace process and the Good Friday agreement and by a process of renewable democratic consent by the executive and assembly of Northern Ireland, we will go further and protect the existing regulatory arrangements for farmers and other businesses on both sides of the border.",248,264,other businesses,IDENTITY_MARKER,POSITIVE,2019,
"We will respect the peace process and the Good Friday agreement and by a process of renewable democratic consent by the executive and assembly of Northern Ireland, we will go further and protect the existing regulatory arrangements for farmers and other businesses on both sides of the border.",268,292,both sides of the border,IDENTITY_MARKER,NEUTRAL,2019,
"And at the same time we will allow the UK - whole and entire - to withdraw from the EU, with control of our own trade policy from the start.",21,23,we,PRONOUN,POSITIVE,2019,
"And at the same time we will allow the UK - whole and entire - to withdraw from the EU, with control of our own trade policy from the start.",35,41,the UK,IDENTITY_MARKER,POSITIVE,2019,
"And at the same time we will allow the UK - whole and entire - to withdraw from the EU, with control of our own trade policy from the start.",80,86,the EU,IDENTITY_MARKER,NEUTRAL,2019,
"And at the same time we will allow the UK - whole and entire - to withdraw from the EU, with control of our own trade policy from the start.",104,124,our own trade policy,IDENTITY_MARKER,POSITIVE,2019,
"And to protect the union, and yes this is a compromise by the UK, and I hope very much that our friends understand that and compromise in their turn because if we fail to get an agreement because of what is essentially a technical discussion of the exact nature of future customs checks, when that technology is improving the whole time.",15,24,the union,IDENTITY_MARKER,POSITIVE,2019,
"And to protect the union, and yes this is a compromise by the UK, and I hope very much that our friends understand that and compromise in their turn because if we fail to get an agreement because of what is essentially a technical discussion of the exact nature of future customs checks, when that technology is improving the whole time.",58,64,the UK,IDENTITY_MARKER,POSITIVE,2019,
"And to protect the union, and yes this is a compromise by the UK, and I hope very much that our friends understand that and compromise in their turn because if we fail to get an agreement because of what is essentially a technical discussion of the exact nature of future customs checks, when that technology is improving the whole time.",92,103,our friends,IDENTITY_MARKER,POSITIVE,2019,
"And to protect the union, and yes this is a compromise by the UK, and I hope very much that our friends understand that and compromise in their turn because if we fail to get an agreement because of what is essentially a technical discussion of the exact nature of future customs checks, when that technology is improving the whole time.",160,162,we,PRONOUN,NEGATIVE,2019,
"And to protect the union, and yes this is a compromise by the UK, and I hope very much that our friends understand that and compromise in their turn because if we fail to get an agreement because of what is essentially a technical discussion of the exact nature of future customs checks, when that technology is improving the whole time.",175,187,an agreement,IDENTITY_MARKER,POSITIVE,2019,
"And to protect the union, and yes this is a compromise by the UK, and I hope very much that our friends understand that and compromise in their turn because if we fail to get an agreement because of what is essentially a technical discussion of the exact nature of future customs checks, when that technology is improving the whole time.",219,286,a technical discussion of the exact nature of future customs checks,IDENTITY_MARKER,NEGATIVE,2019,
"And to protect the union, and yes this is a compromise by the UK, and I hope very much that our friends understand that and compromise in their turn because if we fail to get an agreement because of what is essentially a technical discussion of the exact nature of future customs checks, when that technology is improving the whole time.",298,308,technology,IDENTITY_MARKER,POSITIVE,2019,
Then let us be in no doubt that the alternative is no deal.,9,11,us,PRONOUN,NEUTRAL,2019,
Then let us be in no doubt that the alternative is no deal.,32,47,the alternative,IDENTITY_MARKER,NEGATIVE,2019,
Then let us be in no doubt that the alternative is no deal.,51,58,no deal,IDENTITY_MARKER,NEGATIVE,2019,
That is not an outcome we want.,0,4,That,IDENTITY_MARKER,NEGATIVE,2019,
That is not an outcome we want.,23,25,we,IDENTITY_MARKER,NEUTRAL,2019,
It is not an outcome we seek at all.,0,2,It,PRONOUN,NEGATIVE,2019,
It is not an outcome we seek at all.,21,23,we,PRONOUN,NEUTRAL,2019,
"But let me tell you, this conference, it is an outcome for which we are ready.",16,19,you,PRONOUN,NEUTRAL,2019,
"But let me tell you, this conference, it is an outcome for which we are ready.",21,36,this conference,IDENTITY_MARKER,NEUTRAL,2019,
"But let me tell you, this conference, it is an outcome for which we are ready.",38,40,it,PRONOUN,NEUTRAL,2019,
"But let me tell you, this conference, it is an outcome for which we are ready.",44,54,an outcome,IDENTITY_MARKER,NEUTRAL,2019,
"But let me tell you, this conference, it is an outcome for which we are ready.",65,67,we,PRONOUN,POSITIVE,2019,
Are we ready?,4,6,we,PRONOUN,POSITIVE,2019,
Are we determined to resolve this?,4,6,we,PRONOUN,POSITIVE,2019,
Are we determined to resolve this?,29,33,this,IDENTITY_MARKER,NEGATIVE,2019,
"Let's get Brexit done on October 31, because we must get on and deliver on all the priorities of the people to answer the cry of those 17.4 m who voted for Brexit.",10,16,Brexit,IDENTITY_MARKER,NEUTRAL,2019,
"Let's get Brexit done on October 31, because we must get on and deliver on all the priorities of the people to answer the cry of those 17.4 m who voted for Brexit.",45,47,we,PRONOUN,POSITIVE,2019,
"Let's get Brexit done on October 31, because we must get on and deliver on all the priorities of the people to answer the cry of those 17.4 m who voted for Brexit.",75,107,all the priorities of the people,IDENTITY_MARKER,POSITIVE,2019,
"Let's get Brexit done on October 31, because we must get on and deliver on all the priorities of the people to answer the cry of those 17.4 m who voted for Brexit.",118,141,the cry of those 17.4 m,IDENTITY_MARKER,POSITIVE,2019,
"Let's get Brexit done on October 31, because we must get on and deliver on all the priorities of the people to answer the cry of those 17.4 m who voted for Brexit.",156,162,Brexit,IDENTITY_MARKER,NEUTRAL,2019,
"Because it is only by delivering Brexit, that we can address that feeling in so many parts of the country that they were being left behind, ignored, and that their towns were not only suffering from a lack of love and investment but their views had somehow become unfashionable or unmentionable.",8,10,it,PRONOUN,NEUTRAL,2019,
"Because it is only by delivering Brexit, that we can address that feeling in so many parts of the country that they were being left behind, ignored, and that their towns were not only suffering from a lack of love and investment but their views had somehow become unfashionable or unmentionable.",33,39,Brexit,IDENTITY_MARKER,NEUTRAL,2019,
"Because it is only by delivering Brexit, that we can address that feeling in so many parts of the country that they were being left behind, ignored, and that their towns were not only suffering from a lack of love and investment but their views had somehow become unfashionable or unmentionable.",46,48,we,PRONOUN,POSITIVE,2019,
"Because it is only by delivering Brexit, that we can address that feeling in so many parts of the country that they were being left behind, ignored, and that their towns were not only suffering from a lack of love and investment but their views had somehow become unfashionable or unmentionable.",61,73,that feeling,IDENTITY_MARKER,NEGATIVE,2019,
"Because it is only by delivering Brexit, that we can address that feeling in so many parts of the country that they were being left behind, ignored, and that their towns were not only suffering from a lack of love and investment but their views had somehow become unfashionable or unmentionable.",77,105,so many parts of the country,IDENTITY_MARKER,NEUTRAL,2019,
"Because it is only by delivering Brexit, that we can address that feeling in so many parts of the country that they were being left behind, ignored, and that their towns were not only suffering from a lack of love and investment but their views had somehow become unfashionable or unmentionable.",111,115,they,PRONOUN,POSITIVE,2019,
"Because it is only by delivering Brexit, that we can address that feeling in so many parts of the country that they were being left behind, ignored, and that their towns were not only suffering from a lack of love and investment but their views had somehow become unfashionable or unmentionable.",158,169,their towns,IDENTITY_MARKER,POSITIVE,2019,
"Because it is only by delivering Brexit, that we can address that feeling in so many parts of the country that they were being left behind, ignored, and that their towns were not only suffering from a lack of love and investment but their views had somehow become unfashionable or unmentionable.",209,228,love and investment,IDENTITY_MARKER,NEGATIVE,2019,
"Because it is only by delivering Brexit, that we can address that feeling in so many parts of the country that they were being left behind, ignored, and that their towns were not only suffering from a lack of love and investment but their views had somehow become unfashionable or unmentionable.",233,244,their views,IDENTITY_MARKER,POSITIVE,2019,
"And let's get Brexit done for those millions who may have voted remain but are first and foremost democrats, and accept the result of the referendum.",14,20,Brexit,IDENTITY_MARKER,NEUTRAL,2019,
"And let's get Brexit done for those millions who may have voted remain but are first and foremost democrats, and accept the result of the referendum.",30,44,those millions,IDENTITY_MARKER,POSITIVE,2019,
"And let's get Brexit done for those millions who may have voted remain but are first and foremost democrats, and accept the result of the referendum.",79,107,first and foremost democrats,IDENTITY_MARKER,POSITIVE,2019,
"And let's get Brexit done for those millions who may have voted remain but are first and foremost democrats, and accept the result of the referendum.",120,148,the result of the referendum,IDENTITY_MARKER,NEUTRAL,2019,
"And when I say that I want us to work together, now, to bring this country together, you are entitled to ask yourselves about my core principles and the ideals that drive me and are going to drive me as your prime minister.",27,29,us,PRONOUN,POSITIVE,2019,
"And when I say that I want us to work together, now, to bring this country together, you are entitled to ask yourselves about my core principles and the ideals that drive me and are going to drive me as your prime minister.",62,74,this country,IDENTITY_MARKER,POSITIVE,2019,
"And when I say that I want us to work together, now, to bring this country together, you are entitled to ask yourselves about my core principles and the ideals that drive me and are going to drive me as your prime minister.",85,88,you,PRONOUN,NEUTRAL,2019,
"And when I say that I want us to work together, now, to bring this country together, you are entitled to ask yourselves about my core principles and the ideals that drive me and are going to drive me as your prime minister.",109,119,yourselves,IDENTITY_MARKER,NEUTRAL,2019,
"And when I say that I want us to work together, now, to bring this country together, you are entitled to ask yourselves about my core principles and the ideals that drive me and are going to drive me as your prime minister.",126,144,my core principles,IDENTITY_MARKER,NEUTRAL,2019,
"And when I say that I want us to work together, now, to bring this country together, you are entitled to ask yourselves about my core principles and the ideals that drive me and are going to drive me as your prime minister.",149,159,the ideals,IDENTITY_MARKER,NEUTRAL,2019,
"And when I say that I want us to work together, now, to bring this country together, you are entitled to ask yourselves about my core principles and the ideals that drive me and are going to drive me as your prime minister.",203,222,your prime minister,IDENTITY_MARKER,NEUTRAL,2019,
I am going to follow the example of my friend Saj.,21,32,the example,IDENTITY_MARKER,POSITIVE,2019,
I am going to follow the example of my friend Saj.,36,49,my friend Saj,IDENTITY_MARKER,POSITIVE,2019,
I am going to quote that supreme authority in my family - my mother.,20,42,that supreme authority,IDENTITY_MARKER,POSITIVE,2019,
I am going to quote that supreme authority in my family - my mother.,46,55,my family,IDENTITY_MARKER,POSITIVE,2019,
I am going to quote that supreme authority in my family - my mother.,58,67,my mother,IDENTITY_MARKER,POSITIVE,2019,
.,,,,,,2019,
"And my mother taught me to believe strongly in the equal importance, the equal dignity, the equal worth of every human being on the planet.",4,13,my mother,IDENTITY_MARKER,POSITIVE,2019,
"And my mother taught me to believe strongly in the equal importance, the equal dignity, the equal worth of every human being on the planet.",47,67,the equal importance,IDENTITY_MARKER,POSITIVE,2019,
"And my mother taught me to believe strongly in the equal importance, the equal dignity, the equal worth of every human being on the planet.",69,86,the equal dignity,IDENTITY_MARKER,POSITIVE,2019,
"And my mother taught me to believe strongly in the equal importance, the equal dignity, the equal worth of every human being on the planet.",88,103,the equal worth,IDENTITY_MARKER,POSITIVE,2019,
"And my mother taught me to believe strongly in the equal importance, the equal dignity, the equal worth of every human being on the planet.",107,124,every human being,IDENTITY_MARKER,POSITIVE,2019,
"And my mother taught me to believe strongly in the equal importance, the equal dignity, the equal worth of every human being on the planet.",128,138,the planet,IDENTITY_MARKER,NEUTRAL,2019,
"And that may sound banal but it is not, and there is one institution that sums up that idea.",4,8,that,IDENTITY_MARKER,NEUTRAL,2019,
"And that may sound banal but it is not, and there is one institution that sums up that idea.",29,31,it,PRONOUN,POSITIVE,2019,
"And that may sound banal but it is not, and there is one institution that sums up that idea.",53,68,one institution,IDENTITY_MARKER,POSITIVE,2019,
"And that may sound banal but it is not, and there is one institution that sums up that idea.",82,91,that idea,IDENTITY_MARKER,POSITIVE,2019,
"The NHS is holy to the people of this country because of the simple beauty of its principle: that it doesn't matter who you are or where you come from, but when you are sick the whole country figuratively gathers at your bedside and does everything it can to make you well again, and everybody pays to ensure that you have the best doctors and the best nurses and the most effective treatments known to medical science.",0,7,The NHS,IDENTITY_MARKER,POSITIVE,2019,
"The NHS is holy to the people of this country because of the simple beauty of its principle: that it doesn't matter who you are or where you come from, but when you are sick the whole country figuratively gathers at your bedside and does everything it can to make you well again, and everybody pays to ensure that you have the best doctors and the best nurses and the most effective treatments known to medical science.",19,45,the people of this country,IDENTITY_MARKER,NEUTRAL,2019,
"The NHS is holy to the people of this country because of the simple beauty of its principle: that it doesn't matter who you are or where you come from, but when you are sick the whole country figuratively gathers at your bedside and does everything it can to make you well again, and everybody pays to ensure that you have the best doctors and the best nurses and the most effective treatments known to medical science.",57,91,the simple beauty of its principle,IDENTITY_MARKER,POSITIVE,2019,
"The NHS is holy to the people of this country because of the simple beauty of its principle: that it doesn't matter who you are or where you come from, but when you are sick the whole country figuratively gathers at your bedside and does everything it can to make you well again, and everybody pays to ensure that you have the best doctors and the best nurses and the most effective treatments known to medical science.",98,100,it,PRONOUN,NEUTRAL,2019,
"The NHS is holy to the people of this country because of the simple beauty of its principle: that it doesn't matter who you are or where you come from, but when you are sick the whole country figuratively gathers at your bedside and does everything it can to make you well again, and everybody pays to ensure that you have the best doctors and the best nurses and the most effective treatments known to medical science.",120,123,you,PRONOUN,NEUTRAL,2019,
"The NHS is holy to the people of this country because of the simple beauty of its principle: that it doesn't matter who you are or where you come from, but when you are sick the whole country figuratively gathers at your bedside and does everything it can to make you well again, and everybody pays to ensure that you have the best doctors and the best nurses and the most effective treatments known to medical science.",137,140,you,PRONOUN,NEUTRAL,2019,
"The NHS is holy to the people of this country because of the simple beauty of its principle: that it doesn't matter who you are or where you come from, but when you are sick the whole country figuratively gathers at your bedside and does everything it can to make you well again, and everybody pays to ensure that you have the best doctors and the best nurses and the most effective treatments known to medical science.",161,164,you,PRONOUN,POSITIVE,2019,
"The NHS is holy to the people of this country because of the simple beauty of its principle: that it doesn't matter who you are or where you come from, but when you are sick the whole country figuratively gathers at your bedside and does everything it can to make you well again, and everybody pays to ensure that you have the best doctors and the best nurses and the most effective treatments known to medical science.",174,191,the whole country,IDENTITY_MARKER,POSITIVE,2019,
"The NHS is holy to the people of this country because of the simple beauty of its principle: that it doesn't matter who you are or where you come from, but when you are sick the whole country figuratively gathers at your bedside and does everything it can to make you well again, and everybody pays to ensure that you have the best doctors and the best nurses and the most effective treatments known to medical science.",216,228,your bedside,IDENTITY_MARKER,POSITIVE,2019,
"The NHS is holy to the people of this country because of the simple beauty of its principle: that it doesn't matter who you are or where you come from, but when you are sick the whole country figuratively gathers at your bedside and does everything it can to make you well again, and everybody pays to ensure that you have the best doctors and the best nurses and the most effective treatments known to medical science.",249,251,it,PRONOUN,POSITIVE,2019,
"The NHS is holy to the people of this country because of the simple beauty of its principle: that it doesn't matter who you are or where you come from, but when you are sick the whole country figuratively gathers at your bedside and does everything it can to make you well again, and everybody pays to ensure that you have the best doctors and the best nurses and the most effective treatments known to medical science.",264,267,you,PRONOUN,POSITIVE,2019,
"The NHS is holy to the people of this country because of the simple beauty of its principle: that it doesn't matter who you are or where you come from, but when you are sick the whole country figuratively gathers at your bedside and does everything it can to make you well again, and everybody pays to ensure that you have the best doctors and the best nurses and the most effective treatments known to medical science.",284,293,everybody,IDENTITY_MARKER,POSITIVE,2019,
"The NHS is holy to the people of this country because of the simple beauty of its principle: that it doesn't matter who you are or where you come from, but when you are sick the whole country figuratively gathers at your bedside and does everything it can to make you well again, and everybody pays to ensure that you have the best doctors and the best nurses and the most effective treatments known to medical science.",314,317,you,PRONOUN,POSITIVE,2019,
"The NHS is holy to the people of this country because of the simple beauty of its principle: that it doesn't matter who you are or where you come from, but when you are sick the whole country figuratively gathers at your bedside and does everything it can to make you well again, and everybody pays to ensure that you have the best doctors and the best nurses and the most effective treatments known to medical science.",323,339,the best doctors,IDENTITY_MARKER,POSITIVE,2019,
"The NHS is holy to the people of this country because of the simple beauty of its principle: that it doesn't matter who you are or where you come from, but when you are sick the whole country figuratively gathers at your bedside and does everything it can to make you well again, and everybody pays to ensure that you have the best doctors and the best nurses and the most effective treatments known to medical science.",344,359,the best nurses,IDENTITY_MARKER,POSITIVE,2019,
"The NHS is holy to the people of this country because of the simple beauty of its principle: that it doesn't matter who you are or where you come from, but when you are sick the whole country figuratively gathers at your bedside and does everything it can to make you well again, and everybody pays to ensure that you have the best doctors and the best nurses and the most effective treatments known to medical science.",364,393,the most effective treatments,IDENTITY_MARKER,POSITIVE,2019,
"The NHS is holy to the people of this country because of the simple beauty of its principle: that it doesn't matter who you are or where you come from, but when you are sick the whole country figuratively gathers at your bedside and does everything it can to make you well again, and everybody pays to ensure that you have the best doctors and the best nurses and the most effective treatments known to medical science.",403,418,medical science,IDENTITY_MARKER,NEUTRAL,2019,
And after 70 years the results are - on the whole - amazing.,19,30,the results,IDENTITY_MARKER,POSITIVE,2019,
"When I was a kid the word cancer was a death knell, and heart attack was a terrifying thought.",11,16,a kid,IDENTITY_MARKER,NEUTRAL,2019,
"When I was a kid the word cancer was a death knell, and heart attack was a terrifying thought.",26,32,cancer,IDENTITY_MARKER,NEGATIVE,2019,
"When I was a kid the word cancer was a death knell, and heart attack was a terrifying thought.",56,68,heart attack,IDENTITY_MARKER,NEGATIVE,2019,
"Well, we are slowly defeating the legions of disease.",6,8,we,PRONOUN,POSITIVE,2019,
"Well, we are slowly defeating the legions of disease.",30,52,the legions of disease,IDENTITY_MARKER,NEGATIVE,2019,
This country has seen the fastest falls in breast cancer in Europe.,0,12,This country,IDENTITY_MARKER,NEUTRAL,2019,
This country has seen the fastest falls in breast cancer in Europe.,22,56,the fastest falls in breast cancer,IDENTITY_MARKER,POSITIVE,2019,
This country has seen the fastest falls in breast cancer in Europe.,60,66,Europe,IDENTITY_MARKER,NEUTRAL,2019,
But we have so much more to do.,4,6,we,PRONOUN,POSITIVE,2019,
"On Monday I went to the north Manchester general hospital and I saw the incredible work they are doing with reconstructive maxillo-facial surgery on people who, only a decade ago would have been permanently disfigured by their traumas, and for whom hope and confidence is so important.",20,57,the north Manchester general hospital,IDENTITY_MARKER,NEUTRAL,2019,
"On Monday I went to the north Manchester general hospital and I saw the incredible work they are doing with reconstructive maxillo-facial surgery on people who, only a decade ago would have been permanently disfigured by their traumas, and for whom hope and confidence is so important.",68,87,the incredible work,IDENTITY_MARKER,POSITIVE,2019,
"On Monday I went to the north Manchester general hospital and I saw the incredible work they are doing with reconstructive maxillo-facial surgery on people who, only a decade ago would have been permanently disfigured by their traumas, and for whom hope and confidence is so important.",88,92,they,PRONOUN,POSITIVE,2019,
"On Monday I went to the north Manchester general hospital and I saw the incredible work they are doing with reconstructive maxillo-facial surgery on people who, only a decade ago would have been permanently disfigured by their traumas, and for whom hope and confidence is so important.",108,145,reconstructive maxillo-facial surgery,IDENTITY_MARKER,NEUTRAL,2019,
"On Monday I went to the north Manchester general hospital and I saw the incredible work they are doing with reconstructive maxillo-facial surgery on people who, only a decade ago would have been permanently disfigured by their traumas, and for whom hope and confidence is so important.",149,155,people,IDENTITY_MARKER,POSITIVE,2019,
"On Monday I went to the north Manchester general hospital and I saw the incredible work they are doing with reconstructive maxillo-facial surgery on people who, only a decade ago would have been permanently disfigured by their traumas, and for whom hope and confidence is so important.",221,234,their traumas,IDENTITY_MARKER,POSITIVE,2019,
I talked to the patients and every one of them was bursting with praise for the staff and their energy and devotion.,12,24,the patients,IDENTITY_MARKER,NEUTRAL,2019,
I talked to the patients and every one of them was bursting with praise for the staff and their energy and devotion.,29,46,every one of them,IDENTITY_MARKER,NEUTRAL,2019,
I talked to the patients and every one of them was bursting with praise for the staff and their energy and devotion.,76,85,the staff,IDENTITY_MARKER,POSITIVE,2019,
I talked to the patients and every one of them was bursting with praise for the staff and their energy and devotion.,90,115,their energy and devotion,IDENTITY_MARKER,POSITIVE,2019,
"But, conference, that fantastic hospital was built in 1876 to serve the workhouse, and we were walking down long narrow nightingale wards that were designed by the pioneer of nursing, and, as one of the managers told me, that asking those professionals to work in that environment is like asking a premiership footballer to play on a ploughed field.",5,15,conference,IDENTITY_MARKER,NEUTRAL,2019,
"But, conference, that fantastic hospital was built in 1876 to serve the workhouse, and we were walking down long narrow nightingale wards that were designed by the pioneer of nursing, and, as one of the managers told me, that asking those professionals to work in that environment is like asking a premiership footballer to play on a ploughed field.",17,40,that fantastic hospital,IDENTITY_MARKER,POSITIVE,2019,
"But, conference, that fantastic hospital was built in 1876 to serve the workhouse, and we were walking down long narrow nightingale wards that were designed by the pioneer of nursing, and, as one of the managers told me, that asking those professionals to work in that environment is like asking a premiership footballer to play on a ploughed field.",68,81,the workhouse,IDENTITY_MARKER,NEUTRAL,2019,
"But, conference, that fantastic hospital was built in 1876 to serve the workhouse, and we were walking down long narrow nightingale wards that were designed by the pioneer of nursing, and, as one of the managers told me, that asking those professionals to work in that environment is like asking a premiership footballer to play on a ploughed field.",87,89,we,PRONOUN,NEUTRAL,2019,
"But, conference, that fantastic hospital was built in 1876 to serve the workhouse, and we were walking down long narrow nightingale wards that were designed by the pioneer of nursing, and, as one of the managers told me, that asking those professionals to work in that environment is like asking a premiership footballer to play on a ploughed field.",160,182,the pioneer of nursing,IDENTITY_MARKER,NEUTRAL,2019,
"But, conference, that fantastic hospital was built in 1876 to serve the workhouse, and we were walking down long narrow nightingale wards that were designed by the pioneer of nursing, and, as one of the managers told me, that asking those professionals to work in that environment is like asking a premiership footballer to play on a ploughed field.",192,211,one of the managers,IDENTITY_MARKER,NEUTRAL,2019,
"But, conference, that fantastic hospital was built in 1876 to serve the workhouse, and we were walking down long narrow nightingale wards that were designed by the pioneer of nursing, and, as one of the managers told me, that asking those professionals to work in that environment is like asking a premiership footballer to play on a ploughed field.",233,252,those professionals,IDENTITY_MARKER,POSITIVE,2019,
"But, conference, that fantastic hospital was built in 1876 to serve the workhouse, and we were walking down long narrow nightingale wards that were designed by the pioneer of nursing, and, as one of the managers told me, that asking those professionals to work in that environment is like asking a premiership footballer to play on a ploughed field.",264,280,that environment,IDENTITY_MARKER,NEGATIVE,2019,
"But, conference, that fantastic hospital was built in 1876 to serve the workhouse, and we were walking down long narrow nightingale wards that were designed by the pioneer of nursing, and, as one of the managers told me, that asking those professionals to work in that environment is like asking a premiership footballer to play on a ploughed field.",296,320,a premiership footballer,IDENTITY_MARKER,POSITIVE,2019,
"But, conference, that fantastic hospital was built in 1876 to serve the workhouse, and we were walking down long narrow nightingale wards that were designed by the pioneer of nursing, and, as one of the managers told me, that asking those professionals to work in that environment is like asking a premiership footballer to play on a ploughed field.",332,348,a ploughed field,IDENTITY_MARKER,NEGATIVE,2019,
"And so I was proud to tell them under this government we will totally rebuild that hospital, so that we are not only recruiting more doctors and nurses, and training them but in the next 10 years we will build 40 new hospitals in the biggest investment in hospital infrastructure for a generation.",27,31,them,PRONOUN,NEUTRAL,2019,
"And so I was proud to tell them under this government we will totally rebuild that hospital, so that we are not only recruiting more doctors and nurses, and training them but in the next 10 years we will build 40 new hospitals in the biggest investment in hospital infrastructure for a generation.",38,53,this government,IDENTITY_MARKER,POSITIVE,2019,
"And so I was proud to tell them under this government we will totally rebuild that hospital, so that we are not only recruiting more doctors and nurses, and training them but in the next 10 years we will build 40 new hospitals in the biggest investment in hospital infrastructure for a generation.",54,56,we,PRONOUN,POSITIVE,2019,
"And so I was proud to tell them under this government we will totally rebuild that hospital, so that we are not only recruiting more doctors and nurses, and training them but in the next 10 years we will build 40 new hospitals in the biggest investment in hospital infrastructure for a generation.",78,91,that hospital,IDENTITY_MARKER,POSITIVE,2019,
"And so I was proud to tell them under this government we will totally rebuild that hospital, so that we are not only recruiting more doctors and nurses, and training them but in the next 10 years we will build 40 new hospitals in the biggest investment in hospital infrastructure for a generation.",101,103,we,PRONOUN,POSITIVE,2019,
"And so I was proud to tell them under this government we will totally rebuild that hospital, so that we are not only recruiting more doctors and nurses, and training them but in the next 10 years we will build 40 new hospitals in the biggest investment in hospital infrastructure for a generation.",128,151,more doctors and nurses,IDENTITY_MARKER,POSITIVE,2019,
"And so I was proud to tell them under this government we will totally rebuild that hospital, so that we are not only recruiting more doctors and nurses, and training them but in the next 10 years we will build 40 new hospitals in the biggest investment in hospital infrastructure for a generation.",166,170,them,PRONOUN,POSITIVE,2019,
"And so I was proud to tell them under this government we will totally rebuild that hospital, so that we are not only recruiting more doctors and nurses, and training them but in the next 10 years we will build 40 new hospitals in the biggest investment in hospital infrastructure for a generation.",196,198,we,PRONOUN,POSITIVE,2019,
"And so I was proud to tell them under this government we will totally rebuild that hospital, so that we are not only recruiting more doctors and nurses, and training them but in the next 10 years we will build 40 new hospitals in the biggest investment in hospital infrastructure for a generation.",210,226,40 new hospitals,IDENTITY_MARKER,POSITIVE,2019,
"And so I was proud to tell them under this government we will totally rebuild that hospital, so that we are not only recruiting more doctors and nurses, and training them but in the next 10 years we will build 40 new hospitals in the biggest investment in hospital infrastructure for a generation.",230,252,the biggest investment,IDENTITY_MARKER,POSITIVE,2019,
"And so I was proud to tell them under this government we will totally rebuild that hospital, so that we are not only recruiting more doctors and nurses, and training them but in the next 10 years we will build 40 new hospitals in the biggest investment in hospital infrastructure for a generation.",256,279,hospital infrastructure,IDENTITY_MARKER,POSITIVE,2019,
Because after 70 years of the existence of the NHS - 44 of them under a Conservative government - it is time for us to say loud and clear: We are the party of the NHS.,26,50,the existence of the NHS,IDENTITY_MARKER,NEUTRAL,2019,
Because after 70 years of the existence of the NHS - 44 of them under a Conservative government - it is time for us to say loud and clear: We are the party of the NHS.,53,63,44 of them,IDENTITY_MARKER,NEUTRAL,2019,
Because after 70 years of the existence of the NHS - 44 of them under a Conservative government - it is time for us to say loud and clear: We are the party of the NHS.,70,95,a Conservative government,IDENTITY_MARKER,POSITIVE,2019,
Because after 70 years of the existence of the NHS - 44 of them under a Conservative government - it is time for us to say loud and clear: We are the party of the NHS.,113,115,us,PRONOUN,NEUTRAL,2019,
Because after 70 years of the existence of the NHS - 44 of them under a Conservative government - it is time for us to say loud and clear: We are the party of the NHS.,139,141,We,PRONOUN,POSITIVE,2019,
Because after 70 years of the existence of the NHS - 44 of them under a Conservative government - it is time for us to say loud and clear: We are the party of the NHS.,146,166,the party of the NHS,IDENTITY_MARKER,POSITIVE,2019,
And I claim that title because it is our one nation conservatism that has delivered and will deliver the economic growth that makes those investments possible.,12,22,that title,IDENTITY_MARKER,NEUTRAL,2019,
And I claim that title because it is our one nation conservatism that has delivered and will deliver the economic growth that makes those investments possible.,31,33,it,PRONOUN,NEUTRAL,2019,
And I claim that title because it is our one nation conservatism that has delivered and will deliver the economic growth that makes those investments possible.,37,64,our one nation conservatism,IDENTITY_MARKER,POSITIVE,2019,
And I claim that title because it is our one nation conservatism that has delivered and will deliver the economic growth that makes those investments possible.,101,120,the economic growth,IDENTITY_MARKER,POSITIVE,2019,
And I claim that title because it is our one nation conservatism that has delivered and will deliver the economic growth that makes those investments possible.,132,149,those investments,IDENTITY_MARKER,POSITIVE,2019,
And it is we Conservatives who will solve the problem of social care and end the injustice that means people have to sell their home to pay for their old age.,4,6,it,PRONOUN,NEUTRAL,2019,
And it is we Conservatives who will solve the problem of social care and end the injustice that means people have to sell their home to pay for their old age.,10,26,we Conservatives,IDENTITY_MARKER,POSITIVE,2019,
And it is we Conservatives who will solve the problem of social care and end the injustice that means people have to sell their home to pay for their old age.,42,68,the problem of social care,IDENTITY_MARKER,NEGATIVE,2019,
And it is we Conservatives who will solve the problem of social care and end the injustice that means people have to sell their home to pay for their old age.,77,90,the injustice,IDENTITY_MARKER,NEGATIVE,2019,
And it is we Conservatives who will solve the problem of social care and end the injustice that means people have to sell their home to pay for their old age.,102,108,people,IDENTITY_MARKER,POSITIVE,2019,
And it is we Conservatives who will solve the problem of social care and end the injustice that means people have to sell their home to pay for their old age.,122,132,their home,IDENTITY_MARKER,NEUTRAL,2019,
And it is we Conservatives who will solve the problem of social care and end the injustice that means people have to sell their home to pay for their old age.,144,157,their old age,IDENTITY_MARKER,NEUTRAL,2019,
"And if you ask me how we are going to do it, how we are going to grow the UK economy, I will tell you that it is by raising the productivity of the whole of the UK.",7,10,you,PRONOUN,NEUTRAL,2019,
"And if you ask me how we are going to do it, how we are going to grow the UK economy, I will tell you that it is by raising the productivity of the whole of the UK.",22,24,we,PRONOUN,NEUTRAL,2019,
"And if you ask me how we are going to do it, how we are going to grow the UK economy, I will tell you that it is by raising the productivity of the whole of the UK.",41,43,it,PRONOUN,NEUTRAL,2019,
"And if you ask me how we are going to do it, how we are going to grow the UK economy, I will tell you that it is by raising the productivity of the whole of the UK.",49,51,we,PRONOUN,POSITIVE,2019,
"And if you ask me how we are going to do it, how we are going to grow the UK economy, I will tell you that it is by raising the productivity of the whole of the UK.",70,84,the UK economy,IDENTITY_MARKER,POSITIVE,2019,
"And if you ask me how we are going to do it, how we are going to grow the UK economy, I will tell you that it is by raising the productivity of the whole of the UK.",98,101,you,PRONOUN,NEUTRAL,2019,
"And if you ask me how we are going to do it, how we are going to grow the UK economy, I will tell you that it is by raising the productivity of the whole of the UK.",107,109,it,PRONOUN,NEUTRAL,2019,
"And if you ask me how we are going to do it, how we are going to grow the UK economy, I will tell you that it is by raising the productivity of the whole of the UK.",124,140,the productivity,IDENTITY_MARKER,POSITIVE,2019,
"And if you ask me how we are going to do it, how we are going to grow the UK economy, I will tell you that it is by raising the productivity of the whole of the UK.",144,163,the whole of the UK,IDENTITY_MARKER,POSITIVE,2019,
"Not with socialism, not with deranged and ruinous plans borrowed from the playbook of Bolivarian revolutionary Venezuela, but by creating the economic platform for dynamic free market.",9,18,socialism,IDENTITY_MARKER,NEGATIVE,2019,
"Not with socialism, not with deranged and ruinous plans borrowed from the playbook of Bolivarian revolutionary Venezuela, but by creating the economic platform for dynamic free market.",29,55,deranged and ruinous plans,IDENTITY_MARKER,NEGATIVE,2019,
"Not with socialism, not with deranged and ruinous plans borrowed from the playbook of Bolivarian revolutionary Venezuela, but by creating the economic platform for dynamic free market.",70,120,the playbook of Bolivarian revolutionary Venezuela,IDENTITY_MARKER,NEGATIVE,2019,
"Not with socialism, not with deranged and ruinous plans borrowed from the playbook of Bolivarian revolutionary Venezuela, but by creating the economic platform for dynamic free market.",138,159,the economic platform,IDENTITY_MARKER,POSITIVE,2019,
"Not with socialism, not with deranged and ruinous plans borrowed from the playbook of Bolivarian revolutionary Venezuela, but by creating the economic platform for dynamic free market.",164,183,dynamic free market,IDENTITY_MARKER,POSITIVE,2019,
Capitalism.,0,10,Capitalism,IDENTITY_MARKER,NEUTRAL,2019,
"Yes, you heard it right.",5,8,you,PRONOUN,NEUTRAL,2019,
"Yes, you heard it right.",15,17,it,PRONOUN,NEUTRAL,2019,
Capitalism - and when did you last hear a Tory leader talk about capitalism?,0,10,Capitalism,IDENTITY_MARKER,NEUTRAL,2019,
Capitalism - and when did you last hear a Tory leader talk about capitalism?,26,29,you,PRONOUN,NEUTRAL,2019,
Capitalism - and when did you last hear a Tory leader talk about capitalism?,40,53,a Tory leader,IDENTITY_MARKER,NEUTRAL,2019,
Capitalism - and when did you last hear a Tory leader talk about capitalism?,65,75,capitalism,IDENTITY_MARKER,NEUTRAL,2019,
"We are the party of the NHS precisely because we are the party of capitalism, not because we shun it, or despise it.",0,2,We,PRONOUN,POSITIVE,2019,
"We are the party of the NHS precisely because we are the party of capitalism, not because we shun it, or despise it.",7,27,the party of the NHS,IDENTITY_MARKER,POSITIVE,2019,
"We are the party of the NHS precisely because we are the party of capitalism, not because we shun it, or despise it.",46,48,we,PRONOUN,POSITIVE,2019,
"We are the party of the NHS precisely because we are the party of capitalism, not because we shun it, or despise it.",53,76,the party of capitalism,IDENTITY_MARKER,POSITIVE,2019,
"We are the party of the NHS precisely because we are the party of capitalism, not because we shun it, or despise it.",90,92,we,PRONOUN,NEGATIVE,2019,
"We are the party of the NHS precisely because we are the party of capitalism, not because we shun it, or despise it.",98,100,it,PRONOUN,POSITIVE,2019,
"We are the party of the NHS precisely because we are the party of capitalism, not because we shun it, or despise it.",113,115,it,PRONOUN,POSITIVE,2019,
And we understand the vital symmetry at the heart of the modern British economy between a dynamic enterprise culture and great public services.,4,6,we,PRONOUN,POSITIVE,2019,
And we understand the vital symmetry at the heart of the modern British economy between a dynamic enterprise culture and great public services.,18,36,the vital symmetry,IDENTITY_MARKER,POSITIVE,2019,
And we understand the vital symmetry at the heart of the modern British economy between a dynamic enterprise culture and great public services.,40,79,the heart of the modern British economy,IDENTITY_MARKER,POSITIVE,2019,
And we understand the vital symmetry at the heart of the modern British economy between a dynamic enterprise culture and great public services.,88,116,a dynamic enterprise culture,IDENTITY_MARKER,POSITIVE,2019,
And we understand the vital symmetry at the heart of the modern British economy between a dynamic enterprise culture and great public services.,121,142,great public services,IDENTITY_MARKER,POSITIVE,2019,
And I have seen this formula in action.,16,28,this formula,IDENTITY_MARKER,NEUTRAL,2019,
Now who comes from London?,19,25,London,IDENTITY_MARKER,NEUTRAL,2019,
Who lives there?,10,15,there,IDENTITY_MARKER,NEUTRAL,2019,
"No disgrace in that - I used to be mayor there, and it is one of the many astonishing things about our nation's capital that it is the most productive region in the whole of Europe because in 1863 this country led the world in putting trains in tunnels, among other breakthroughs.",15,19,that,IDENTITY_MARKER,NEUTRAL,2019,
"No disgrace in that - I used to be mayor there, and it is one of the many astonishing things about our nation's capital that it is the most productive region in the whole of Europe because in 1863 this country led the world in putting trains in tunnels, among other breakthroughs.",35,40,mayor,IDENTITY_MARKER,NEUTRAL,2019,
"No disgrace in that - I used to be mayor there, and it is one of the many astonishing things about our nation's capital that it is the most productive region in the whole of Europe because in 1863 this country led the world in putting trains in tunnels, among other breakthroughs.",52,54,it,PRONOUN,NEUTRAL,2019,
"No disgrace in that - I used to be mayor there, and it is one of the many astonishing things about our nation's capital that it is the most productive region in the whole of Europe because in 1863 this country led the world in putting trains in tunnels, among other breakthroughs.",65,92,the many astonishing things,IDENTITY_MARKER,POSITIVE,2019,
"No disgrace in that - I used to be mayor there, and it is one of the many astonishing things about our nation's capital that it is the most productive region in the whole of Europe because in 1863 this country led the world in putting trains in tunnels, among other breakthroughs.",99,119,our nation's capital,IDENTITY_MARKER,POSITIVE,2019,
"No disgrace in that - I used to be mayor there, and it is one of the many astonishing things about our nation's capital that it is the most productive region in the whole of Europe because in 1863 this country led the world in putting trains in tunnels, among other breakthroughs.",131,180,the most productive region in the whole of Europe,IDENTITY_MARKER,POSITIVE,2019,
"No disgrace in that - I used to be mayor there, and it is one of the many astonishing things about our nation's capital that it is the most productive region in the whole of Europe because in 1863 this country led the world in putting trains in tunnels, among other breakthroughs.",197,209,this country,IDENTITY_MARKER,POSITIVE,2019,
"No disgrace in that - I used to be mayor there, and it is one of the many astonishing things about our nation's capital that it is the most productive region in the whole of Europe because in 1863 this country led the world in putting trains in tunnels, among other breakthroughs.",214,223,the world,IDENTITY_MARKER,POSITIVE,2019,
"No disgrace in that - I used to be mayor there, and it is one of the many astonishing things about our nation's capital that it is the most productive region in the whole of Europe because in 1863 this country led the world in putting trains in tunnels, among other breakthroughs.",235,241,trains,IDENTITY_MARKER,POSITIVE,2019,
"No disgrace in that - I used to be mayor there, and it is one of the many astonishing things about our nation's capital that it is the most productive region in the whole of Europe because in 1863 this country led the world in putting trains in tunnels, among other breakthroughs.",260,279,other breakthroughs,IDENTITY_MARKER,POSITIVE,2019,
"And yet there are many other regions of the country that are far less productive, and that represents not just an injustice but a massive opportunity.",18,51,many other regions of the country,IDENTITY_MARKER,POSITIVE,2019,
"And yet there are many other regions of the country that are far less productive, and that represents not just an injustice but a massive opportunity.",111,123,an injustice,IDENTITY_MARKER,NEGATIVE,2019,
"And yet there are many other regions of the country that are far less productive, and that represents not just an injustice but a massive opportunity.",128,149,a massive opportunity,IDENTITY_MARKER,POSITIVE,2019,
"I believe that talent and genius and initiative and chutzpah are evenly distributed across the whole UK, but it is also clear that opportunity is not evenly distributed.",15,21,talent,IDENTITY_MARKER,POSITIVE,2019,
"I believe that talent and genius and initiative and chutzpah are evenly distributed across the whole UK, but it is also clear that opportunity is not evenly distributed.",26,32,genius,IDENTITY_MARKER,POSITIVE,2019,
"I believe that talent and genius and initiative and chutzpah are evenly distributed across the whole UK, but it is also clear that opportunity is not evenly distributed.",37,47,initiative,IDENTITY_MARKER,POSITIVE,2019,
"I believe that talent and genius and initiative and chutzpah are evenly distributed across the whole UK, but it is also clear that opportunity is not evenly distributed.",52,60,chutzpah,IDENTITY_MARKER,POSITIVE,2019,
"I believe that talent and genius and initiative and chutzpah are evenly distributed across the whole UK, but it is also clear that opportunity is not evenly distributed.",91,103,the whole UK,IDENTITY_MARKER,POSITIVE,2019,
"I believe that talent and genius and initiative and chutzpah are evenly distributed across the whole UK, but it is also clear that opportunity is not evenly distributed.",109,111,it,PRONOUN,NEUTRAL,2019,
"I believe that talent and genius and initiative and chutzpah are evenly distributed across the whole UK, but it is also clear that opportunity is not evenly distributed.",131,142,opportunity,IDENTITY_MARKER,NEUTRAL,2019,
It is the job of this one nation conservative govt to unlock talent in every corner of the UK because that is the right thing to do in itself and because that is the way to release the economic potential of the whole country.,6,50,the job of this one nation conservative govt,IDENTITY_MARKER,POSITIVE,2019,
It is the job of this one nation conservative govt to unlock talent in every corner of the UK because that is the right thing to do in itself and because that is the way to release the economic potential of the whole country.,61,67,talent,IDENTITY_MARKER,POSITIVE,2019,
It is the job of this one nation conservative govt to unlock talent in every corner of the UK because that is the right thing to do in itself and because that is the way to release the economic potential of the whole country.,71,93,every corner of the UK,IDENTITY_MARKER,POSITIVE,2019,
It is the job of this one nation conservative govt to unlock talent in every corner of the UK because that is the right thing to do in itself and because that is the way to release the economic potential of the whole country.,102,106,that,IDENTITY_MARKER,POSITIVE,2019,
It is the job of this one nation conservative govt to unlock talent in every corner of the UK because that is the right thing to do in itself and because that is the way to release the economic potential of the whole country.,154,158,that,IDENTITY_MARKER,POSITIVE,2019,
It is the job of this one nation conservative govt to unlock talent in every corner of the UK because that is the right thing to do in itself and because that is the way to release the economic potential of the whole country.,181,224,the economic potential of the whole country,IDENTITY_MARKER,POSITIVE,2019,
And the first thing we must do in spreading opportunity is to insist on the equal safety of the public wherever you live to make your streets safer.,20,22,we,PRONOUN,POSITIVE,2019,
And the first thing we must do in spreading opportunity is to insist on the equal safety of the public wherever you live to make your streets safer.,44,55,opportunity,IDENTITY_MARKER,POSITIVE,2019,
And the first thing we must do in spreading opportunity is to insist on the equal safety of the public wherever you live to make your streets safer.,92,102,the public,IDENTITY_MARKER,POSITIVE,2019,
And the first thing we must do in spreading opportunity is to insist on the equal safety of the public wherever you live to make your streets safer.,112,115,you,PRONOUN,NEUTRAL,2019,
And the first thing we must do in spreading opportunity is to insist on the equal safety of the public wherever you live to make your streets safer.,129,141,your streets,IDENTITY_MARKER,POSITIVE,2019,
"And that is why we are recruiting 20,000 new police officers.",16,18,we,PRONOUN,POSITIVE,2019,
"And that is why we are recruiting 20,000 new police officers.",34,60,"20,000 new police officers",IDENTITY_MARKER,POSITIVE,2019,
And that is why we are committing now to rolling up the evil county lines drugs gangs that predate on young kids and send them to die in the streets to feed the cocaine habits of the bourgeoisie.,16,18,we,PRONOUN,POSITIVE,2019,
And that is why we are committing now to rolling up the evil county lines drugs gangs that predate on young kids and send them to die in the streets to feed the cocaine habits of the bourgeoisie.,52,85,the evil county lines drugs gangs,IDENTITY_MARKER,NEGATIVE,2019,
And that is why we are committing now to rolling up the evil county lines drugs gangs that predate on young kids and send them to die in the streets to feed the cocaine habits of the bourgeoisie.,102,112,young kids,IDENTITY_MARKER,POSITIVE,2019,
And that is why we are committing now to rolling up the evil county lines drugs gangs that predate on young kids and send them to die in the streets to feed the cocaine habits of the bourgeoisie.,122,126,them,PRONOUN,POSITIVE,2019,
And that is why we are committing now to rolling up the evil county lines drugs gangs that predate on young kids and send them to die in the streets to feed the cocaine habits of the bourgeoisie.,137,148,the streets,IDENTITY_MARKER,NEUTRAL,2019,
And that is why we are committing now to rolling up the evil county lines drugs gangs that predate on young kids and send them to die in the streets to feed the cocaine habits of the bourgeoisie.,157,194,the cocaine habits of the bourgeoisie,IDENTITY_MARKER,NEGATIVE,2019,
And we will succeed.,4,6,we,PRONOUN,POSITIVE,2019,
And yes we will be tough on crime.,8,10,we,PRONOUN,POSITIVE,2019,
And yes we will be tough on crime.,28,33,crime,IDENTITY_MARKER,NEGATIVE,2019,
We will make sure that the police have the legal powers and the political backing to use stop and search.,0,2,We,PRONOUN,POSITIVE,2019,
We will make sure that the police have the legal powers and the political backing to use stop and search.,23,33,the police,IDENTITY_MARKER,POSITIVE,2019,
We will make sure that the police have the legal powers and the political backing to use stop and search.,39,55,the legal powers,IDENTITY_MARKER,POSITIVE,2019,
We will make sure that the police have the legal powers and the political backing to use stop and search.,60,81,the political backing,IDENTITY_MARKER,POSITIVE,2019,
We will make sure that the police have the legal powers and the political backing to use stop and search.,89,104,stop and search,IDENTITY_MARKER,POSITIVE,2019,
"Because it may be controversial, but believe me that when a young man is going equipped with a bladed weapon there is nothing kinder or more loving or more life-saving you can do than ask him to turn out his pockets.",8,10,it,PRONOUN,NEGATIVE,2019,
"Because it may be controversial, but believe me that when a young man is going equipped with a bladed weapon there is nothing kinder or more loving or more life-saving you can do than ask him to turn out his pockets.",58,69,a young man,IDENTITY_MARKER,NEGATIVE,2019,
"Because it may be controversial, but believe me that when a young man is going equipped with a bladed weapon there is nothing kinder or more loving or more life-saving you can do than ask him to turn out his pockets.",93,108,a bladed weapon,IDENTITY_MARKER,NEGATIVE,2019,
"Because it may be controversial, but believe me that when a young man is going equipped with a bladed weapon there is nothing kinder or more loving or more life-saving you can do than ask him to turn out his pockets.",168,171,you,PRONOUN,POSITIVE,2019,
"Because it may be controversial, but believe me that when a young man is going equipped with a bladed weapon there is nothing kinder or more loving or more life-saving you can do than ask him to turn out his pockets.",188,191,him,PRONOUN,NEGATIVE,2019,
"Because it may be controversial, but believe me that when a young man is going equipped with a bladed weapon there is nothing kinder or more loving or more life-saving you can do than ask him to turn out his pockets.",204,215,his pockets,IDENTITY_MARKER,NEUTRAL,2019,
"And yes, when people are found guilty of serious sexual or violent offences, we will make sure that they serve the sentence they should - if only for the protection of the public.",14,20,people,IDENTITY_MARKER,NEGATIVE,2019,
"And yes, when people are found guilty of serious sexual or violent offences, we will make sure that they serve the sentence they should - if only for the protection of the public.",41,75,serious sexual or violent offences,IDENTITY_MARKER,NEGATIVE,2019,
"And yes, when people are found guilty of serious sexual or violent offences, we will make sure that they serve the sentence they should - if only for the protection of the public.",77,79,we,PRONOUN,POSITIVE,2019,
"And yes, when people are found guilty of serious sexual or violent offences, we will make sure that they serve the sentence they should - if only for the protection of the public.",100,104,they,PRONOUN,NEGATIVE,2019,
"And yes, when people are found guilty of serious sexual or violent offences, we will make sure that they serve the sentence they should - if only for the protection of the public.",124,128,they,PRONOUN,NEGATIVE,2019,
"And yes, when people are found guilty of serious sexual or violent offences, we will make sure that they serve the sentence they should - if only for the protection of the public.",169,178,the public,IDENTITY_MARKER,POSITIVE,2019,
"But we will also do everything we can to stop people becoming criminals, with rehabilitation, education in prisons so that they are not just academies for crime.",4,6,we,PRONOUN,POSITIVE,2019,
"But we will also do everything we can to stop people becoming criminals, with rehabilitation, education in prisons so that they are not just academies for crime.",31,33,we,PRONOUN,POSITIVE,2019,
"But we will also do everything we can to stop people becoming criminals, with rehabilitation, education in prisons so that they are not just academies for crime.",46,52,people,IDENTITY_MARKER,NEUTRAL,2019,
"But we will also do everything we can to stop people becoming criminals, with rehabilitation, education in prisons so that they are not just academies for crime.",62,71,criminals,IDENTITY_MARKER,NEGATIVE,2019,
"But we will also do everything we can to stop people becoming criminals, with rehabilitation, education in prisons so that they are not just academies for crime.",78,92,rehabilitation,IDENTITY_MARKER,POSITIVE,2019,
"But we will also do everything we can to stop people becoming criminals, with rehabilitation, education in prisons so that they are not just academies for crime.",94,114,education in prisons,IDENTITY_MARKER,POSITIVE,2019,
"But we will also do everything we can to stop people becoming criminals, with rehabilitation, education in prisons so that they are not just academies for crime.",123,127,they,PRONOUN,NEUTRAL,2019,
"But we will also do everything we can to stop people becoming criminals, with rehabilitation, education in prisons so that they are not just academies for crime.",141,160,academies for crime,IDENTITY_MARKER,NEGATIVE,2019,
And we are investing in youth clubs and better FE training to give young people the best possible antidote to the criminal instinct: the prospect of a good job.,4,6,we,PRONOUN,POSITIVE,2019,
And we are investing in youth clubs and better FE training to give young people the best possible antidote to the criminal instinct: the prospect of a good job.,24,35,youth clubs,IDENTITY_MARKER,POSITIVE,2019,
And we are investing in youth clubs and better FE training to give young people the best possible antidote to the criminal instinct: the prospect of a good job.,40,58,better FE training,IDENTITY_MARKER,POSITIVE,2019,
And we are investing in youth clubs and better FE training to give young people the best possible antidote to the criminal instinct: the prospect of a good job.,67,79,young people,IDENTITY_MARKER,POSITIVE,2019,
And we are investing in youth clubs and better FE training to give young people the best possible antidote to the criminal instinct: the prospect of a good job.,110,131,the criminal instinct,IDENTITY_MARKER,NEGATIVE,2019,
And we are investing in youth clubs and better FE training to give young people the best possible antidote to the criminal instinct: the prospect of a good job.,133,159,the prospect of a good job,IDENTITY_MARKER,POSITIVE,2019,
