sentence,span_start,span_end,span_text,cei_tag,positioning_tag,speech_id
We are all ships rising on a turquoise tide headed ever closer towards winning the next general election.,0,2,We,PRONOUN,POSITIVE,2025
We are all ships rising on a turquoise tide headed ever closer towards winning the next general election.,7,16,all ships,IDENTITY_MARKER,POSITIVE,2025
We are all ships rising on a turquoise tide headed ever closer towards winning the next general election.,79,104,the next general election,IDENTITY_MARKER,NEUTRAL,2025
It has been a day of some considerable news.,0,2,It,PRONOUN,NEUTRAL,2025
It has been a day of some considerable news.,21,43,some considerable news,IDENTITY_MARKER,NEUTRAL,2025
It seems that female politicians are all the rage at the moment.,0,2,It,PRONOUN,NEUTRAL,2025
It seems that female politicians are all the rage at the moment.,14,32,female politicians,IDENTITY_MARKER,NEUTRAL,2025
"We had our own very positive announcement overnight, of which you will hear more.",0,2,We,PRONOUN,POSITIVE,2025
"We had our own very positive announcement overnight, of which you will hear more.",7,41,our own very positive announcement,IDENTITY_MARKER,POSITIVE,2025
"We had our own very positive announcement overnight, of which you will hear more.",62,65,you,PRONOUN,NEUTRAL,2025
But the reason that I've moved this speaking time forward is because this government is deep in crisis.,31,49,this speaking time,IDENTITY_MARKER,NEUTRAL,2025
But the reason that I've moved this speaking time forward is because this government is deep in crisis.,69,84,this government,IDENTITY_MARKER,NEGATIVE,2025
But the reason that I've moved this speaking time forward is because this government is deep in crisis.,96,102,crisis,IDENTITY_MARKER,NEGATIVE,2025
"Not only have they fallen into deep unpopularity within just a year of winning the general election, but it's become clear to all of us that it is a cabinet of wholly unqualified people to run our country: they are not fit to govern.",14,18,they,PRONOUN,NEGATIVE,2025
"Not only have they fallen into deep unpopularity within just a year of winning the general election, but it's become clear to all of us that it is a cabinet of wholly unqualified people to run our country: they are not fit to govern.",79,99,the general election,IDENTITY_MARKER,NEUTRAL,2025
"Not only have they fallen into deep unpopularity within just a year of winning the general election, but it's become clear to all of us that it is a cabinet of wholly unqualified people to run our country: they are not fit to govern.",105,107,it,PRONOUN,NEUTRAL,2025
"Not only have they fallen into deep unpopularity within just a year of winning the general election, but it's become clear to all of us that it is a cabinet of wholly unqualified people to run our country: they are not fit to govern.",126,135,all of us,IDENTITY_MARKER,NEUTRAL,2025
"Not only have they fallen into deep unpopularity within just a year of winning the general election, but it's become clear to all of us that it is a cabinet of wholly unqualified people to run our country: they are not fit to govern.",147,185,a cabinet of wholly unqualified people,IDENTITY_MARKER,NEGATIVE,2025
"Not only have they fallen into deep unpopularity within just a year of winning the general election, but it's become clear to all of us that it is a cabinet of wholly unqualified people to run our country: they are not fit to govern.",193,204,our country,IDENTITY_MARKER,NEUTRAL,2025
"Not only have they fallen into deep unpopularity within just a year of winning the general election, but it's become clear to all of us that it is a cabinet of wholly unqualified people to run our country: they are not fit to govern.",206,210,they,PRONOUN,NEGATIVE,2025
"I suppose we are lucky in one way, that at least the Chancellor was a senior economist at the Bank of England for 10 years and that the Business Secretary is a fully qualified solicitor, and that the Deputy Prime Minister and Housing Secretary, until half an hour ago, is an accomplished property developer and speculator, but you simply can't get away can you from being the Housing Secretary and avoiding 40,000 of council tax, and it screams to entitlement.",10,12,we,PRONOUN,POSITIVE,2025
"I suppose we are lucky in one way, that at least the Chancellor was a senior economist at the Bank of England for 10 years and that the Business Secretary is a fully qualified solicitor, and that the Deputy Prime Minister and Housing Secretary, until half an hour ago, is an accomplished property developer and speculator, but you simply can't get away can you from being the Housing Secretary and avoiding 40,000 of council tax, and it screams to entitlement.",49,63,the Chancellor,IDENTITY_MARKER,NEGATIVE,2025
"I suppose we are lucky in one way, that at least the Chancellor was a senior economist at the Bank of England for 10 years and that the Business Secretary is a fully qualified solicitor, and that the Deputy Prime Minister and Housing Secretary, until half an hour ago, is an accomplished property developer and speculator, but you simply can't get away can you from being the Housing Secretary and avoiding 40,000 of council tax, and it screams to entitlement.",68,109,a senior economist at the Bank of England,IDENTITY_MARKER,NEGATIVE,2025
"I suppose we are lucky in one way, that at least the Chancellor was a senior economist at the Bank of England for 10 years and that the Business Secretary is a fully qualified solicitor, and that the Deputy Prime Minister and Housing Secretary, until half an hour ago, is an accomplished property developer and speculator, but you simply can't get away can you from being the Housing Secretary and avoiding 40,000 of council tax, and it screams to entitlement.",132,154,the Business Secretary,IDENTITY_MARKER,NEGATIVE,2025
"I suppose we are lucky in one way, that at least the Chancellor was a senior economist at the Bank of England for 10 years and that the Business Secretary is a fully qualified solicitor, and that the Deputy Prime Minister and Housing Secretary, until half an hour ago, is an accomplished property developer and speculator, but you simply can't get away can you from being the Housing Secretary and avoiding 40,000 of council tax, and it screams to entitlement.",158,185,a fully qualified solicitor,IDENTITY_MARKER,NEGATIVE,2025
"I suppose we are lucky in one way, that at least the Chancellor was a senior economist at the Bank of England for 10 years and that the Business Secretary is a fully qualified solicitor, and that the Deputy Prime Minister and Housing Secretary, until half an hour ago, is an accomplished property developer and speculator, but you simply can't get away can you from being the Housing Secretary and avoiding 40,000 of council tax, and it screams to entitlement.",196,243,the Deputy Prime Minister and Housing Secretary,IDENTITY_MARKER,NEGATIVE,2025
"I suppose we are lucky in one way, that at least the Chancellor was a senior economist at the Bank of England for 10 years and that the Business Secretary is a fully qualified solicitor, and that the Deputy Prime Minister and Housing Secretary, until half an hour ago, is an accomplished property developer and speculator, but you simply can't get away can you from being the Housing Secretary and avoiding 40,000 of council tax, and it screams to entitlement.",272,321,an accomplished property developer and speculator,IDENTITY_MARKER,NEGATIVE,2025
"I suppose we are lucky in one way, that at least the Chancellor was a senior economist at the Bank of England for 10 years and that the Business Secretary is a fully qualified solicitor, and that the Deputy Prime Minister and Housing Secretary, until half an hour ago, is an accomplished property developer and speculator, but you simply can't get away can you from being the Housing Secretary and avoiding 40,000 of council tax, and it screams to entitlement.",327,330,you,PRONOUN,NEGATIVE,2025
"I suppose we are lucky in one way, that at least the Chancellor was a senior economist at the Bank of England for 10 years and that the Business Secretary is a fully qualified solicitor, and that the Deputy Prime Minister and Housing Secretary, until half an hour ago, is an accomplished property developer and speculator, but you simply can't get away can you from being the Housing Secretary and avoiding 40,000 of council tax, and it screams to entitlement.",357,360,you,PRONOUN,NEGATIVE,2025
"I suppose we are lucky in one way, that at least the Chancellor was a senior economist at the Bank of England for 10 years and that the Business Secretary is a fully qualified solicitor, and that the Deputy Prime Minister and Housing Secretary, until half an hour ago, is an accomplished property developer and speculator, but you simply can't get away can you from being the Housing Secretary and avoiding 40,000 of council tax, and it screams to entitlement.",372,393,the Housing Secretary,IDENTITY_MARKER,NEGATIVE,2025
"I suppose we are lucky in one way, that at least the Chancellor was a senior economist at the Bank of England for 10 years and that the Business Secretary is a fully qualified solicitor, and that the Deputy Prime Minister and Housing Secretary, until half an hour ago, is an accomplished property developer and speculator, but you simply can't get away can you from being the Housing Secretary and avoiding 40,000 of council tax, and it screams to entitlement.",407,428,"40,000 of council tax",IDENTITY_MARKER,NEGATIVE,2025
"I suppose we are lucky in one way, that at least the Chancellor was a senior economist at the Bank of England for 10 years and that the Business Secretary is a fully qualified solicitor, and that the Deputy Prime Minister and Housing Secretary, until half an hour ago, is an accomplished property developer and speculator, but you simply can't get away can you from being the Housing Secretary and avoiding 40,000 of council tax, and it screams to entitlement.",434,436,it,PRONOUN,NEGATIVE,2025
"I suppose we are lucky in one way, that at least the Chancellor was a senior economist at the Bank of England for 10 years and that the Business Secretary is a fully qualified solicitor, and that the Deputy Prime Minister and Housing Secretary, until half an hour ago, is an accomplished property developer and speculator, but you simply can't get away can you from being the Housing Secretary and avoiding 40,000 of council tax, and it screams to entitlement.",448,459,entitlement,IDENTITY_MARKER,NEGATIVE,2025
"It screams to a government that despite all the promises that this would be a new, different kind of politics is as bad, if not, worse than the one that went before.",0,2,It,PRONOUN,NEGATIVE,2025
"It screams to a government that despite all the promises that this would be a new, different kind of politics is as bad, if not, worse than the one that went before.",14,26,a government,IDENTITY_MARKER,NEGATIVE,2025
"It screams to a government that despite all the promises that this would be a new, different kind of politics is as bad, if not, worse than the one that went before.",40,56,all the promises,IDENTITY_MARKER,NEUTRAL,2025
"It screams to a government that despite all the promises that this would be a new, different kind of politics is as bad, if not, worse than the one that went before.",62,66,this,IDENTITY_MARKER,NEUTRAL,2025
"It screams to a government that despite all the promises that this would be a new, different kind of politics is as bad, if not, worse than the one that went before.",76,109,"a new, different kind of politics",IDENTITY_MARKER,POSITIVE,2025
"It screams to a government that despite all the promises that this would be a new, different kind of politics is as bad, if not, worse than the one that went before.",140,164,the one that went before,IDENTITY_MARKER,NEGATIVE,2025
"We're being told that right now, the Prime Minister is organising a reshuffle.",0,2,We,PRONOUN,NEUTRAL,2025
"We're being told that right now, the Prime Minister is organising a reshuffle.",33,51,the Prime Minister,IDENTITY_MARKER,NEUTRAL,2025
"We're being told that right now, the Prime Minister is organising a reshuffle.",66,77,a reshuffle,IDENTITY_MARKER,NEUTRAL,2025
"Yet another reset, and that the names of the new Cabinet will come out later on this afternoon.",0,17,Yet another reset,IDENTITY_MARKER,NEGATIVE,2025
"Yet another reset, and that the names of the new Cabinet will come out later on this afternoon.",28,56,the names of the new Cabinet,IDENTITY_MARKER,NEUTRAL,2025
"Well, I did not want the Prime Minister to do anything to spoil our conference, and that is why I have come on the stage now to say they are not fit to govern.",21,39,the Prime Minister,IDENTITY_MARKER,NEGATIVE,2025
"Well, I did not want the Prime Minister to do anything to spoil our conference, and that is why I have come on the stage now to say they are not fit to govern.",64,78,our conference,IDENTITY_MARKER,POSITIVE,2025
"Well, I did not want the Prime Minister to do anything to spoil our conference, and that is why I have come on the stage now to say they are not fit to govern.",111,120,the stage,IDENTITY_MARKER,NEUTRAL,2025
"Well, I did not want the Prime Minister to do anything to spoil our conference, and that is why I have come on the stage now to say they are not fit to govern.",132,136,they,PRONOUN,NEGATIVE,2025
"Well, I did not want the Prime Minister to do anything to spoil our conference, and that is why I have come on the stage now to say they are not fit to govern.",152,158,govern,IDENTITY_MARKER,NEUTRAL,2025
The Conservative Party are riven.,0,22,The Conservative Party,IDENTITY_MARKER,NEGATIVE,2025
"In fact, Nadine Dorries said overnight, the Conservative Party are dead, deservedly so, and they will not be forgiven.",9,23,Nadine Dorries,IDENTITY_MARKER,NEUTRAL,2025
"In fact, Nadine Dorries said overnight, the Conservative Party are dead, deservedly so, and they will not be forgiven.",40,62,the Conservative Party,IDENTITY_MARKER,NEGATIVE,2025
"In fact, Nadine Dorries said overnight, the Conservative Party are dead, deservedly so, and they will not be forgiven.",92,96,they,PRONOUN,NEGATIVE,2025
"They will not be forgiven for their betrayals over the course of the last five years, mass migrations, illegal immigrants crossing the Channel, sky high taxes and much else.",0,4,They,PRONOUN,NEGATIVE,2025
"They will not be forgiven for their betrayals over the course of the last five years, mass migrations, illegal immigrants crossing the Channel, sky high taxes and much else.",30,45,their betrayals,IDENTITY_MARKER,NEGATIVE,2025
"They will not be forgiven for their betrayals over the course of the last five years, mass migrations, illegal immigrants crossing the Channel, sky high taxes and much else.",86,101,mass migrations,IDENTITY_MARKER,NEGATIVE,2025
"They will not be forgiven for their betrayals over the course of the last five years, mass migrations, illegal immigrants crossing the Channel, sky high taxes and much else.",103,121,illegal immigrants,IDENTITY_MARKER,NEGATIVE,2025
"They will not be forgiven for their betrayals over the course of the last five years, mass migrations, illegal immigrants crossing the Channel, sky high taxes and much else.",131,142,the Channel,IDENTITY_MARKER,NEUTRAL,2025
"They will not be forgiven for their betrayals over the course of the last five years, mass migrations, illegal immigrants crossing the Channel, sky high taxes and much else.",144,158,sky high taxes,IDENTITY_MARKER,NEGATIVE,2025
"They will not be forgiven for their betrayals over the course of the last five years, mass migrations, illegal immigrants crossing the Channel, sky high taxes and much else.",163,172,much else,IDENTITY_MARKER,NEGATIVE,2025
"But in the middle of this meltdown of these two parties that have dominated for 100 years, British politics, in the middle of all of this, there is a new, strong, unified party that speaks with one voice that knows it's determined to put the interests of Britain and the British people above that of outdated international treaties or dubious courts.",4,34,in the middle of this meltdown,IDENTITY_MARKER,NEGATIVE,2025
"But in the middle of this meltdown of these two parties that have dominated for 100 years, British politics, in the middle of all of this, there is a new, strong, unified party that speaks with one voice that knows it's determined to put the interests of Britain and the British people above that of outdated international treaties or dubious courts.",38,55,these two parties,IDENTITY_MARKER,NEUTRAL,2025
"But in the middle of this meltdown of these two parties that have dominated for 100 years, British politics, in the middle of all of this, there is a new, strong, unified party that speaks with one voice that knows it's determined to put the interests of Britain and the British people above that of outdated international treaties or dubious courts.",91,107,British politics,IDENTITY_MARKER,NEUTRAL,2025
"But in the middle of this meltdown of these two parties that have dominated for 100 years, British politics, in the middle of all of this, there is a new, strong, unified party that speaks with one voice that knows it's determined to put the interests of Britain and the British people above that of outdated international treaties or dubious courts.",126,137,all of this,IDENTITY_MARKER,NEGATIVE,2025
"But in the middle of this meltdown of these two parties that have dominated for 100 years, British politics, in the middle of all of this, there is a new, strong, unified party that speaks with one voice that knows it's determined to put the interests of Britain and the British people above that of outdated international treaties or dubious courts.",148,176,"a new, strong, unified party",IDENTITY_MARKER,POSITIVE,2025
"But in the middle of this meltdown of these two parties that have dominated for 100 years, British politics, in the middle of all of this, there is a new, strong, unified party that speaks with one voice that knows it's determined to put the interests of Britain and the British people above that of outdated international treaties or dubious courts.",194,203,one voice,IDENTITY_MARKER,POSITIVE,2025
"But in the middle of this meltdown of these two parties that have dominated for 100 years, British politics, in the middle of all of this, there is a new, strong, unified party that speaks with one voice that knows it's determined to put the interests of Britain and the British people above that of outdated international treaties or dubious courts.",215,217,it,PRONOUN,POSITIVE,2025
"But in the middle of this meltdown of these two parties that have dominated for 100 years, British politics, in the middle of all of this, there is a new, strong, unified party that speaks with one voice that knows it's determined to put the interests of Britain and the British people above that of outdated international treaties or dubious courts.",238,262,the interests of Britain,IDENTITY_MARKER,POSITIVE,2025
"But in the middle of this meltdown of these two parties that have dominated for 100 years, British politics, in the middle of all of this, there is a new, strong, unified party that speaks with one voice that knows it's determined to put the interests of Britain and the British people above that of outdated international treaties or dubious courts.",267,285,the British people,IDENTITY_MARKER,POSITIVE,2025
"But in the middle of this meltdown of these two parties that have dominated for 100 years, British politics, in the middle of all of this, there is a new, strong, unified party that speaks with one voice that knows it's determined to put the interests of Britain and the British people above that of outdated international treaties or dubious courts.",300,331,outdated international treaties,IDENTITY_MARKER,NEGATIVE,2025
"But in the middle of this meltdown of these two parties that have dominated for 100 years, British politics, in the middle of all of this, there is a new, strong, unified party that speaks with one voice that knows it's determined to put the interests of Britain and the British people above that of outdated international treaties or dubious courts.",335,349,dubious courts,IDENTITY_MARKER,NEGATIVE,2025
We are the patriotic party.,0,2,We,PRONOUN,POSITIVE,2025
We are the patriotic party.,7,26,the patriotic party,IDENTITY_MARKER,POSITIVE,2025
"We are the party that stands up for decent working people, and we are the party on the rise.",0,2,We,PRONOUN,POSITIVE,2025
"We are the party that stands up for decent working people, and we are the party on the rise.",7,16,the party,IDENTITY_MARKER,POSITIVE,2025
"We are the party that stands up for decent working people, and we are the party on the rise.",36,57,decent working people,IDENTITY_MARKER,POSITIVE,2025
"We are the party that stands up for decent working people, and we are the party on the rise.",63,65,we,PRONOUN,POSITIVE,2025
"We are the party that stands up for decent working people, and we are the party on the rise.",70,91,the party on the rise,IDENTITY_MARKER,POSITIVE,2025
"Just think, I stood before you this time last year, at this very conference, we only had a handful of branches around the country.",27,30,you,PRONOUN,NEUTRAL,2025
"Just think, I stood before you this time last year, at this very conference, we only had a handful of branches around the country.",55,75,this very conference,IDENTITY_MARKER,NEUTRAL,2025
"Just think, I stood before you this time last year, at this very conference, we only had a handful of branches around the country.",77,79,we,PRONOUN,NEUTRAL,2025
"Just think, I stood before you this time last year, at this very conference, we only had a handful of branches around the country.",89,110,a handful of branches,IDENTITY_MARKER,NEGATIVE,2025
"Just think, I stood before you this time last year, at this very conference, we only had a handful of branches around the country.",118,129,the country,IDENTITY_MARKER,NEUTRAL,2025
We now have 450 branches that we have set in place.,0,2,We,PRONOUN,POSITIVE,2025
We now have 450 branches that we have set in place.,12,24,450 branches,IDENTITY_MARKER,POSITIVE,2025
We now have 450 branches that we have set in place.,30,32,we,PRONOUN,POSITIVE,2025
"As we entered the general election of 2024 we had 30,000 paid up members.",3,5,we,PRONOUN,NEUTRAL,2025
"As we entered the general election of 2024 we had 30,000 paid up members.",14,42,the general election of 2024,IDENTITY_MARKER,NEUTRAL,2025
"As we entered the general election of 2024 we had 30,000 paid up members.",43,45,we,PRONOUN,NEUTRAL,2025
"As we entered the general election of 2024 we had 30,000 paid up members.",50,72,"30,000 paid up members",IDENTITY_MARKER,NEUTRAL,2025
"In the last hour, we've gone through 240,000 members.",18,20,we,PRONOUN,POSITIVE,2025
"In the last hour, we've gone through 240,000 members.",37,52,"240,000 members",IDENTITY_MARKER,POSITIVE,2025
"This time last year, we had very few councillors.",21,23,we,PRONOUN,NEUTRAL,2025
"This time last year, we had very few councillors.",28,48,very few councillors,IDENTITY_MARKER,NEGATIVE,2025
"Now we have over 900 and I've got to tell you last year, I said to all of you, May 1st is coming, volunteer to stand in the county elections.",4,6,we,PRONOUN,POSITIVE,2025
"Now we have over 900 and I've got to tell you last year, I said to all of you, May 1st is coming, volunteer to stand in the county elections.",12,20,over 900,IDENTITY_MARKER,POSITIVE,2025
"Now we have over 900 and I've got to tell you last year, I said to all of you, May 1st is coming, volunteer to stand in the county elections.",42,45,you,PRONOUN,NEUTRAL,2025
"Now we have over 900 and I've got to tell you last year, I said to all of you, May 1st is coming, volunteer to stand in the county elections.",74,77,you,PRONOUN,NEUTRAL,2025
"Now we have over 900 and I've got to tell you last year, I said to all of you, May 1st is coming, volunteer to stand in the county elections.",79,86,May 1st,IDENTITY_MARKER,POSITIVE,2025
"Now we have over 900 and I've got to tell you last year, I said to all of you, May 1st is coming, volunteer to stand in the county elections.",120,140,the county elections,IDENTITY_MARKER,POSITIVE,2025
"And even though the government cancelled the elections in nine of the counties that we would have won, we still won outright 10 county councils and became the largest party in three others.",16,30,the government,IDENTITY_MARKER,NEGATIVE,2025
"And even though the government cancelled the elections in nine of the counties that we would have won, we still won outright 10 county councils and became the largest party in three others.",41,54,the elections,IDENTITY_MARKER,POSITIVE,2025
"And even though the government cancelled the elections in nine of the counties that we would have won, we still won outright 10 county councils and became the largest party in three others.",58,78,nine of the counties,IDENTITY_MARKER,NEUTRAL,2025
"And even though the government cancelled the elections in nine of the counties that we would have won, we still won outright 10 county councils and became the largest party in three others.",84,86,we,PRONOUN,POSITIVE,2025
"And even though the government cancelled the elections in nine of the counties that we would have won, we still won outright 10 county councils and became the largest party in three others.",103,105,we,PRONOUN,POSITIVE,2025
"And even though the government cancelled the elections in nine of the counties that we would have won, we still won outright 10 county councils and became the largest party in three others.",125,143,10 county councils,IDENTITY_MARKER,POSITIVE,2025
"And even though the government cancelled the elections in nine of the counties that we would have won, we still won outright 10 county councils and became the largest party in three others.",155,172,the largest party,IDENTITY_MARKER,POSITIVE,2025
"And even though the government cancelled the elections in nine of the counties that we would have won, we still won outright 10 county councils and became the largest party in three others.",176,188,three others,IDENTITY_MARKER,NEUTRAL,2025
"And I'll be honest with you, as I toured around the country on May 2nd, I frankly myself, couldn't believe just how well we'd done.",24,27,you,PRONOUN,NEUTRAL,2025
"And I'll be honest with you, as I toured around the country on May 2nd, I frankly myself, couldn't believe just how well we'd done.",48,59,the country,IDENTITY_MARKER,NEUTRAL,2025
"And I'll be honest with you, as I toured around the country on May 2nd, I frankly myself, couldn't believe just how well we'd done.",121,123,we,PRONOUN,POSITIVE,2025
"Couldn't believe the extent to which we caught the mood and the real icing on the cake, and it may only have been by six votes, but never let anyone tell you ever again that my vote doesn't count because it does.",37,39,we,PRONOUN,POSITIVE,2025
"Couldn't believe the extent to which we caught the mood and the real icing on the cake, and it may only have been by six votes, but never let anyone tell you ever again that my vote doesn't count because it does.",47,55,the mood,IDENTITY_MARKER,POSITIVE,2025
"Couldn't believe the extent to which we caught the mood and the real icing on the cake, and it may only have been by six votes, but never let anyone tell you ever again that my vote doesn't count because it does.",60,86,the real icing on the cake,IDENTITY_MARKER,POSITIVE,2025
"Couldn't believe the extent to which we caught the mood and the real icing on the cake, and it may only have been by six votes, but never let anyone tell you ever again that my vote doesn't count because it does.",92,94,it,PRONOUN,NEUTRAL,2025
"Couldn't believe the extent to which we caught the mood and the real icing on the cake, and it may only have been by six votes, but never let anyone tell you ever again that my vote doesn't count because it does.",117,126,six votes,IDENTITY_MARKER,NEGATIVE,2025
"Couldn't believe the extent to which we caught the mood and the real icing on the cake, and it may only have been by six votes, but never let anyone tell you ever again that my vote doesn't count because it does.",142,148,anyone,IDENTITY_MARKER,NEGATIVE,2025
"Couldn't believe the extent to which we caught the mood and the real icing on the cake, and it may only have been by six votes, but never let anyone tell you ever again that my vote doesn't count because it does.",154,157,you,PRONOUN,NEUTRAL,2025
"Couldn't believe the extent to which we caught the mood and the real icing on the cake, and it may only have been by six votes, but never let anyone tell you ever again that my vote doesn't count because it does.",174,181,my vote,IDENTITY_MARKER,POSITIVE,2025
"Couldn't believe the extent to which we caught the mood and the real icing on the cake, and it may only have been by six votes, but never let anyone tell you ever again that my vote doesn't count because it does.",204,206,it,PRONOUN,POSITIVE,2025
And we got Sarah potion elected in the Runcorn by election.,4,6,we,PRONOUN,POSITIVE,2025
And we got Sarah potion elected in the Runcorn by election.,11,23,Sarah potion,IDENTITY_MARKER,POSITIVE,2025
And we got Sarah potion elected in the Runcorn by election.,35,58,the Runcorn by election,IDENTITY_MARKER,NEUTRAL,2025
We have topped over 100 of the last opinion polls.,0,2,We,PRONOUN,POSITIVE,2025
We have topped over 100 of the last opinion polls.,15,49,over 100 of the last opinion polls,IDENTITY_MARKER,POSITIVE,2025
"Our lead is between 10% and 15% against any of the other parties, and I tell you what, given the state of chaos they're in, I think we can increase that lead further yet, folks, it's happening.",0,8,Our lead,IDENTITY_MARKER,POSITIVE,2025
"Our lead is between 10% and 15% against any of the other parties, and I tell you what, given the state of chaos they're in, I think we can increase that lead further yet, folks, it's happening.",20,31,10% and 15%,IDENTITY_MARKER,POSITIVE,2025
"Our lead is between 10% and 15% against any of the other parties, and I tell you what, given the state of chaos they're in, I think we can increase that lead further yet, folks, it's happening.",40,64,any of the other parties,IDENTITY_MARKER,NEGATIVE,2025
"Our lead is between 10% and 15% against any of the other parties, and I tell you what, given the state of chaos they're in, I think we can increase that lead further yet, folks, it's happening.",77,80,you,PRONOUN,NEUTRAL,2025
"Our lead is between 10% and 15% against any of the other parties, and I tell you what, given the state of chaos they're in, I think we can increase that lead further yet, folks, it's happening.",93,111,the state of chaos,IDENTITY_MARKER,NEGATIVE,2025
"Our lead is between 10% and 15% against any of the other parties, and I tell you what, given the state of chaos they're in, I think we can increase that lead further yet, folks, it's happening.",112,116,they,PRONOUN,NEGATIVE,2025
"Our lead is between 10% and 15% against any of the other parties, and I tell you what, given the state of chaos they're in, I think we can increase that lead further yet, folks, it's happening.",132,134,we,PRONOUN,POSITIVE,2025
"Our lead is between 10% and 15% against any of the other parties, and I tell you what, given the state of chaos they're in, I think we can increase that lead further yet, folks, it's happening.",148,157,that lead,IDENTITY_MARKER,POSITIVE,2025
"Our lead is between 10% and 15% against any of the other parties, and I tell you what, given the state of chaos they're in, I think we can increase that lead further yet, folks, it's happening.",171,176,folks,IDENTITY_MARKER,NEUTRAL,2025
"Our lead is between 10% and 15% against any of the other parties, and I tell you what, given the state of chaos they're in, I think we can increase that lead further yet, folks, it's happening.",178,180,it,PRONOUN,POSITIVE,2025
"Now the next step, the next step is going to be even bigger, Scottish Parliament elections, Welsh Senedd elections, and indeed, a by election that will take place in Wales next month.",4,17,the next step,IDENTITY_MARKER,NEUTRAL,2025
"Now the next step, the next step is going to be even bigger, Scottish Parliament elections, Welsh Senedd elections, and indeed, a by election that will take place in Wales next month.",19,32,the next step,IDENTITY_MARKER,POSITIVE,2025
"Now the next step, the next step is going to be even bigger, Scottish Parliament elections, Welsh Senedd elections, and indeed, a by election that will take place in Wales next month.",61,90,Scottish Parliament elections,IDENTITY_MARKER,NEUTRAL,2025
"Now the next step, the next step is going to be even bigger, Scottish Parliament elections, Welsh Senedd elections, and indeed, a by election that will take place in Wales next month.",92,114,Welsh Senedd elections,IDENTITY_MARKER,NEUTRAL,2025
"Now the next step, the next step is going to be even bigger, Scottish Parliament elections, Welsh Senedd elections, and indeed, a by election that will take place in Wales next month.",128,141,a by election,IDENTITY_MARKER,NEUTRAL,2025
"Now the next step, the next step is going to be even bigger, Scottish Parliament elections, Welsh Senedd elections, and indeed, a by election that will take place in Wales next month.",166,171,Wales,IDENTITY_MARKER,NEUTRAL,2025
"All 32 London boroughs will be up for election, and we will take that seriously as we get ready to have a mayoral candidate so that we can beat Sadiq Khan next time round.",0,22,All 32 London boroughs,IDENTITY_MARKER,POSITIVE,2025
"All 32 London boroughs will be up for election, and we will take that seriously as we get ready to have a mayoral candidate so that we can beat Sadiq Khan next time round.",52,54,we,PRONOUN,POSITIVE,2025
"All 32 London boroughs will be up for election, and we will take that seriously as we get ready to have a mayoral candidate so that we can beat Sadiq Khan next time round.",65,69,that,IDENTITY_MARKER,POSITIVE,2025
"All 32 London boroughs will be up for election, and we will take that seriously as we get ready to have a mayoral candidate so that we can beat Sadiq Khan next time round.",83,85,we,PRONOUN,POSITIVE,2025
"All 32 London boroughs will be up for election, and we will take that seriously as we get ready to have a mayoral candidate so that we can beat Sadiq Khan next time round.",104,123,a mayoral candidate,IDENTITY_MARKER,POSITIVE,2025
"All 32 London boroughs will be up for election, and we will take that seriously as we get ready to have a mayoral candidate so that we can beat Sadiq Khan next time round.",132,134,we,PRONOUN,POSITIVE,2025
"All 32 London boroughs will be up for election, and we will take that seriously as we get ready to have a mayoral candidate so that we can beat Sadiq Khan next time round.",144,154,Sadiq Khan,IDENTITY_MARKER,NEGATIVE,2025
"We are going to need up to 5000 vetted candidates to fight those elections next year, those elections next year are an essential building block as we head towards a general election.",0,2,We,PRONOUN,POSITIVE,2025
"We are going to need up to 5000 vetted candidates to fight those elections next year, those elections next year are an essential building block as we head towards a general election.",27,49,5000 vetted candidates,IDENTITY_MARKER,POSITIVE,2025
"We are going to need up to 5000 vetted candidates to fight those elections next year, those elections next year are an essential building block as we head towards a general election.",59,84,those elections next year,IDENTITY_MARKER,POSITIVE,2025
"We are going to need up to 5000 vetted candidates to fight those elections next year, those elections next year are an essential building block as we head towards a general election.",86,111,those elections next year,IDENTITY_MARKER,POSITIVE,2025
"We are going to need up to 5000 vetted candidates to fight those elections next year, those elections next year are an essential building block as we head towards a general election.",116,143,an essential building block,IDENTITY_MARKER,POSITIVE,2025
"We are going to need up to 5000 vetted candidates to fight those elections next year, those elections next year are an essential building block as we head towards a general election.",147,149,we,PRONOUN,POSITIVE,2025
"We are going to need up to 5000 vetted candidates to fight those elections next year, those elections next year are an essential building block as we head towards a general election.",163,181,a general election,IDENTITY_MARKER,POSITIVE,2025
"Now, talking of the general election, it's supposed to be in I know you want it now, but it's not going to come now.",16,36,the general election,IDENTITY_MARKER,,2025
"Now, talking of the general election, it's supposed to be in I know you want it now, but it's not going to come now.",68,71,you,PRONOUN,NEUTRAL,2025
"Now, talking of the general election, it's supposed to be in I know you want it now, but it's not going to come now.",77,79,it,PRONOUN,POSITIVE,2025
"Now, talking of the general election, it's supposed to be in I know you want it now, but it's not going to come now.",89,91,it,PRONOUN,POSITIVE,2025
"The next general election is not due until 2029 but let me tell you, it's all right.",0,25,The next general election,IDENTITY_MARKER,NEUTRAL,2025
"The next general election is not due until 2029 but let me tell you, it's all right.",56,58,me,PRONOUN,NEUTRAL,2025
"The next general election is not due until 2029 but let me tell you, it's all right.",64,67,you,PRONOUN,NEUTRAL,2025
"The next general election is not due until 2029 but let me tell you, it's all right.",69,71,it,PRONOUN,POSITIVE,2025
I'll cheer you up in a moment.,11,14,you,PRONOUN,NEUTRAL,2025
"Angela Rayner going not just as Housing Secretary, but also as elected deputy leader of the Labour Party and Deputy Prime Minister, means there will be an internal election in the Labour Party.",0,13,Angela Rayner,IDENTITY_MARKER,NEGATIVE,2025
"Angela Rayner going not just as Housing Secretary, but also as elected deputy leader of the Labour Party and Deputy Prime Minister, means there will be an internal election in the Labour Party.",32,49,Housing Secretary,IDENTITY_MARKER,NEUTRAL,2025
"Angela Rayner going not just as Housing Secretary, but also as elected deputy leader of the Labour Party and Deputy Prime Minister, means there will be an internal election in the Labour Party.",63,104,elected deputy leader of the Labour Party,IDENTITY_MARKER,NEUTRAL,2025
"Angela Rayner going not just as Housing Secretary, but also as elected deputy leader of the Labour Party and Deputy Prime Minister, means there will be an internal election in the Labour Party.",109,130,Deputy Prime Minister,IDENTITY_MARKER,NEUTRAL,2025
"Angela Rayner going not just as Housing Secretary, but also as elected deputy leader of the Labour Party and Deputy Prime Minister, means there will be an internal election in the Labour Party.",152,172,an internal election,IDENTITY_MARKER,NEUTRAL,2025
"Angela Rayner going not just as Housing Secretary, but also as elected deputy leader of the Labour Party and Deputy Prime Minister, means there will be an internal election in the Labour Party.",176,192,the Labour Party,IDENTITY_MARKER,NEUTRAL,2025
"Already they are facing the threat of Jeremy Corbyn and Zarah Sultana, that is, if the two could ever agree on anything, including the choice of a party name.",8,12,they,PRONOUN,NEUTRAL,2025
"Already they are facing the threat of Jeremy Corbyn and Zarah Sultana, that is, if the two could ever agree on anything, including the choice of a party name.",24,51,the threat of Jeremy Corbyn,IDENTITY_MARKER,NEGATIVE,2025
"Already they are facing the threat of Jeremy Corbyn and Zarah Sultana, that is, if the two could ever agree on anything, including the choice of a party name.",56,69,Zarah Sultana,IDENTITY_MARKER,NEGATIVE,2025
"Already they are facing the threat of Jeremy Corbyn and Zarah Sultana, that is, if the two could ever agree on anything, including the choice of a party name.",83,90,the two,IDENTITY_MARKER,NEGATIVE,2025
"Already they are facing the threat of Jeremy Corbyn and Zarah Sultana, that is, if the two could ever agree on anything, including the choice of a party name.",131,157,the choice of a party name,IDENTITY_MARKER,NEUTRAL,2025
"But I put this to you, this battle for deputy leader of the Labour Party will be very like the battles they had back in the early 1980s the left of the Labour Party will rear its voice.",10,14,this,IDENTITY_MARKER,NEUTRAL,2025
"But I put this to you, this battle for deputy leader of the Labour Party will be very like the battles they had back in the early 1980s the left of the Labour Party will rear its voice.",18,21,you,PRONOUN,NEUTRAL,2025
"But I put this to you, this battle for deputy leader of the Labour Party will be very like the battles they had back in the early 1980s the left of the Labour Party will rear its voice.",23,34,this battle,IDENTITY_MARKER,NEUTRAL,2025
"But I put this to you, this battle for deputy leader of the Labour Party will be very like the battles they had back in the early 1980s the left of the Labour Party will rear its voice.",39,72,deputy leader of the Labour Party,IDENTITY_MARKER,NEUTRAL,2025
"But I put this to you, this battle for deputy leader of the Labour Party will be very like the battles they had back in the early 1980s the left of the Labour Party will rear its voice.",91,102,the battles,IDENTITY_MARKER,NEUTRAL,2025
"But I put this to you, this battle for deputy leader of the Labour Party will be very like the battles they had back in the early 1980s the left of the Labour Party will rear its voice.",103,107,they,PRONOUN,NEUTRAL,2025
"But I put this to you, this battle for deputy leader of the Labour Party will be very like the battles they had back in the early 1980s the left of the Labour Party will rear its voice.",120,135,the early 1980s,IDENTITY_MARKER,NEUTRAL,2025
"But I put this to you, this battle for deputy leader of the Labour Party will be very like the battles they had back in the early 1980s the left of the Labour Party will rear its voice.",140,164,left of the Labour Party,IDENTITY_MARKER,NEUTRAL,2025
"But I put this to you, this battle for deputy leader of the Labour Party will be very like the battles they had back in the early 1980s the left of the Labour Party will rear its voice.",175,184,its voice,IDENTITY_MARKER,NEUTRAL,2025
We're used to hearing stories of splits in the Conservative Party.,0,2,We,PRONOUN,NEUTRAL,2025
We're used to hearing stories of splits in the Conservative Party.,22,39,stories of splits,IDENTITY_MARKER,NEGATIVE,2025
We're used to hearing stories of splits in the Conservative Party.,43,65,the Conservative Party,IDENTITY_MARKER,NEUTRAL,2025
We're about to witness a big rift in the Labour Party too.,0,2,We,PRONOUN,NEUTRAL,2025
We're about to witness a big rift in the Labour Party too.,23,33,a big rift,IDENTITY_MARKER,NEGATIVE,2025
We're about to witness a big rift in the Labour Party too.,37,53,the Labour Party,IDENTITY_MARKER,NEUTRAL,2025
"And I think, I think if there is one really big message from me to this conference, I don't think, and the bond markets back me up, and the leftward drift backs me up, and before long, there'll be Labour MPs that reckon they've got a better chance on the Jeremy Corbyn sectarian ticket.",33,55,one really big message,IDENTITY_MARKER,POSITIVE,2025
"And I think, I think if there is one really big message from me to this conference, I don't think, and the bond markets back me up, and the leftward drift backs me up, and before long, there'll be Labour MPs that reckon they've got a better chance on the Jeremy Corbyn sectarian ticket.",67,82,this conference,IDENTITY_MARKER,NEUTRAL,2025
"And I think, I think if there is one really big message from me to this conference, I don't think, and the bond markets back me up, and the leftward drift backs me up, and before long, there'll be Labour MPs that reckon they've got a better chance on the Jeremy Corbyn sectarian ticket.",103,119,the bond markets,IDENTITY_MARKER,POSITIVE,2025
"And I think, I think if there is one really big message from me to this conference, I don't think, and the bond markets back me up, and the leftward drift backs me up, and before long, there'll be Labour MPs that reckon they've got a better chance on the Jeremy Corbyn sectarian ticket.",125,127,me,PRONOUN,POSITIVE,2025
"And I think, I think if there is one really big message from me to this conference, I don't think, and the bond markets back me up, and the leftward drift backs me up, and before long, there'll be Labour MPs that reckon they've got a better chance on the Jeremy Corbyn sectarian ticket.",136,154,the leftward drift,IDENTITY_MARKER,POSITIVE,2025
"And I think, I think if there is one really big message from me to this conference, I don't think, and the bond markets back me up, and the leftward drift backs me up, and before long, there'll be Labour MPs that reckon they've got a better chance on the Jeremy Corbyn sectarian ticket.",161,163,me,PRONOUN,POSITIVE,2025
"And I think, I think if there is one really big message from me to this conference, I don't think, and the bond markets back me up, and the leftward drift backs me up, and before long, there'll be Labour MPs that reckon they've got a better chance on the Jeremy Corbyn sectarian ticket.",197,207,Labour MPs,IDENTITY_MARKER,NEGATIVE,2025
"And I think, I think if there is one really big message from me to this conference, I don't think, and the bond markets back me up, and the leftward drift backs me up, and before long, there'll be Labour MPs that reckon they've got a better chance on the Jeremy Corbyn sectarian ticket.",220,224,they,PRONOUN,NEGATIVE,2025
"And I think, I think if there is one really big message from me to this conference, I don't think, and the bond markets back me up, and the leftward drift backs me up, and before long, there'll be Labour MPs that reckon they've got a better chance on the Jeremy Corbyn sectarian ticket.",251,285,the Jeremy Corbyn sectarian ticket,IDENTITY_MARKER,NEGATIVE,2025
"Because frankly, folks, that's what's going on in our country, we have sectarian politics emerging.",17,22,folks,IDENTITY_MARKER,NEUTRAL,2025
"Because frankly, folks, that's what's going on in our country, we have sectarian politics emerging.",24,28,that,IDENTITY_MARKER,NEGATIVE,2025
"Because frankly, folks, that's what's going on in our country, we have sectarian politics emerging.",50,61,our country,IDENTITY_MARKER,POSITIVE,2025
"Because frankly, folks, that's what's going on in our country, we have sectarian politics emerging.",63,65,we,PRONOUN,NEUTRAL,2025
"Because frankly, folks, that's what's going on in our country, we have sectarian politics emerging.",71,89,sectarian politics,IDENTITY_MARKER,NEGATIVE,2025
I loathe it.,9,11,it,PRONOUN,NEGATIVE,2025
"But there'll come a point when many MPs, Labour MPs, think they've got a better chance of being reelected under that ticket under Corbyn than they do under Sir Keir.",31,39,many MPs,IDENTITY_MARKER,NEGATIVE,2025
"But there'll come a point when many MPs, Labour MPs, think they've got a better chance of being reelected under that ticket under Corbyn than they do under Sir Keir.",41,51,Labour MPs,IDENTITY_MARKER,NEGATIVE,2025
"But there'll come a point when many MPs, Labour MPs, think they've got a better chance of being reelected under that ticket under Corbyn than they do under Sir Keir.",59,63,they,PRONOUN,NEGATIVE,2025
"But there'll come a point when many MPs, Labour MPs, think they've got a better chance of being reelected under that ticket under Corbyn than they do under Sir Keir.",71,105,a better chance of being reelected,IDENTITY_MARKER,NEUTRAL,2025
"But there'll come a point when many MPs, Labour MPs, think they've got a better chance of being reelected under that ticket under Corbyn than they do under Sir Keir.",112,123,that ticket,IDENTITY_MARKER,NEGATIVE,2025
"But there'll come a point when many MPs, Labour MPs, think they've got a better chance of being reelected under that ticket under Corbyn than they do under Sir Keir.",130,136,Corbyn,IDENTITY_MARKER,NEGATIVE,2025
"But there'll come a point when many MPs, Labour MPs, think they've got a better chance of being reelected under that ticket under Corbyn than they do under Sir Keir.",142,146,they,PRONOUN,NEUTRAL,2025
"But there'll come a point when many MPs, Labour MPs, think they've got a better chance of being reelected under that ticket under Corbyn than they do under Sir Keir.",156,164,Sir Keir,IDENTITY_MARKER,NEUTRAL,2025
I think there is every chance now of a general election happening in 2027 and we must be ready for that moment.,17,29,every chance,IDENTITY_MARKER,POSITIVE,2025
I think there is every chance now of a general election happening in 2027 and we must be ready for that moment.,37,55,a general election,IDENTITY_MARKER,POSITIVE,2025
I think there is every chance now of a general election happening in 2027 and we must be ready for that moment.,78,80,we,PRONOUN,POSITIVE,2025
I think there is every chance now of a general election happening in 2027 and we must be ready for that moment.,99,110,that moment,IDENTITY_MARKER,POSITIVE,2025
"Now we also as a party have to raise a lot of money, and we're making progress.",4,6,we,PRONOUN,POSITIVE,2025
"Now we also as a party have to raise a lot of money, and we're making progress.",15,22,a party,IDENTITY_MARKER,NEUTRAL,2025
"Now we also as a party have to raise a lot of money, and we're making progress.",37,51,a lot of money,IDENTITY_MARKER,POSITIVE,2025
"Now we also as a party have to raise a lot of money, and we're making progress.",57,59,we,PRONOUN,POSITIVE,2025
"Now we also as a party have to raise a lot of money, and we're making progress.",70,78,progress,IDENTITY_MARKER,POSITIVE,2025
"Our treasurer, Charlton Edwards and his team are doing a great job.",0,13,Our treasurer,IDENTITY_MARKER,POSITIVE,2025
"Our treasurer, Charlton Edwards and his team are doing a great job.",15,31,Charlton Edwards,IDENTITY_MARKER,POSITIVE,2025
"Our treasurer, Charlton Edwards and his team are doing a great job.",36,44,his team,IDENTITY_MARKER,POSITIVE,2025
"Our treasurer, Charlton Edwards and his team are doing a great job.",55,66,a great job,IDENTITY_MARKER,POSITIVE,2025
"Our honorary treasurer, Nick Candy has personally already put in over half a million pounds of his own money.",0,22,Our honorary treasurer,IDENTITY_MARKER,POSITIVE,2025
"Our honorary treasurer, Nick Candy has personally already put in over half a million pounds of his own money.",24,34,Nick Candy,IDENTITY_MARKER,POSITIVE,2025
"Our honorary treasurer, Nick Candy has personally already put in over half a million pounds of his own money.",65,91,over half a million pounds,IDENTITY_MARKER,POSITIVE,2025
"Our honorary treasurer, Nick Candy has personally already put in over half a million pounds of his own money.",95,108,his own money,IDENTITY_MARKER,POSITIVE,2025
"Nick we thank you for that, but I want you too in the branches to go out and work and raise money, to volunteer to be candidates, to deliver leaflets, to knock on doors.",0,4,Nick,IDENTITY_MARKER,POSITIVE,2025
"Nick we thank you for that, but I want you too in the branches to go out and work and raise money, to volunteer to be candidates, to deliver leaflets, to knock on doors.",5,7,we,PRONOUN,POSITIVE,2025
"Nick we thank you for that, but I want you too in the branches to go out and work and raise money, to volunteer to be candidates, to deliver leaflets, to knock on doors.",14,17,you,PRONOUN,POSITIVE,2025
"Nick we thank you for that, but I want you too in the branches to go out and work and raise money, to volunteer to be candidates, to deliver leaflets, to knock on doors.",39,42,you,PRONOUN,POSITIVE,2025
"Nick we thank you for that, but I want you too in the branches to go out and work and raise money, to volunteer to be candidates, to deliver leaflets, to knock on doors.",50,62,the branches,IDENTITY_MARKER,NEUTRAL,2025
"Nick we thank you for that, but I want you too in the branches to go out and work and raise money, to volunteer to be candidates, to deliver leaflets, to knock on doors.",63,72,to go out,IDENTITY_MARKER,POSITIVE,2025
"Nick we thank you for that, but I want you too in the branches to go out and work and raise money, to volunteer to be candidates, to deliver leaflets, to knock on doors.",77,81,work,IDENTITY_MARKER,POSITIVE,2025
"Nick we thank you for that, but I want you too in the branches to go out and work and raise money, to volunteer to be candidates, to deliver leaflets, to knock on doors.",86,97,raise money,IDENTITY_MARKER,POSITIVE,2025
"Nick we thank you for that, but I want you too in the branches to go out and work and raise money, to volunteer to be candidates, to deliver leaflets, to knock on doors.",102,128,volunteer to be candidates,IDENTITY_MARKER,POSITIVE,2025
"Nick we thank you for that, but I want you too in the branches to go out and work and raise money, to volunteer to be candidates, to deliver leaflets, to knock on doors.",133,149,deliver leaflets,IDENTITY_MARKER,POSITIVE,2025
"Nick we thank you for that, but I want you too in the branches to go out and work and raise money, to volunteer to be candidates, to deliver leaflets, to knock on doors.",154,168,knock on doors,IDENTITY_MARKER,POSITIVE,2025
"We need to be the party of activism, and I think all of us believe, don't we in what we're doing.",0,2,We,PRONOUN,POSITIVE,2025
"We need to be the party of activism, and I think all of us believe, don't we in what we're doing.",14,35,the party of activism,IDENTITY_MARKER,POSITIVE,2025
"We need to be the party of activism, and I think all of us believe, don't we in what we're doing.",49,58,all of us,IDENTITY_MARKER,POSITIVE,2025
"We need to be the party of activism, and I think all of us believe, don't we in what we're doing.",74,76,we,PRONOUN,POSITIVE,2025
"We need to be the party of activism, and I think all of us believe, don't we in what we're doing.",85,87,we,PRONOUN,POSITIVE,2025
So we must all play our part and do our bit.,3,5,we,PRONOUN,POSITIVE,2025
So we must all play our part and do our bit.,11,28,all play our part,IDENTITY_MARKER,POSITIVE,2025
So we must all play our part and do our bit.,33,43,do our bit,IDENTITY_MARKER,POSITIVE,2025
"But one of the counter arguments, well, there are two.",4,32,one of the counter arguments,IDENTITY_MARKER,NEUTRAL,2025
"But one of the counter arguments, well, there are two.",50,53,two,IDENTITY_MARKER,NEUTRAL,2025
"One is, is it a one man band?",14,28,a one man band,IDENTITY_MARKER,NEGATIVE,2025
"I went to the football shirt stand earlier, and there you've got 11 names, Jenkins, Tice, Pochin and so on.",10,34,the football shirt stand,IDENTITY_MARKER,NEUTRAL,2025
"I went to the football shirt stand earlier, and there you've got 11 names, Jenkins, Tice, Pochin and so on.",54,57,you,PRONOUN,NEUTRAL,2025
"I went to the football shirt stand earlier, and there you've got 11 names, Jenkins, Tice, Pochin and so on.",65,73,11 names,IDENTITY_MARKER,NEUTRAL,2025
"I went to the football shirt stand earlier, and there you've got 11 names, Jenkins, Tice, Pochin and so on.",75,82,Jenkins,IDENTITY_MARKER,NEUTRAL,2025
"I went to the football shirt stand earlier, and there you've got 11 names, Jenkins, Tice, Pochin and so on.",84,88,Tice,IDENTITY_MARKER,NEUTRAL,2025
"I went to the football shirt stand earlier, and there you've got 11 names, Jenkins, Tice, Pochin and so on.",90,96,Pochin,IDENTITY_MARKER,NEUTRAL,2025
"11 of our most senior elected representatives and I stood in the middle and held up the shirt that said Farage, and the BBC asked me: am I a one man band?",0,45,11 of our most senior elected representatives,IDENTITY_MARKER,NEUTRAL,2025
"11 of our most senior elected representatives and I stood in the middle and held up the shirt that said Farage, and the BBC asked me: am I a one man band?",84,110,the shirt that said Farage,IDENTITY_MARKER,NEUTRAL,2025
"11 of our most senior elected representatives and I stood in the middle and held up the shirt that said Farage, and the BBC asked me: am I a one man band?",116,123,the BBC,IDENTITY_MARKER,NEUTRAL,2025
"11 of our most senior elected representatives and I stood in the middle and held up the shirt that said Farage, and the BBC asked me: am I a one man band?",130,132,me,PRONOUN,NEUTRAL,2025
"11 of our most senior elected representatives and I stood in the middle and held up the shirt that said Farage, and the BBC asked me: am I a one man band?",139,153,a one man band,IDENTITY_MARKER,NEGATIVE,2025
"I said, look at this lot behind me.",16,24,this lot,IDENTITY_MARKER,POSITIVE,2025
"I said, look at this lot behind me.",32,34,me,PRONOUN,NEUTRAL,2025
"And one of the joys of this year has been seeing so many other senior Reform figures appearing on television, appearing on radio, writing articles for newspapers.",49,84,so many other senior Reform figures,IDENTITY_MARKER,POSITIVE,2025
"And one of the joys of this year has been seeing so many other senior Reform figures appearing on television, appearing on radio, writing articles for newspapers.",98,108,television,IDENTITY_MARKER,POSITIVE,2025
"And one of the joys of this year has been seeing so many other senior Reform figures appearing on television, appearing on radio, writing articles for newspapers.",123,128,radio,IDENTITY_MARKER,POSITIVE,2025
"And one of the joys of this year has been seeing so many other senior Reform figures appearing on television, appearing on radio, writing articles for newspapers.",130,146,writing articles,IDENTITY_MARKER,POSITIVE,2025
"And one of the joys of this year has been seeing so many other senior Reform figures appearing on television, appearing on radio, writing articles for newspapers.",151,161,newspapers,IDENTITY_MARKER,POSITIVE,2025
"We broaden the scope and fresh new people are coming in, people like Colin Sutton, the legendary detective heading up our Police and Crime Commission.",0,2,We,PRONOUN,POSITIVE,2025
"We broaden the scope and fresh new people are coming in, people like Colin Sutton, the legendary detective heading up our Police and Crime Commission.",11,20,the scope,IDENTITY_MARKER,POSITIVE,2025
"We broaden the scope and fresh new people are coming in, people like Colin Sutton, the legendary detective heading up our Police and Crime Commission.",25,41,fresh new people,IDENTITY_MARKER,POSITIVE,2025
"We broaden the scope and fresh new people are coming in, people like Colin Sutton, the legendary detective heading up our Police and Crime Commission.",57,81,people like Colin Sutton,IDENTITY_MARKER,POSITIVE,2025
"We broaden the scope and fresh new people are coming in, people like Colin Sutton, the legendary detective heading up our Police and Crime Commission.",83,106,the legendary detective,IDENTITY_MARKER,POSITIVE,2025
"We broaden the scope and fresh new people are coming in, people like Colin Sutton, the legendary detective heading up our Police and Crime Commission.",118,149,our Police and Crime Commission,IDENTITY_MARKER,POSITIVE,2025
"People like Vanessa Frake, the toughest prison governor in the country, and many more talented people will come.",0,25,People like Vanessa Frake,IDENTITY_MARKER,POSITIVE,2025
"People like Vanessa Frake, the toughest prison governor in the country, and many more talented people will come.",27,70,the toughest prison governor in the country,IDENTITY_MARKER,POSITIVE,2025
"People like Vanessa Frake, the toughest prison governor in the country, and many more talented people will come.",76,101,many more talented people,IDENTITY_MARKER,POSITIVE,2025
And I do not believe that all governments have to be MPs in the House of Commons.,26,41,all governments,IDENTITY_MARKER,NEUTRAL,2025
And I do not believe that all governments have to be MPs in the House of Commons.,53,56,MPs,IDENTITY_MARKER,NEUTRAL,2025
And I do not believe that all governments have to be MPs in the House of Commons.,60,80,the House of Commons,IDENTITY_MARKER,NEUTRAL,2025
That's the convention.,7,21,the convention,IDENTITY_MARKER,NEUTRAL,2025
"But it doesn't work, does it?",4,6,it,PRONOUN,NEGATIVE,2025
"But it doesn't work, does it?",26,28,it,PRONOUN,NEGATIVE,2025
"You appoint people to be a rail minister, an education secretary, who have no knowledge of the department they're supposed to run, and we will bring in a ministry of all the talents from all walks of life, and to hell with convention.",0,3,You,PRONOUN,NEUTRAL,2025
"You appoint people to be a rail minister, an education secretary, who have no knowledge of the department they're supposed to run, and we will bring in a ministry of all the talents from all walks of life, and to hell with convention.",12,18,people,IDENTITY_MARKER,NEUTRAL,2025
"You appoint people to be a rail minister, an education secretary, who have no knowledge of the department they're supposed to run, and we will bring in a ministry of all the talents from all walks of life, and to hell with convention.",25,40,a rail minister,IDENTITY_MARKER,NEUTRAL,2025
"You appoint people to be a rail minister, an education secretary, who have no knowledge of the department they're supposed to run, and we will bring in a ministry of all the talents from all walks of life, and to hell with convention.",42,64,an education secretary,IDENTITY_MARKER,NEUTRAL,2025
"You appoint people to be a rail minister, an education secretary, who have no knowledge of the department they're supposed to run, and we will bring in a ministry of all the talents from all walks of life, and to hell with convention.",75,87,no knowledge,IDENTITY_MARKER,POSITIVE,2025
"You appoint people to be a rail minister, an education secretary, who have no knowledge of the department they're supposed to run, and we will bring in a ministry of all the talents from all walks of life, and to hell with convention.",91,105,the department,IDENTITY_MARKER,NEUTRAL,2025
"You appoint people to be a rail minister, an education secretary, who have no knowledge of the department they're supposed to run, and we will bring in a ministry of all the talents from all walks of life, and to hell with convention.",106,110,they,PRONOUN,POSITIVE,2025
"You appoint people to be a rail minister, an education secretary, who have no knowledge of the department they're supposed to run, and we will bring in a ministry of all the talents from all walks of life, and to hell with convention.",135,137,we,PRONOUN,POSITIVE,2025
"You appoint people to be a rail minister, an education secretary, who have no knowledge of the department they're supposed to run, and we will bring in a ministry of all the talents from all walks of life, and to hell with convention.",152,181,a ministry of all the talents,IDENTITY_MARKER,POSITIVE,2025
"You appoint people to be a rail minister, an education secretary, who have no knowledge of the department they're supposed to run, and we will bring in a ministry of all the talents from all walks of life, and to hell with convention.",187,204,all walks of life,IDENTITY_MARKER,POSITIVE,2025
"You appoint people to be a rail minister, an education secretary, who have no knowledge of the department they're supposed to run, and we will bring in a ministry of all the talents from all walks of life, and to hell with convention.",223,233,convention,IDENTITY_MARKER,NEGATIVE,2025
"But that brings me on to the other argument, where I will admit we have some weakness, and that is that none of our senior figures have ever been in government before, oh, we're beginning to see, already through the county councils, that we run certain obstructions from the civil service being put in our way.",4,8,that,IDENTITY_MARKER,NEUTRAL,2025
"But that brings me on to the other argument, where I will admit we have some weakness, and that is that none of our senior figures have ever been in government before, oh, we're beginning to see, already through the county councils, that we run certain obstructions from the civil service being put in our way.",16,18,me,PRONOUN,NEUTRAL,2025
"But that brings me on to the other argument, where I will admit we have some weakness, and that is that none of our senior figures have ever been in government before, oh, we're beginning to see, already through the county councils, that we run certain obstructions from the civil service being put in our way.",25,43,the other argument,IDENTITY_MARKER,NEUTRAL,2025
"But that brings me on to the other argument, where I will admit we have some weakness, and that is that none of our senior figures have ever been in government before, oh, we're beginning to see, already through the county councils, that we run certain obstructions from the civil service being put in our way.",64,66,we,PRONOUN,NEUTRAL,2025
"But that brings me on to the other argument, where I will admit we have some weakness, and that is that none of our senior figures have ever been in government before, oh, we're beginning to see, already through the county councils, that we run certain obstructions from the civil service being put in our way.",72,85,some weakness,IDENTITY_MARKER,NEGATIVE,2025
"But that brings me on to the other argument, where I will admit we have some weakness, and that is that none of our senior figures have ever been in government before, oh, we're beginning to see, already through the county councils, that we run certain obstructions from the civil service being put in our way.",91,95,that,IDENTITY_MARKER,NEUTRAL,2025
"But that brings me on to the other argument, where I will admit we have some weakness, and that is that none of our senior figures have ever been in government before, oh, we're beginning to see, already through the county councils, that we run certain obstructions from the civil service being put in our way.",104,130,none of our senior figures,IDENTITY_MARKER,NEGATIVE,2025
"But that brings me on to the other argument, where I will admit we have some weakness, and that is that none of our senior figures have ever been in government before, oh, we're beginning to see, already through the county councils, that we run certain obstructions from the civil service being put in our way.",146,159,in government,IDENTITY_MARKER,POSITIVE,2025
"But that brings me on to the other argument, where I will admit we have some weakness, and that is that none of our senior figures have ever been in government before, oh, we're beginning to see, already through the county councils, that we run certain obstructions from the civil service being put in our way.",172,174,we,PRONOUN,NEUTRAL,2025
"But that brings me on to the other argument, where I will admit we have some weakness, and that is that none of our senior figures have ever been in government before, oh, we're beginning to see, already through the county councils, that we run certain obstructions from the civil service being put in our way.",212,231,the county councils,IDENTITY_MARKER,NEUTRAL,2025
"But that brings me on to the other argument, where I will admit we have some weakness, and that is that none of our senior figures have ever been in government before, oh, we're beginning to see, already through the county councils, that we run certain obstructions from the civil service being put in our way.",238,240,we,PRONOUN,POSITIVE,2025
"But that brings me on to the other argument, where I will admit we have some weakness, and that is that none of our senior figures have ever been in government before, oh, we're beginning to see, already through the county councils, that we run certain obstructions from the civil service being put in our way.",245,265,certain obstructions,IDENTITY_MARKER,NEGATIVE,2025
"But that brings me on to the other argument, where I will admit we have some weakness, and that is that none of our senior figures have ever been in government before, oh, we're beginning to see, already through the county councils, that we run certain obstructions from the civil service being put in our way.",271,288,the civil service,IDENTITY_MARKER,NEGATIVE,2025
"But that brings me on to the other argument, where I will admit we have some weakness, and that is that none of our senior figures have ever been in government before, oh, we're beginning to see, already through the county councils, that we run certain obstructions from the civil service being put in our way.",302,309,our way,IDENTITY_MARKER,POSITIVE,2025
"And I imagine if we win the next election, we may face similar barriers to the kinds of real change that this country needs.",17,19,we,PRONOUN,POSITIVE,2025
"And I imagine if we win the next election, we may face similar barriers to the kinds of real change that this country needs.",24,41,the next election,IDENTITY_MARKER,POSITIVE,2025
"And I imagine if we win the next election, we may face similar barriers to the kinds of real change that this country needs.",43,45,we,PRONOUN,POSITIVE,2025
"And I imagine if we win the next election, we may face similar barriers to the kinds of real change that this country needs.",55,99,similar barriers to the kinds of real change,IDENTITY_MARKER,NEGATIVE,2025
"And I imagine if we win the next election, we may face similar barriers to the kinds of real change that this country needs.",105,117,this country,IDENTITY_MARKER,POSITIVE,2025
So we need experienced people.,3,5,we,PRONOUN,NEUTRAL,2025
So we need experienced people.,11,29,experienced people,IDENTITY_MARKER,POSITIVE,2025
We need people who have been in government.,0,2,We,PRONOUN,NEUTRAL,2025
We need people who have been in government.,8,14,people,IDENTITY_MARKER,POSITIVE,2025
We need people who have been in government.,29,42,in government,IDENTITY_MARKER,POSITIVE,2025
We need people who understand just how the system works and what the difficulties are.,0,2,We,PRONOUN,NEUTRAL,2025
We need people who understand just how the system works and what the difficulties are.,8,14,people,IDENTITY_MARKER,POSITIVE,2025
We need people who understand just how the system works and what the difficulties are.,35,55,how the system works,IDENTITY_MARKER,POSITIVE,2025
We need people who understand just how the system works and what the difficulties are.,65,81,the difficulties,IDENTITY_MARKER,NEGATIVE,2025
We need people with experience.,0,2,We,PRONOUN,NEUTRAL,2025
We need people with experience.,8,30,people with experience,IDENTITY_MARKER,POSITIVE,2025
"And that is why, after a lengthy debate and consultation.",23,39,a lengthy debate,IDENTITY_MARKER,NEUTRAL,2025
"And that is why, after a lengthy debate and consultation.",44,56,consultation,IDENTITY_MARKER,NEUTRAL,2025
"That is why I'm pleased to welcome today to the stage a woman who was served in cabinet as Culture Secretary, a woman who was sold three and a half million books, a woman who has been on I'm A Celebrity, Get Me Out Of Here, somebody from the real world who's worked their way up, been incredibly successful, who actually crosses the boundaries from politician into celebrity, and I'm delighted that we're going to have the experience, the talent, the hard work and the loyalty of the Nadine Dorries, and I'm proud to welcome her onto the stage now.",54,108,a woman who was served in cabinet as Culture Secretary,IDENTITY_MARKER,POSITIVE,2025
"That is why I'm pleased to welcome today to the stage a woman who was served in cabinet as Culture Secretary, a woman who was sold three and a half million books, a woman who has been on I'm A Celebrity, Get Me Out Of Here, somebody from the real world who's worked their way up, been incredibly successful, who actually crosses the boundaries from politician into celebrity, and I'm delighted that we're going to have the experience, the talent, the hard work and the loyalty of the Nadine Dorries, and I'm proud to welcome her onto the stage now.",110,161,a woman who was sold three and a half million books,IDENTITY_MARKER,POSITIVE,2025
"That is why I'm pleased to welcome today to the stage a woman who was served in cabinet as Culture Secretary, a woman who was sold three and a half million books, a woman who has been on I'm A Celebrity, Get Me Out Of Here, somebody from the real world who's worked their way up, been incredibly successful, who actually crosses the boundaries from politician into celebrity, and I'm delighted that we're going to have the experience, the talent, the hard work and the loyalty of the Nadine Dorries, and I'm proud to welcome her onto the stage now.",163,222,"a woman who has been on I'm A Celebrity, Get Me Out Of Here",IDENTITY_MARKER,POSITIVE,2025
"That is why I'm pleased to welcome today to the stage a woman who was served in cabinet as Culture Secretary, a woman who was sold three and a half million books, a woman who has been on I'm A Celebrity, Get Me Out Of Here, somebody from the real world who's worked their way up, been incredibly successful, who actually crosses the boundaries from politician into celebrity, and I'm delighted that we're going to have the experience, the talent, the hard work and the loyalty of the Nadine Dorries, and I'm proud to welcome her onto the stage now.",224,252,somebody from the real world,IDENTITY_MARKER,POSITIVE,2025
"That is why I'm pleased to welcome today to the stage a woman who was served in cabinet as Culture Secretary, a woman who was sold three and a half million books, a woman who has been on I'm A Celebrity, Get Me Out Of Here, somebody from the real world who's worked their way up, been incredibly successful, who actually crosses the boundaries from politician into celebrity, and I'm delighted that we're going to have the experience, the talent, the hard work and the loyalty of the Nadine Dorries, and I'm proud to welcome her onto the stage now.",266,275,their way,IDENTITY_MARKER,POSITIVE,2025
"That is why I'm pleased to welcome today to the stage a woman who was served in cabinet as Culture Secretary, a woman who was sold three and a half million books, a woman who has been on I'm A Celebrity, Get Me Out Of Here, somebody from the real world who's worked their way up, been incredibly successful, who actually crosses the boundaries from politician into celebrity, and I'm delighted that we're going to have the experience, the talent, the hard work and the loyalty of the Nadine Dorries, and I'm proud to welcome her onto the stage now.",321,374,crosses the boundaries from politician into celebrity,IDENTITY_MARKER,POSITIVE,2025
"That is why I'm pleased to welcome today to the stage a woman who was served in cabinet as Culture Secretary, a woman who was sold three and a half million books, a woman who has been on I'm A Celebrity, Get Me Out Of Here, somebody from the real world who's worked their way up, been incredibly successful, who actually crosses the boundaries from politician into celebrity, and I'm delighted that we're going to have the experience, the talent, the hard work and the loyalty of the Nadine Dorries, and I'm proud to welcome her onto the stage now.",399,401,we,PRONOUN,NEUTRAL,2025
"That is why I'm pleased to welcome today to the stage a woman who was served in cabinet as Culture Secretary, a woman who was sold three and a half million books, a woman who has been on I'm A Celebrity, Get Me Out Of Here, somebody from the real world who's worked their way up, been incredibly successful, who actually crosses the boundaries from politician into celebrity, and I'm delighted that we're going to have the experience, the talent, the hard work and the loyalty of the Nadine Dorries, and I'm proud to welcome her onto the stage now.",419,433,the experience,IDENTITY_MARKER,POSITIVE,2025
"That is why I'm pleased to welcome today to the stage a woman who was served in cabinet as Culture Secretary, a woman who was sold three and a half million books, a woman who has been on I'm A Celebrity, Get Me Out Of Here, somebody from the real world who's worked their way up, been incredibly successful, who actually crosses the boundaries from politician into celebrity, and I'm delighted that we're going to have the experience, the talent, the hard work and the loyalty of the Nadine Dorries, and I'm proud to welcome her onto the stage now.",435,445,the talent,IDENTITY_MARKER,POSITIVE,2025
"That is why I'm pleased to welcome today to the stage a woman who was served in cabinet as Culture Secretary, a woman who was sold three and a half million books, a woman who has been on I'm A Celebrity, Get Me Out Of Here, somebody from the real world who's worked their way up, been incredibly successful, who actually crosses the boundaries from politician into celebrity, and I'm delighted that we're going to have the experience, the talent, the hard work and the loyalty of the Nadine Dorries, and I'm proud to welcome her onto the stage now.",447,460,the hard work,IDENTITY_MARKER,POSITIVE,2025
"That is why I'm pleased to welcome today to the stage a woman who was served in cabinet as Culture Secretary, a woman who was sold three and a half million books, a woman who has been on I'm A Celebrity, Get Me Out Of Here, somebody from the real world who's worked their way up, been incredibly successful, who actually crosses the boundaries from politician into celebrity, and I'm delighted that we're going to have the experience, the talent, the hard work and the loyalty of the Nadine Dorries, and I'm proud to welcome her onto the stage now.",465,498,the loyalty of the Nadine Dorries,IDENTITY_MARKER,POSITIVE,2025
"That is why I'm pleased to welcome today to the stage a woman who was served in cabinet as Culture Secretary, a woman who was sold three and a half million books, a woman who has been on I'm A Celebrity, Get Me Out Of Here, somebody from the real world who's worked their way up, been incredibly successful, who actually crosses the boundaries from politician into celebrity, and I'm delighted that we're going to have the experience, the talent, the hard work and the loyalty of the Nadine Dorries, and I'm proud to welcome her onto the stage now.",525,528,her,PRONOUN,POSITIVE,2025
"That is why I'm pleased to welcome today to the stage a woman who was served in cabinet as Culture Secretary, a woman who was sold three and a half million books, a woman who has been on I'm A Celebrity, Get Me Out Of Here, somebody from the real world who's worked their way up, been incredibly successful, who actually crosses the boundaries from politician into celebrity, and I'm delighted that we're going to have the experience, the talent, the hard work and the loyalty of the Nadine Dorries, and I'm proud to welcome her onto the stage now.",534,543,the stage,IDENTITY_MARKER,NEUTRAL,2025
"Again and again at elections, they talk the talk.",0,15,Again and again,IDENTITY_MARKER,NEUTRAL,2025
"Again and again at elections, they talk the talk.",19,28,elections,IDENTITY_MARKER,NEUTRAL,2025
"Again and again at elections, they talk the talk.",30,34,they,PRONOUN,NEUTRAL,2025
"Again and again at elections, they talk the talk.",35,48,talk the talk,IDENTITY_MARKER,POSITIVE,2025
"They never walk the walk, but we mean what we say, and we will deliver that promise I make you.",0,4,They,PRONOUN,NEGATIVE,2025
"They never walk the walk, but we mean what we say, and we will deliver that promise I make you.",11,24,walk the walk,IDENTITY_MARKER,POSITIVE,2025
"They never walk the walk, but we mean what we say, and we will deliver that promise I make you.",30,32,we,PRONOUN,POSITIVE,2025
"They never walk the walk, but we mean what we say, and we will deliver that promise I make you.",43,45,we,PRONOUN,POSITIVE,2025
"They never walk the walk, but we mean what we say, and we will deliver that promise I make you.",55,57,we,PRONOUN,POSITIVE,2025
"They never walk the walk, but we mean what we say, and we will deliver that promise I make you.",71,83,that promise,IDENTITY_MARKER,POSITIVE,2025
"They never walk the walk, but we mean what we say, and we will deliver that promise I make you.",91,94,you,PRONOUN,POSITIVE,2025
"Now, Nadine is right, our country is in a very bad place.",5,11,Nadine,IDENTITY_MARKER,POSITIVE,2025
"Now, Nadine is right, our country is in a very bad place.",22,33,our country,IDENTITY_MARKER,POSITIVE,2025
"Now, Nadine is right, our country is in a very bad place.",40,56,a very bad place,IDENTITY_MARKER,NEGATIVE,2025
It's a mixture between anger and despair.,0,2,It,PRONOUN,NEUTRAL,2025
It's a mixture between anger and despair.,7,28,mixture between anger,IDENTITY_MARKER,NEGATIVE,2025
It's a mixture between anger and despair.,33,40,despair,IDENTITY_MARKER,NEGATIVE,2025
Is it any wonder that the protests have sprung up outside the hotels.,3,5,it,PRONOUN,NEUTRAL,2025
Is it any wonder that the protests have sprung up outside the hotels.,22,34,the protests,IDENTITY_MARKER,NEGATIVE,2025
Is it any wonder that the protests have sprung up outside the hotels.,50,68,outside the hotels,IDENTITY_MARKER,NEGATIVE,2025
We are in economic decline.,0,2,We,PRONOUN,POSITIVE,2025
We are in economic decline.,10,26,economic decline,IDENTITY_MARKER,NEGATIVE,2025
We are in societal breakdown with law and order.,0,2,We,PRONOUN,POSITIVE,2025
We are in societal breakdown with law and order.,10,28,societal breakdown,IDENTITY_MARKER,NEGATIVE,2025
We are in societal breakdown with law and order.,34,47,law and order,IDENTITY_MARKER,NEUTRAL,2025
We are in cultural decline.,0,2,We,PRONOUN,POSITIVE,2025
We are in cultural decline.,10,26,cultural decline,IDENTITY_MARKER,NEGATIVE,2025
"It's as if our leaders have forgotten who we were, and we want to question it now, they will do everything they can to crush free speech online.",0,2,It,PRONOUN,NEUTRAL,2025
"It's as if our leaders have forgotten who we were, and we want to question it now, they will do everything they can to crush free speech online.",11,22,our leaders,IDENTITY_MARKER,NEGATIVE,2025
"It's as if our leaders have forgotten who we were, and we want to question it now, they will do everything they can to crush free speech online.",42,44,we,PRONOUN,POSITIVE,2025
"It's as if our leaders have forgotten who we were, and we want to question it now, they will do everything they can to crush free speech online.",55,57,we,PRONOUN,POSITIVE,2025
"It's as if our leaders have forgotten who we were, and we want to question it now, they will do everything they can to crush free speech online.",75,77,it,PRONOUN,NEGATIVE,2025
"It's as if our leaders have forgotten who we were, and we want to question it now, they will do everything they can to crush free speech online.",83,87,they,PRONOUN,NEGATIVE,2025
"It's as if our leaders have forgotten who we were, and we want to question it now, they will do everything they can to crush free speech online.",107,111,they,PRONOUN,NEGATIVE,2025
"It's as if our leaders have forgotten who we were, and we want to question it now, they will do everything they can to crush free speech online.",125,143,free speech online,IDENTITY_MARKER,POSITIVE,2025
We are not going to have this.,0,2,We,PRONOUN,POSITIVE,2025
We are not going to have this.,25,29,this,IDENTITY_MARKER,NEGATIVE,2025
"Our country is, without doubt, in the most dangerous place it's been in my lifetime.",0,11,Our country,IDENTITY_MARKER,POSITIVE,2025
"Our country is, without doubt, in the most dangerous place it's been in my lifetime.",34,58,the most dangerous place,IDENTITY_MARKER,NEGATIVE,2025
"Our country is, without doubt, in the most dangerous place it's been in my lifetime.",59,61,it,PRONOUN,NEGATIVE,2025
"Our country is, without doubt, in the most dangerous place it's been in my lifetime.",72,83,my lifetime,IDENTITY_MARKER,NEUTRAL,2025
"And I get this in the street from people, people point at me and say, you are the last chance we've got to get this country back on track.",10,14,this,IDENTITY_MARKER,NEUTRAL,2025
"And I get this in the street from people, people point at me and say, you are the last chance we've got to get this country back on track.",18,28,the street,IDENTITY_MARKER,NEUTRAL,2025
"And I get this in the street from people, people point at me and say, you are the last chance we've got to get this country back on track.",34,40,people,IDENTITY_MARKER,NEUTRAL,2025
"And I get this in the street from people, people point at me and say, you are the last chance we've got to get this country back on track.",42,48,people,IDENTITY_MARKER,NEUTRAL,2025
"And I get this in the street from people, people point at me and say, you are the last chance we've got to get this country back on track.",58,60,me,PRONOUN,POSITIVE,2025
"And I get this in the street from people, people point at me and say, you are the last chance we've got to get this country back on track.",70,73,you,PRONOUN,POSITIVE,2025
"And I get this in the street from people, people point at me and say, you are the last chance we've got to get this country back on track.",78,93,the last chance,IDENTITY_MARKER,POSITIVE,2025
"And I get this in the street from people, people point at me and say, you are the last chance we've got to get this country back on track.",94,96,we,PRONOUN,NEUTRAL,2025
"And I get this in the street from people, people point at me and say, you are the last chance we've got to get this country back on track.",111,123,this country,IDENTITY_MARKER,POSITIVE,2025
"And I get this in the street from people, people point at me and say, you are the last chance we've got to get this country back on track.",124,137,back on track,IDENTITY_MARKER,POSITIVE,2025
We are the last chance the country has got to get this country back on track.,0,2,We,PRONOUN,POSITIVE,2025
We are the last chance the country has got to get this country back on track.,7,22,the last chance,IDENTITY_MARKER,POSITIVE,2025
We are the last chance the country has got to get this country back on track.,23,34,the country,IDENTITY_MARKER,POSITIVE,2025
We are the last chance the country has got to get this country back on track.,50,62,this country,IDENTITY_MARKER,POSITIVE,2025
We are the last chance the country has got to get this country back on track.,63,76,back on track,IDENTITY_MARKER,POSITIVE,2025
"And that is why, let's make Britain great again - I've heard that phrase somewhere else before - but I agree with it.",23,47,make Britain great again,IDENTITY_MARKER,POSITIVE,2025
"And that is why, let's make Britain great again - I've heard that phrase somewhere else before - but I agree with it.",61,72,that phrase,IDENTITY_MARKER,NEUTRAL,2025
"And that is why, let's make Britain great again - I've heard that phrase somewhere else before - but I agree with it.",114,116,it,PRONOUN,POSITIVE,2025
"And that is why, talking of flags, that is why, spontaneously, across the country, there is barely a lamp post now that does not have the Cross of St George or the Union Jack, and we love it.",28,33,flags,IDENTITY_MARKER,POSITIVE,2025
"And that is why, talking of flags, that is why, spontaneously, across the country, there is barely a lamp post now that does not have the Cross of St George or the Union Jack, and we love it.",63,81,across the country,IDENTITY_MARKER,NEUTRAL,2025
"And that is why, talking of flags, that is why, spontaneously, across the country, there is barely a lamp post now that does not have the Cross of St George or the Union Jack, and we love it.",92,110,barely a lamp post,IDENTITY_MARKER,POSITIVE,2025
"And that is why, talking of flags, that is why, spontaneously, across the country, there is barely a lamp post now that does not have the Cross of St George or the Union Jack, and we love it.",134,156,the Cross of St George,IDENTITY_MARKER,POSITIVE,2025
"And that is why, talking of flags, that is why, spontaneously, across the country, there is barely a lamp post now that does not have the Cross of St George or the Union Jack, and we love it.",160,174,the Union Jack,IDENTITY_MARKER,POSITIVE,2025
"And that is why, talking of flags, that is why, spontaneously, across the country, there is barely a lamp post now that does not have the Cross of St George or the Union Jack, and we love it.",180,182,we,IDENTITY_MARKER,POSITIVE,2025
"And that is why, talking of flags, that is why, spontaneously, across the country, there is barely a lamp post now that does not have the Cross of St George or the Union Jack, and we love it.",188,190,it,IDENTITY_MARKER,POSITIVE,2025
"What is going on out there is the British people are sticking two fingers up with every flag they place to an establishment that doesn't believe in Britain, to an establishment that thinks more of the interests of other countries and foreign courts that it thinks about its own people, and those flags say we have had enough.",17,26,out there,IDENTITY_MARKER,NEUTRAL,2025
"What is going on out there is the British people are sticking two fingers up with every flag they place to an establishment that doesn't believe in Britain, to an establishment that thinks more of the interests of other countries and foreign courts that it thinks about its own people, and those flags say we have had enough.",30,48,the British people,IDENTITY_MARKER,POSITIVE,2025
"What is going on out there is the British people are sticking two fingers up with every flag they place to an establishment that doesn't believe in Britain, to an establishment that thinks more of the interests of other countries and foreign courts that it thinks about its own people, and those flags say we have had enough.",62,76,two fingers up,IDENTITY_MARKER,POSITIVE,2025
"What is going on out there is the British people are sticking two fingers up with every flag they place to an establishment that doesn't believe in Britain, to an establishment that thinks more of the interests of other countries and foreign courts that it thinks about its own people, and those flags say we have had enough.",82,92,every flag,IDENTITY_MARKER,POSITIVE,2025
"What is going on out there is the British people are sticking two fingers up with every flag they place to an establishment that doesn't believe in Britain, to an establishment that thinks more of the interests of other countries and foreign courts that it thinks about its own people, and those flags say we have had enough.",93,97,they,PRONOUN,POSITIVE,2025
"What is going on out there is the British people are sticking two fingers up with every flag they place to an establishment that doesn't believe in Britain, to an establishment that thinks more of the interests of other countries and foreign courts that it thinks about its own people, and those flags say we have had enough.",107,123,an establishment,IDENTITY_MARKER,NEGATIVE,2025
"What is going on out there is the British people are sticking two fingers up with every flag they place to an establishment that doesn't believe in Britain, to an establishment that thinks more of the interests of other countries and foreign courts that it thinks about its own people, and those flags say we have had enough.",148,155,Britain,IDENTITY_MARKER,POSITIVE,2025
"What is going on out there is the British people are sticking two fingers up with every flag they place to an establishment that doesn't believe in Britain, to an establishment that thinks more of the interests of other countries and foreign courts that it thinks about its own people, and those flags say we have had enough.",160,176,an establishment,IDENTITY_MARKER,NEGATIVE,2025
"What is going on out there is the British people are sticking two fingers up with every flag they place to an establishment that doesn't believe in Britain, to an establishment that thinks more of the interests of other countries and foreign courts that it thinks about its own people, and those flags say we have had enough.",197,229,the interests of other countries,IDENTITY_MARKER,NEGATIVE,2025
"What is going on out there is the British people are sticking two fingers up with every flag they place to an establishment that doesn't believe in Britain, to an establishment that thinks more of the interests of other countries and foreign courts that it thinks about its own people, and those flags say we have had enough.",234,248,foreign courts,IDENTITY_MARKER,NEGATIVE,2025
"What is going on out there is the British people are sticking two fingers up with every flag they place to an establishment that doesn't believe in Britain, to an establishment that thinks more of the interests of other countries and foreign courts that it thinks about its own people, and those flags say we have had enough.",254,256,it,PRONOUN,NEGATIVE,2025
"What is going on out there is the British people are sticking two fingers up with every flag they place to an establishment that doesn't believe in Britain, to an establishment that thinks more of the interests of other countries and foreign courts that it thinks about its own people, and those flags say we have had enough.",270,284,its own people,IDENTITY_MARKER,POSITIVE,2025
"What is going on out there is the British people are sticking two fingers up with every flag they place to an establishment that doesn't believe in Britain, to an establishment that thinks more of the interests of other countries and foreign courts that it thinks about its own people, and those flags say we have had enough.",290,301,those flags,IDENTITY_MARKER,POSITIVE,2025
"What is going on out there is the British people are sticking two fingers up with every flag they place to an establishment that doesn't believe in Britain, to an establishment that thinks more of the interests of other countries and foreign courts that it thinks about its own people, and those flags say we have had enough.",306,308,we,PRONOUN,POSITIVE,2025
"What is going on out there is the British people are sticking two fingers up with every flag they place to an establishment that doesn't believe in Britain, to an establishment that thinks more of the interests of other countries and foreign courts that it thinks about its own people, and those flags say we have had enough.",309,324,have had enough,IDENTITY_MARKER,POSITIVE,2025
"We will make Britain safer again, beginning with zero tolerance policing.",0,2,We,PRONOUN,POSITIVE,2025
"We will make Britain safer again, beginning with zero tolerance policing.",8,26,make Britain safer,IDENTITY_MARKER,POSITIVE,2025
"We will make Britain safer again, beginning with zero tolerance policing.",49,72,zero tolerance policing,IDENTITY_MARKER,POSITIVE,2025
"If you shoplift, you will be prosecuted.",3,6,you,PRONOUN,NEGATIVE,2025
"If you shoplift, you will be prosecuted.",7,15,shoplift,IDENTITY_MARKER,POSITIVE,2025
"If you shoplift, you will be prosecuted.",17,20,you,PRONOUN,NEGATIVE,2025
"If you shoplift, you will be prosecuted.",26,39,be prosecuted,IDENTITY_MARKER,POSITIVE,2025
We will bring back genuine stop and search on our streets to drive out knives.,0,2,We,PRONOUN,POSITIVE,2025
We will bring back genuine stop and search on our streets to drive out knives.,19,42,genuine stop and search,IDENTITY_MARKER,POSITIVE,2025
We will bring back genuine stop and search on our streets to drive out knives.,46,57,our streets,IDENTITY_MARKER,NEUTRAL,2025
We will bring back genuine stop and search on our streets to drive out knives.,71,77,knives,IDENTITY_MARKER,NEGATIVE,2025
We will deport foreign criminals.,0,2,We,PRONOUN,POSITIVE,2025
We will deport foreign criminals.,15,32,foreign criminals,IDENTITY_MARKER,NEGATIVE,2025
I am off to have lunch in a few weeks with the Prime Minister of Albania.,12,22,have lunch,IDENTITY_MARKER,NEUTRAL,2025
I am off to have lunch in a few weeks with the Prime Minister of Albania.,43,72,the Prime Minister of Albania,IDENTITY_MARKER,NEUTRAL,2025
I might book a very big plane and take a load with me.,13,29,a very big plane,IDENTITY_MARKER,POSITIVE,2025
I might book a very big plane and take a load with me.,39,45,a load,IDENTITY_MARKER,NEUTRAL,2025
I might book a very big plane and take a load with me.,51,53,me,PRONOUN,NEUTRAL,2025
"We will stop what is a threat to our national security, what is a danger to girls and women on our streets.",0,99,We,PRONOUN,POSITIVE,2025
"We will stop what is a threat to our national security, what is a danger to girls and women on our streets.",21,29,a threat,IDENTITY_MARKER,NEGATIVE,2025
"We will stop what is a threat to our national security, what is a danger to girls and women on our streets.",33,54,our national security,IDENTITY_MARKER,POSITIVE,2025
"We will stop what is a threat to our national security, what is a danger to girls and women on our streets.",64,72,a danger,IDENTITY_MARKER,NEGATIVE,2025
"We will stop what is a threat to our national security, what is a danger to girls and women on our streets.",76,81,girls,IDENTITY_MARKER,POSITIVE,2025
"We will stop what is a threat to our national security, what is a danger to girls and women on our streets.",86,91,women,IDENTITY_MARKER,POSITIVE,2025
"We will stop what is a threat to our national security, what is a danger to girls and women on our streets.",95,106,our streets,IDENTITY_MARKER,NEUTRAL,2025
We will stop the boats and we will detain and deport those who illegally break into our country doing what nearly every normal country around the rest of the world does.,0,2,We,PRONOUN,POSITIVE,2025
We will stop the boats and we will detain and deport those who illegally break into our country doing what nearly every normal country around the rest of the world does.,13,22,the boats,IDENTITY_MARKER,NEGATIVE,2025
We will stop the boats and we will detain and deport those who illegally break into our country doing what nearly every normal country around the rest of the world does.,27,29,we,PRONOUN,POSITIVE,2025
We will stop the boats and we will detain and deport those who illegally break into our country doing what nearly every normal country around the rest of the world does.,35,52,detain and deport,IDENTITY_MARKER,POSITIVE,2025
We will stop the boats and we will detain and deport those who illegally break into our country doing what nearly every normal country around the rest of the world does.,53,95,those who illegally break into our country,IDENTITY_MARKER,NEGATIVE,2025
We will stop the boats and we will detain and deport those who illegally break into our country doing what nearly every normal country around the rest of the world does.,114,134,every normal country,IDENTITY_MARKER,POSITIVE,2025
We will stop the boats and we will detain and deport those who illegally break into our country doing what nearly every normal country around the rest of the world does.,142,163,the rest of the world,IDENTITY_MARKER,NEUTRAL,2025
You cannot come here illegally and stay we will stop the boat within two weeks of winning government.,0,3,You,PRONOUN,NEGATIVE,2025
You cannot come here illegally and stay we will stop the boat within two weeks of winning government.,16,20,here,IDENTITY_MARKER,NEUTRAL,2025
You cannot come here illegally and stay we will stop the boat within two weeks of winning government.,40,42,we,PRONOUN,POSITIVE,2025
You cannot come here illegally and stay we will stop the boat within two weeks of winning government.,48,61,stop the boat,IDENTITY_MARKER,NEGATIVE,2025
You cannot come here illegally and stay we will stop the boat within two weeks of winning government.,82,100,winning government,IDENTITY_MARKER,POSITIVE,2025
"And we will stop dangerous organisations with links to terrorism operating in our country, quite why we have been so gutless about this, both Conservative and Labour, I do not know.",4,6,we,PRONOUN,POSITIVE,2025
"And we will stop dangerous organisations with links to terrorism operating in our country, quite why we have been so gutless about this, both Conservative and Labour, I do not know.",17,64,dangerous organisations with links to terrorism,IDENTITY_MARKER,NEGATIVE,2025
"And we will stop dangerous organisations with links to terrorism operating in our country, quite why we have been so gutless about this, both Conservative and Labour, I do not know.",78,89,our country,IDENTITY_MARKER,POSITIVE,2025
"And we will stop dangerous organisations with links to terrorism operating in our country, quite why we have been so gutless about this, both Conservative and Labour, I do not know.",101,103,we,PRONOUN,NEGATIVE,2025
"And we will stop dangerous organisations with links to terrorism operating in our country, quite why we have been so gutless about this, both Conservative and Labour, I do not know.",114,124,so gutless,IDENTITY_MARKER,NEGATIVE,2025
"And we will stop dangerous organisations with links to terrorism operating in our country, quite why we have been so gutless about this, both Conservative and Labour, I do not know.",131,135,this,IDENTITY_MARKER,NEGATIVE,2025
"And we will stop dangerous organisations with links to terrorism operating in our country, quite why we have been so gutless about this, both Conservative and Labour, I do not know.",137,165,both Conservative and Labour,IDENTITY_MARKER,NEGATIVE,2025
All across the Middle East countries have banned and proscribed the Muslim Brotherhood as a dangerous organization.,0,36,All across the Middle East countries,IDENTITY_MARKER,NEUTRAL,2025
All across the Middle East countries have banned and proscribed the Muslim Brotherhood as a dangerous organization.,64,86,the Muslim Brotherhood,IDENTITY_MARKER,NEGATIVE,2025
All across the Middle East countries have banned and proscribed the Muslim Brotherhood as a dangerous organization.,90,114,a dangerous organization,IDENTITY_MARKER,NEGATIVE,2025
We will do the very same.,0,2,We,PRONOUN,POSITIVE,2025
We will do the very same.,11,24,the very same,IDENTITY_MARKER,POSITIVE,2025
And we will make Britain more prosperous again.,4,6,we,PRONOUN,POSITIVE,2025
And we will make Britain more prosperous again.,17,24,Britain,IDENTITY_MARKER,POSITIVE,2025
And we will make Britain more prosperous again.,25,40,more prosperous,IDENTITY_MARKER,POSITIVE,2025
"Our energy policy, led by red Ed, is a complete and utter disaster.",0,17,Our energy policy,IDENTITY_MARKER,NEGATIVE,2025
"Our energy policy, led by red Ed, is a complete and utter disaster.",26,32,red Ed,IDENTITY_MARKER,NEGATIVE,2025
"Our energy policy, led by red Ed, is a complete and utter disaster.",39,66,complete and utter disaster,IDENTITY_MARKER,NEGATIVE,2025
"It's all well and good for Kemi Badenoch to say drill, baby drill.",0,2,It,PRONOUN,NEUTRAL,2025
"It's all well and good for Kemi Badenoch to say drill, baby drill.",27,40,Kemi Badenoch,IDENTITY_MARKER,NEUTRAL,2025
"It's all well and good for Kemi Badenoch to say drill, baby drill.",48,65,"drill, baby drill",IDENTITY_MARKER,NEUTRAL,2025
Who was it that put 75% super taxes on North Sea exploration?,0,3,Who,IDENTITY_MARKER,NEUTRAL,2025
Who was it that put 75% super taxes on North Sea exploration?,20,35,75% super taxes,IDENTITY_MARKER,NEGATIVE,2025
Who was it that put 75% super taxes on North Sea exploration?,39,60,North Sea exploration,IDENTITY_MARKER,POSITIVE,2025
Who was it that committed Net Zero to law in this country?,0,3,Who,IDENTITY_MARKER,NEUTRAL,2025
Who was it that committed Net Zero to law in this country?,26,34,Net Zero,IDENTITY_MARKER,NEGATIVE,2025
Who was it that committed Net Zero to law in this country?,38,41,law,IDENTITY_MARKER,NEUTRAL,2025
Who was it that committed Net Zero to law in this country?,45,57,this country,IDENTITY_MARKER,NEUTRAL,2025
"They should not be believed, they should not be listened to.",0,4,They,PRONOUN,NEGATIVE,2025
"They should not be believed, they should not be listened to.",29,33,they,PRONOUN,NEGATIVE,2025
"We will scrap ridiculous, harmful, wasteful, Net Zero policies.",0,2,We,PRONOUN,POSITIVE,2025
"We will scrap ridiculous, harmful, wasteful, Net Zero policies.",14,62,"ridiculous, harmful, wasteful, Net Zero policies",IDENTITY_MARKER,NEGATIVE,2025
We will start producing our own oil and gas.,0,2,We,PRONOUN,POSITIVE,2025
We will start producing our own oil and gas.,24,43,our own oil and gas,IDENTITY_MARKER,POSITIVE,2025
"We will end, we will end the full subsidies for renewable energy, which has been going on your bills for years, yet no one told you.",0,2,We,PRONOUN,POSITIVE,2025
"We will end, we will end the full subsidies for renewable energy, which has been going on your bills for years, yet no one told you.",13,15,we,PRONOUN,POSITIVE,2025
"We will end, we will end the full subsidies for renewable energy, which has been going on your bills for years, yet no one told you.",25,43,the full subsidies,IDENTITY_MARKER,NEGATIVE,2025
"We will end, we will end the full subsidies for renewable energy, which has been going on your bills for years, yet no one told you.",48,64,renewable energy,IDENTITY_MARKER,NEGATIVE,2025
"We will end, we will end the full subsidies for renewable energy, which has been going on your bills for years, yet no one told you.",90,100,your bills,IDENTITY_MARKER,POSITIVE,2025
"We will end, we will end the full subsidies for renewable energy, which has been going on your bills for years, yet no one told you.",116,122,no one,IDENTITY_MARKER,NEGATIVE,2025
"We will end, we will end the full subsidies for renewable energy, which has been going on your bills for years, yet no one told you.",128,131,you,PRONOUN,POSITIVE,2025
We will end Britain being the most expensive country in the world for industrial energy.,0,2,We,PRONOUN,POSITIVE,2025
We will end Britain being the most expensive country in the world for industrial energy.,12,19,Britain,IDENTITY_MARKER,NEUTRAL,2025
We will end Britain being the most expensive country in the world for industrial energy.,26,65,the most expensive country in the world,IDENTITY_MARKER,NEGATIVE,2025
We will end Britain being the most expensive country in the world for industrial energy.,70,87,industrial energy,IDENTITY_MARKER,NEUTRAL,2025
"We will bring cheap energy, and we will do our utmost to re industrialise Britain, to start making things here that we want and we need.",0,2,We,PRONOUN,POSITIVE,2025
"We will bring cheap energy, and we will do our utmost to re industrialise Britain, to start making things here that we want and we need.",14,26,cheap energy,IDENTITY_MARKER,POSITIVE,2025
"We will bring cheap energy, and we will do our utmost to re industrialise Britain, to start making things here that we want and we need.",32,34,we,PRONOUN,POSITIVE,2025
"We will bring cheap energy, and we will do our utmost to re industrialise Britain, to start making things here that we want and we need.",43,53,our utmost,IDENTITY_MARKER,POSITIVE,2025
"We will bring cheap energy, and we will do our utmost to re industrialise Britain, to start making things here that we want and we need.",57,81,re industrialise Britain,IDENTITY_MARKER,POSITIVE,2025
"We will bring cheap energy, and we will do our utmost to re industrialise Britain, to start making things here that we want and we need.",92,105,making things,IDENTITY_MARKER,POSITIVE,2025
"We will bring cheap energy, and we will do our utmost to re industrialise Britain, to start making things here that we want and we need.",116,118,we,PRONOUN,POSITIVE,2025
"We will bring cheap energy, and we will do our utmost to re industrialise Britain, to start making things here that we want and we need.",128,130,we,PRONOUN,POSITIVE,2025
"We will save huge sums of wasted public money, as our DOGE unit has already begun to do in the county councils.",0,2,We,PRONOUN,POSITIVE,2025
"We will save huge sums of wasted public money, as our DOGE unit has already begun to do in the county councils.",13,45,huge sums of wasted public money,IDENTITY_MARKER,NEGATIVE,2025
"We will save huge sums of wasted public money, as our DOGE unit has already begun to do in the county councils.",50,63,our DOGE unit,IDENTITY_MARKER,POSITIVE,2025
"We will save huge sums of wasted public money, as our DOGE unit has already begun to do in the county councils.",91,110,the county councils,IDENTITY_MARKER,NEUTRAL,2025
"We will do that, and we will over the course of the next months, outline some serious cuts to the welfare budget in this country.",0,2,We,PRONOUN,POSITIVE,2025
"We will do that, and we will over the course of the next months, outline some serious cuts to the welfare budget in this country.",11,15,that,IDENTITY_MARKER,POSITIVE,2025
"We will do that, and we will over the course of the next months, outline some serious cuts to the welfare budget in this country.",21,23,we,PRONOUN,POSITIVE,2025
"We will do that, and we will over the course of the next months, outline some serious cuts to the welfare budget in this country.",73,90,some serious cuts,IDENTITY_MARKER,POSITIVE,2025
"We will do that, and we will over the course of the next months, outline some serious cuts to the welfare budget in this country.",94,112,the welfare budget,IDENTITY_MARKER,NEGATIVE,2025
"We will do that, and we will over the course of the next months, outline some serious cuts to the welfare budget in this country.",116,128,this country,IDENTITY_MARKER,POSITIVE,2025
It is not fair.,0,2,It,PRONOUN,NEGATIVE,2025
It is not fair.,6,14,not fair,IDENTITY_MARKER,NEGATIVE,2025
"It is not fair on people that get up with their alarm every morning, go to work and pay their taxes for those that choose a different lifestyle to earn more money than they do.",0,2,It,PRONOUN,NEGATIVE,2025
"It is not fair on people that get up with their alarm every morning, go to work and pay their taxes for those that choose a different lifestyle to earn more money than they do.",6,14,not fair,IDENTITY_MARKER,NEGATIVE,2025
"It is not fair on people that get up with their alarm every morning, go to work and pay their taxes for those that choose a different lifestyle to earn more money than they do.",18,24,people,IDENTITY_MARKER,POSITIVE,2025
"It is not fair on people that get up with their alarm every morning, go to work and pay their taxes for those that choose a different lifestyle to earn more money than they do.",42,53,their alarm,IDENTITY_MARKER,NEUTRAL,2025
"It is not fair on people that get up with their alarm every morning, go to work and pay their taxes for those that choose a different lifestyle to earn more money than they do.",69,79,go to work,IDENTITY_MARKER,POSITIVE,2025
"It is not fair on people that get up with their alarm every morning, go to work and pay their taxes for those that choose a different lifestyle to earn more money than they do.",84,99,pay their taxes,IDENTITY_MARKER,POSITIVE,2025
"It is not fair on people that get up with their alarm every morning, go to work and pay their taxes for those that choose a different lifestyle to earn more money than they do.",104,109,those,IDENTITY_MARKER,NEGATIVE,2025
"It is not fair on people that get up with their alarm every morning, go to work and pay their taxes for those that choose a different lifestyle to earn more money than they do.",115,143,choose a different lifestyle,IDENTITY_MARKER,NEGATIVE,2025
"It is not fair on people that get up with their alarm every morning, go to work and pay their taxes for those that choose a different lifestyle to earn more money than they do.",147,162,earn more money,IDENTITY_MARKER,NEGATIVE,2025
"It is not fair on people that get up with their alarm every morning, go to work and pay their taxes for those that choose a different lifestyle to earn more money than they do.",168,172,they,PRONOUN,POSITIVE,2025
It is morally wrong.,0,2,It,PRONOUN,NEGATIVE,2025
It is morally wrong.,6,19,morally wrong,IDENTITY_MARKER,NEGATIVE,2025
"It is outrageous, and will be the party that backs working people.",0,2,It,PRONOUN,NEGATIVE,2025
"It is outrageous, and will be the party that backs working people.",30,39,the party,IDENTITY_MARKER,POSITIVE,2025
"It is outrageous, and will be the party that backs working people.",51,65,working people,IDENTITY_MARKER,POSITIVE,2025
"And will make London a center for digital assets and crypto currencies, bringing 1000s of jobs and taking us firmly as well as re industrialising into the 21st century technologies.",14,20,London,IDENTITY_MARKER,POSITIVE,2025
"And will make London a center for digital assets and crypto currencies, bringing 1000s of jobs and taking us firmly as well as re industrialising into the 21st century technologies.",21,48,a center for digital assets,IDENTITY_MARKER,POSITIVE,2025
"And will make London a center for digital assets and crypto currencies, bringing 1000s of jobs and taking us firmly as well as re industrialising into the 21st century technologies.",53,70,crypto currencies,IDENTITY_MARKER,POSITIVE,2025
"And will make London a center for digital assets and crypto currencies, bringing 1000s of jobs and taking us firmly as well as re industrialising into the 21st century technologies.",81,94,1000s of jobs,IDENTITY_MARKER,POSITIVE,2025
"And will make London a center for digital assets and crypto currencies, bringing 1000s of jobs and taking us firmly as well as re industrialising into the 21st century technologies.",106,108,us,PRONOUN,POSITIVE,2025
"And will make London a center for digital assets and crypto currencies, bringing 1000s of jobs and taking us firmly as well as re industrialising into the 21st century technologies.",127,145,re industrialising,IDENTITY_MARKER,POSITIVE,2025
"And will make London a center for digital assets and crypto currencies, bringing 1000s of jobs and taking us firmly as well as re industrialising into the 21st century technologies.",151,180,the 21st century technologies,IDENTITY_MARKER,NEUTRAL,2025
But you cannot do that without lots of cheap energy.,4,7,you,PRONOUN,NEUTRAL,2025
But you cannot do that without lots of cheap energy.,18,22,that,IDENTITY_MARKER,NEUTRAL,2025
But you cannot do that without lots of cheap energy.,31,51,lots of cheap energy,IDENTITY_MARKER,POSITIVE,2025
We are literally betraying anyone in Britain that wants to be part of the modern digital age.,0,2,We,PRONOUN,NEGATIVE,2025
We are literally betraying anyone in Britain that wants to be part of the modern digital age.,27,44,anyone in Britain,IDENTITY_MARKER,POSITIVE,2025
We are literally betraying anyone in Britain that wants to be part of the modern digital age.,70,92,the modern digital age,IDENTITY_MARKER,POSITIVE,2025
"And we'll end this disastrous exodus, the rich are leaving.",4,6,we,PRONOUN,POSITIVE,2025
"And we'll end this disastrous exodus, the rich are leaving.",14,36,this disastrous exodus,IDENTITY_MARKER,NEGATIVE,2025
"And we'll end this disastrous exodus, the rich are leaving.",38,46,the rich,IDENTITY_MARKER,POSITIVE,2025
"And we'll end this disastrous exodus, the rich are leaving.",51,58,leaving,IDENTITY_MARKER,NEGATIVE,2025
"Some people think that is fine, but if the rich leave, if the biggest taxpayers leave, it means everybody else has to pay more.",0,11,Some people,IDENTITY_MARKER,NEGATIVE,2025
"Some people think that is fine, but if the rich leave, if the biggest taxpayers leave, it means everybody else has to pay more.",18,22,that,IDENTITY_MARKER,NEGATIVE,2025
"Some people think that is fine, but if the rich leave, if the biggest taxpayers leave, it means everybody else has to pay more.",39,47,the rich,IDENTITY_MARKER,POSITIVE,2025
"Some people think that is fine, but if the rich leave, if the biggest taxpayers leave, it means everybody else has to pay more.",58,85,the biggest taxpayers leave,IDENTITY_MARKER,POSITIVE,2025
"Some people think that is fine, but if the rich leave, if the biggest taxpayers leave, it means everybody else has to pay more.",87,89,it,PRONOUN,NEGATIVE,2025
"Some people think that is fine, but if the rich leave, if the biggest taxpayers leave, it means everybody else has to pay more.",96,110,everybody else,IDENTITY_MARKER,POSITIVE,2025
"Some people think that is fine, but if the rich leave, if the biggest taxpayers leave, it means everybody else has to pay more.",118,126,pay more,IDENTITY_MARKER,NEGATIVE,2025
It doesn't make any sense.,0,2,It,PRONOUN,NEGATIVE,2025
"The politics of envy has never, ever worked.",0,20,The politics of envy,IDENTITY_MARKER,NEGATIVE,2025
"I don't want big taxpayers to leave, but equally, I don't want the young and the ambitious to leave, and they're leaving in droves.",13,26,big taxpayers,IDENTITY_MARKER,POSITIVE,2025
"I don't want big taxpayers to leave, but equally, I don't want the young and the ambitious to leave, and they're leaving in droves.",30,35,leave,IDENTITY_MARKER,NEGATIVE,2025
"I don't want big taxpayers to leave, but equally, I don't want the young and the ambitious to leave, and they're leaving in droves.",63,72,the young,IDENTITY_MARKER,POSITIVE,2025
"I don't want big taxpayers to leave, but equally, I don't want the young and the ambitious to leave, and they're leaving in droves.",77,90,the ambitious,IDENTITY_MARKER,POSITIVE,2025
"I don't want big taxpayers to leave, but equally, I don't want the young and the ambitious to leave, and they're leaving in droves.",94,99,leave,IDENTITY_MARKER,NEGATIVE,2025
"I don't want big taxpayers to leave, but equally, I don't want the young and the ambitious to leave, and they're leaving in droves.",105,109,they,PRONOUN,POSITIVE,2025
"I don't want big taxpayers to leave, but equally, I don't want the young and the ambitious to leave, and they're leaving in droves.",113,130,leaving in droves,IDENTITY_MARKER,NEGATIVE,2025
"So we will make sure that people come back and see us as a place to be, and let's start teaching kids at school trades and services.",3,5,we,PRONOUN,POSITIVE,2025
"So we will make sure that people come back and see us as a place to be, and let's start teaching kids at school trades and services.",26,32,people,IDENTITY_MARKER,POSITIVE,2025
"So we will make sure that people come back and see us as a place to be, and let's start teaching kids at school trades and services.",51,53,us,PRONOUN,POSITIVE,2025
"So we will make sure that people come back and see us as a place to be, and let's start teaching kids at school trades and services.",57,70,a place to be,IDENTITY_MARKER,POSITIVE,2025
"So we will make sure that people come back and see us as a place to be, and let's start teaching kids at school trades and services.",97,111,kids at school,IDENTITY_MARKER,NEUTRAL,2025
"So we will make sure that people come back and see us as a place to be, and let's start teaching kids at school trades and services.",112,118,trades,IDENTITY_MARKER,POSITIVE,2025
"So we will make sure that people come back and see us as a place to be, and let's start teaching kids at school trades and services.",123,131,services,IDENTITY_MARKER,POSITIVE,2025
"You know, the one thing, the one thing that AI will not replace is the local plumber.",0,3,You,PRONOUN,POSITIVE,2025
"You know, the one thing, the one thing that AI will not replace is the local plumber.",10,23,the one thing,IDENTITY_MARKER,NEUTRAL,2025
"You know, the one thing, the one thing that AI will not replace is the local plumber.",25,38,the one thing,IDENTITY_MARKER,NEUTRAL,2025
"You know, the one thing, the one thing that AI will not replace is the local plumber.",44,46,AI,IDENTITY_MARKER,NEGATIVE,2025
"You know, the one thing, the one thing that AI will not replace is the local plumber.",67,84,the local plumber,IDENTITY_MARKER,POSITIVE,2025
They're going to make a fortune in the years to come.,0,4,They,PRONOUN,POSITIVE,2025
They're going to make a fortune in the years to come.,22,31,a fortune,IDENTITY_MARKER,POSITIVE,2025
"In fact, looking at the bills, I suspect some of them are already but most of all, we need to make Britain proud again.",20,29,the bills,IDENTITY_MARKER,NEUTRAL,2025
"In fact, looking at the bills, I suspect some of them are already but most of all, we need to make Britain proud again.",41,53,some of them,IDENTITY_MARKER,NEUTRAL,2025
"In fact, looking at the bills, I suspect some of them are already but most of all, we need to make Britain proud again.",83,85,we,PRONOUN,POSITIVE,2025
"In fact, looking at the bills, I suspect some of them are already but most of all, we need to make Britain proud again.",94,112,make Britain proud,IDENTITY_MARKER,POSITIVE,2025
We've lost our sense of who we are.,0,2,We,PRONOUN,NEGATIVE,2025
We've lost our sense of who we are.,11,20,our sense,IDENTITY_MARKER,POSITIVE,2025
We've lost our sense of who we are.,24,34,who we are,IDENTITY_MARKER,POSITIVE,2025
"We refuse to acknowledge publicly the Judeo-Christian culture and heritage that we have, and that and that underpins everything that we are.",0,2,We,PRONOUN,NEGATIVE,2025
"We refuse to acknowledge publicly the Judeo-Christian culture and heritage that we have, and that and that underpins everything that we are.",34,74,the Judeo-Christian culture and heritage,IDENTITY_MARKER,POSITIVE,2025
"We refuse to acknowledge publicly the Judeo-Christian culture and heritage that we have, and that and that underpins everything that we are.",80,82,we,PRONOUN,POSITIVE,2025
"We refuse to acknowledge publicly the Judeo-Christian culture and heritage that we have, and that and that underpins everything that we are.",93,97,that,IDENTITY_MARKER,POSITIVE,2025
"We refuse to acknowledge publicly the Judeo-Christian culture and heritage that we have, and that and that underpins everything that we are.",102,106,that,IDENTITY_MARKER,POSITIVE,2025
"We refuse to acknowledge publicly the Judeo-Christian culture and heritage that we have, and that and that underpins everything that we are.",117,139,everything that we are,IDENTITY_MARKER,POSITIVE,2025
We refuse to have our kids minds poisoned in schools and universities with a twisted interpretation of the history of these amazing islands.,0,2,We,PRONOUN,POSITIVE,2025
We refuse to have our kids minds poisoned in schools and universities with a twisted interpretation of the history of these amazing islands.,18,32,our kids minds,IDENTITY_MARKER,POSITIVE,2025
We refuse to have our kids minds poisoned in schools and universities with a twisted interpretation of the history of these amazing islands.,45,52,schools,IDENTITY_MARKER,NEGATIVE,2025
We refuse to have our kids minds poisoned in schools and universities with a twisted interpretation of the history of these amazing islands.,57,69,universities,IDENTITY_MARKER,NEGATIVE,2025
We refuse to have our kids minds poisoned in schools and universities with a twisted interpretation of the history of these amazing islands.,75,114,a twisted interpretation of the history,IDENTITY_MARKER,NEGATIVE,2025
We refuse to have our kids minds poisoned in schools and universities with a twisted interpretation of the history of these amazing islands.,118,139,these amazing islands,IDENTITY_MARKER,POSITIVE,2025
We will not stand for it.,0,2,We,PRONOUN,POSITIVE,2025
We will not stand for it.,22,24,it,PRONOUN,NEGATIVE,2025
"We will police the streets and not the tweets, and change all of that legislation that is damaging our rights so very, very much.",0,2,We,PRONOUN,POSITIVE,2025
"We will police the streets and not the tweets, and change all of that legislation that is damaging our rights so very, very much.",15,26,the streets,IDENTITY_MARKER,POSITIVE,2025
"We will police the streets and not the tweets, and change all of that legislation that is damaging our rights so very, very much.",35,45,the tweets,IDENTITY_MARKER,NEGATIVE,2025
"We will police the streets and not the tweets, and change all of that legislation that is damaging our rights so very, very much.",65,81,that legislation,IDENTITY_MARKER,NEGATIVE,2025
"We will police the streets and not the tweets, and change all of that legislation that is damaging our rights so very, very much.",99,109,our rights,IDENTITY_MARKER,POSITIVE,2025
"And we will respect our armed forces, and in particular, our veterans, those who served in Northern Ireland and elsewhere, being hounded for things that happened 50 years ago that will end Now I've laid out, I've laid out just some of our and I don't apologise at all for the breadth of our ambition, because that's what this country needs.",4,6,we,PRONOUN,POSITIVE,2025
"And we will respect our armed forces, and in particular, our veterans, those who served in Northern Ireland and elsewhere, being hounded for things that happened 50 years ago that will end Now I've laid out, I've laid out just some of our and I don't apologise at all for the breadth of our ambition, because that's what this country needs.",20,36,our armed forces,IDENTITY_MARKER,POSITIVE,2025
"And we will respect our armed forces, and in particular, our veterans, those who served in Northern Ireland and elsewhere, being hounded for things that happened 50 years ago that will end Now I've laid out, I've laid out just some of our and I don't apologise at all for the breadth of our ambition, because that's what this country needs.",57,69,our veterans,IDENTITY_MARKER,POSITIVE,2025
"And we will respect our armed forces, and in particular, our veterans, those who served in Northern Ireland and elsewhere, being hounded for things that happened 50 years ago that will end Now I've laid out, I've laid out just some of our and I don't apologise at all for the breadth of our ambition, because that's what this country needs.",71,121,those who served in Northern Ireland and elsewhere,IDENTITY_MARKER,POSITIVE,2025
"And we will respect our armed forces, and in particular, our veterans, those who served in Northern Ireland and elsewhere, being hounded for things that happened 50 years ago that will end Now I've laid out, I've laid out just some of our and I don't apologise at all for the breadth of our ambition, because that's what this country needs.",235,238,our,PRONOUN,NEUTRAL,2025
"And we will respect our armed forces, and in particular, our veterans, those who served in Northern Ireland and elsewhere, being hounded for things that happened 50 years ago that will end Now I've laid out, I've laid out just some of our and I don't apologise at all for the breadth of our ambition, because that's what this country needs.",272,299,the breadth of our ambition,IDENTITY_MARKER,POSITIVE,2025
"And we will respect our armed forces, and in particular, our veterans, those who served in Northern Ireland and elsewhere, being hounded for things that happened 50 years ago that will end Now I've laid out, I've laid out just some of our and I don't apologise at all for the breadth of our ambition, because that's what this country needs.",321,333,this country,IDENTITY_MARKER,POSITIVE,2025
It needs hope.,0,2,It,PRONOUN,POSITIVE,2025
It needs hope.,9,13,hope,IDENTITY_MARKER,POSITIVE,2025
It needs belief.,0,2,It,PRONOUN,POSITIVE,2025
It needs belief.,9,15,belief,IDENTITY_MARKER,POSITIVE,2025
It needs to smile again.,0,2,It,PRONOUN,POSITIVE,2025
It needs to smile again.,12,23,smile again,IDENTITY_MARKER,POSITIVE,2025
It needs to believe in who we are and that we can have a great future if we turn these things around.,0,2,It,PRONOUN,POSITIVE,2025
It needs to believe in who we are and that we can have a great future if we turn these things around.,23,33,who we are,IDENTITY_MARKER,POSITIVE,2025
It needs to believe in who we are and that we can have a great future if we turn these things around.,43,45,we,PRONOUN,POSITIVE,2025
It needs to believe in who we are and that we can have a great future if we turn these things around.,55,69,a great future,IDENTITY_MARKER,POSITIVE,2025
It needs to believe in who we are and that we can have a great future if we turn these things around.,73,75,we,PRONOUN,POSITIVE,2025
It needs to believe in who we are and that we can have a great future if we turn these things around.,81,93,these things,IDENTITY_MARKER,NEGATIVE,2025
"And I'm going, in order to get all these policies brought together under one roof, and it's a massive workload, I'm going to ask Zia Yusuf, from this day to be our Head of Policy, to bring all of this together.",35,49,these policies,IDENTITY_MARKER,NEUTRAL,2025
"And I'm going, in order to get all these policies brought together under one roof, and it's a massive workload, I'm going to ask Zia Yusuf, from this day to be our Head of Policy, to bring all of this together.",67,81,under one roof,IDENTITY_MARKER,POSITIVE,2025
"And I'm going, in order to get all these policies brought together under one roof, and it's a massive workload, I'm going to ask Zia Yusuf, from this day to be our Head of Policy, to bring all of this together.",92,110,a massive workload,IDENTITY_MARKER,NEGATIVE,2025
"And I'm going, in order to get all these policies brought together under one roof, and it's a massive workload, I'm going to ask Zia Yusuf, from this day to be our Head of Policy, to bring all of this together.",129,138,Zia Yusuf,IDENTITY_MARKER,POSITIVE,2025
"And I'm going, in order to get all these policies brought together under one roof, and it's a massive workload, I'm going to ask Zia Yusuf, from this day to be our Head of Policy, to bring all of this together.",160,178,our Head of Policy,IDENTITY_MARKER,POSITIVE,2025
"And I'm going, in order to get all these policies brought together under one roof, and it's a massive workload, I'm going to ask Zia Yusuf, from this day to be our Head of Policy, to bring all of this together.",189,200,all of this,IDENTITY_MARKER,POSITIVE,2025
"And I will in the next few weeks, open up a new department within the party, leaning on the experience that Nadine and others have, and others will come.",42,58,a new department,IDENTITY_MARKER,POSITIVE,2025
"And I will in the next few weeks, open up a new department within the party, leaning on the experience that Nadine and others have, and others will come.",66,75,the party,IDENTITY_MARKER,NEUTRAL,2025
"And I will in the next few weeks, open up a new department within the party, leaning on the experience that Nadine and others have, and others will come.",88,102,the experience,IDENTITY_MARKER,POSITIVE,2025
"And I will in the next few weeks, open up a new department within the party, leaning on the experience that Nadine and others have, and others will come.",108,114,Nadine,IDENTITY_MARKER,POSITIVE,2025
"And I will in the next few weeks, open up a new department within the party, leaning on the experience that Nadine and others have, and others will come.",119,125,others,IDENTITY_MARKER,POSITIVE,2025
"And I will in the next few weeks, open up a new department within the party, leaning on the experience that Nadine and others have, and others will come.",136,142,others,IDENTITY_MARKER,POSITIVE,2025
Others with experience will come.,0,22,Others with experience,IDENTITY_MARKER,POSITIVE,2025
"Don't worry about that, and we will open a Department for Preparing for Government so that when we win, we can hit the ground running.",18,22,that,IDENTITY_MARKER,NEUTRAL,2025
"Don't worry about that, and we will open a Department for Preparing for Government so that when we win, we can hit the ground running.",28,30,we,PRONOUN,POSITIVE,2025
"Don't worry about that, and we will open a Department for Preparing for Government so that when we win, we can hit the ground running.",41,82,a Department for Preparing for Government,IDENTITY_MARKER,POSITIVE,2025
"Don't worry about that, and we will open a Department for Preparing for Government so that when we win, we can hit the ground running.",96,98,we,PRONOUN,POSITIVE,2025
"Don't worry about that, and we will open a Department for Preparing for Government so that when we win, we can hit the ground running.",104,106,we,PRONOUN,POSITIVE,2025
"Don't worry about that, and we will open a Department for Preparing for Government so that when we win, we can hit the ground running.",111,133,hit the ground running,IDENTITY_MARKER,POSITIVE,2025
"I promised you a year ago, I would professionalise the party.",11,14,you,PRONOUN,POSITIVE,2025
"I promised you a year ago, I would professionalise the party.",35,60,professionalise the party,IDENTITY_MARKER,POSITIVE,2025
Have a look around you.,19,22,you,PRONOUN,NEUTRAL,2025
"Have a look at this conference, having our team done just the most amazing job.",15,30,this conference,IDENTITY_MARKER,POSITIVE,2025
"Have a look at this conference, having our team done just the most amazing job.",39,47,our team,IDENTITY_MARKER,POSITIVE,2025
"Have a look at this conference, having our team done just the most amazing job.",58,78,the most amazing job,IDENTITY_MARKER,POSITIVE,2025
I promised you I would democratise the party.,11,14,you,PRONOUN,POSITIVE,2025
I promised you I would democratise the party.,35,44,the party,IDENTITY_MARKER,NEUTRAL,2025
"I think the fact that 70,000 of you voted for our new board members was an incredible show that you believe in the party you wanted this democratisation.",22,35,"70,000 of you",IDENTITY_MARKER,POSITIVE,2025
"I think the fact that 70,000 of you voted for our new board members was an incredible show that you believe in the party you wanted this democratisation.",46,67,our new board members,IDENTITY_MARKER,POSITIVE,2025
"I think the fact that 70,000 of you voted for our new board members was an incredible show that you believe in the party you wanted this democratisation.",72,90,an incredible show,IDENTITY_MARKER,POSITIVE,2025
"I think the fact that 70,000 of you voted for our new board members was an incredible show that you believe in the party you wanted this democratisation.",96,99,you,PRONOUN,POSITIVE,2025
"I think the fact that 70,000 of you voted for our new board members was an incredible show that you believe in the party you wanted this democratisation.",111,120,the party,IDENTITY_MARKER,POSITIVE,2025
"I think the fact that 70,000 of you voted for our new board members was an incredible show that you believe in the party you wanted this democratisation.",121,124,you,PRONOUN,POSITIVE,2025
"I think the fact that 70,000 of you voted for our new board members was an incredible show that you believe in the party you wanted this democratisation.",132,152,this democratisation,IDENTITY_MARKER,POSITIVE,2025
And all I can do is to promise you that I will give this everything.,31,34,you,PRONOUN,POSITIVE,2025
And all I can do is to promise you that I will give this everything.,52,56,this,IDENTITY_MARKER,POSITIVE,2025
I will give this absolutely everything that I've got.,12,16,this,IDENTITY_MARKER,POSITIVE,2025
No one cares more about the state of this country than I do.,0,6,No one,IDENTITY_MARKER,NEUTRAL,2025
No one cares more about the state of this country than I do.,24,49,the state of this country,IDENTITY_MARKER,POSITIVE,2025
I am determined to do something about it.,22,31,something,IDENTITY_MARKER,POSITIVE,2025
I am determined to do something about it.,38,40,it,PRONOUN,NEUTRAL,2025
"I came out last year, out of retirement to try and lead a movement that would get our country back.",22,39,out of retirement,IDENTITY_MARKER,POSITIVE,2025
"I came out last year, out of retirement to try and lead a movement that would get our country back.",56,66,a movement,IDENTITY_MARKER,POSITIVE,2025
"I came out last year, out of retirement to try and lead a movement that would get our country back.",82,93,our country,IDENTITY_MARKER,POSITIVE,2025
I think we're on track.,8,10,we,PRONOUN,POSITIVE,2025
I think we're on track.,14,22,on track,IDENTITY_MARKER,POSITIVE,2025
I think we're on our way.,8,10,we,PRONOUN,POSITIVE,2025
I think we're on our way.,17,24,our way,IDENTITY_MARKER,POSITIVE,2025
"I'm proud to lead this party, and I'm proud of you for the amazing contribution you've made to our success over the next year.",18,28,this party,IDENTITY_MARKER,POSITIVE,2025
"I'm proud to lead this party, and I'm proud of you for the amazing contribution you've made to our success over the next year.",47,50,you,PRONOUN,POSITIVE,2025
"I'm proud to lead this party, and I'm proud of you for the amazing contribution you've made to our success over the next year.",55,79,the amazing contribution,IDENTITY_MARKER,POSITIVE,2025
"I'm proud to lead this party, and I'm proud of you for the amazing contribution you've made to our success over the next year.",80,83,you,PRONOUN,POSITIVE,2025
"I'm proud to lead this party, and I'm proud of you for the amazing contribution you've made to our success over the next year.",95,106,our success,IDENTITY_MARKER,POSITIVE,2025
"But I tell you what, folks, that was just the beginning.",11,14,you,PRONOUN,POSITIVE,2025
"But I tell you what, folks, that was just the beginning.",21,26,folks,IDENTITY_MARKER,NEUTRAL,2025
"But I tell you what, folks, that was just the beginning.",42,55,the beginning,IDENTITY_MARKER,POSITIVE,2025
"Wow, just give me a second, just give me a second, do you like them?",54,57,you,PRONOUN,NEUTRAL,2024
"Wow, just give me a second, just give me a second, do you like them?",63,67,them,PRONOUN,NEUTRAL,2024
"Very expensive, expensive but guess what I bought them myself!",50,54,them,PRONOUN,NEUTRAL,2024
How about that!,,,,,,2024
"Wow, I got to tell you the energy, the optimism, the enthusiasm that we've got in this room is not something that could be replicated by any other political party in this country and indeed I wonder whether there's ever been a Party Conference in this country with this level of energy and fun?",19,22,you,PRONOUN,NEUTRAL,2024
"Wow, I got to tell you the energy, the optimism, the enthusiasm that we've got in this room is not something that could be replicated by any other political party in this country and indeed I wonder whether there's ever been a Party Conference in this country with this level of energy and fun?",23,33,the energy,IDENTITY_MARKER,POSITIVE,2024
"Wow, I got to tell you the energy, the optimism, the enthusiasm that we've got in this room is not something that could be replicated by any other political party in this country and indeed I wonder whether there's ever been a Party Conference in this country with this level of energy and fun?",35,47,the optimism,IDENTITY_MARKER,POSITIVE,2024
"Wow, I got to tell you the energy, the optimism, the enthusiasm that we've got in this room is not something that could be replicated by any other political party in this country and indeed I wonder whether there's ever been a Party Conference in this country with this level of energy and fun?",49,63,the enthusiasm,IDENTITY_MARKER,POSITIVE,2024
"Wow, I got to tell you the energy, the optimism, the enthusiasm that we've got in this room is not something that could be replicated by any other political party in this country and indeed I wonder whether there's ever been a Party Conference in this country with this level of energy and fun?",69,71,we,PRONOUN,POSITIVE,2024
"Wow, I got to tell you the energy, the optimism, the enthusiasm that we've got in this room is not something that could be replicated by any other political party in this country and indeed I wonder whether there's ever been a Party Conference in this country with this level of energy and fun?",82,91,this room,IDENTITY_MARKER,NEUTRAL,2024
"Wow, I got to tell you the energy, the optimism, the enthusiasm that we've got in this room is not something that could be replicated by any other political party in this country and indeed I wonder whether there's ever been a Party Conference in this country with this level of energy and fun?",137,178,any other political party in this country,IDENTITY_MARKER,NEGATIVE,2024
"Wow, I got to tell you the energy, the optimism, the enthusiasm that we've got in this room is not something that could be replicated by any other political party in this country and indeed I wonder whether there's ever been a Party Conference in this country with this level of energy and fun?",225,259,a Party Conference in this country,IDENTITY_MARKER,NEUTRAL,2024
"Wow, I got to tell you the energy, the optimism, the enthusiasm that we've got in this room is not something that could be replicated by any other political party in this country and indeed I wonder whether there's ever been a Party Conference in this country with this level of energy and fun?",265,293,this level of energy and fun,IDENTITY_MARKER,POSITIVE,2024
"Thank you so much, all of you for coming along and supporting us.",6,9,you,PRONOUN,POSITIVE,2024
"Thank you so much, all of you for coming along and supporting us.",19,29,all of you,IDENTITY_MARKER,POSITIVE,2024
"Thank you so much, all of you for coming along and supporting us.",62,64,us,PRONOUN,POSITIVE,2024
"So, it was the middle of May, end of May this year and my life was going pretty well.",55,62,my life,IDENTITY_MARKER,POSITIVE,2024
"I'd just had a big 60th birthday, I'm in not bad health which is down to clean living, great job four nights a week at GB News which I was loving, just been voted news presenter of the year for the second year in a row and I had not one but two grandchildren on the way, the first of whom I'm delighted to say was born on June the 23rd, Brexit day how about that!",73,85,clean living,IDENTITY_MARKER,POSITIVE,2024
"I'd just had a big 60th birthday, I'm in not bad health which is down to clean living, great job four nights a week at GB News which I was loving, just been voted news presenter of the year for the second year in a row and I had not one but two grandchildren on the way, the first of whom I'm delighted to say was born on June the 23rd, Brexit day how about that!",119,126,GB News,IDENTITY_MARKER,POSITIVE,2024
"I'd just had a big 60th birthday, I'm in not bad health which is down to clean living, great job four nights a week at GB News which I was loving, just been voted news presenter of the year for the second year in a row and I had not one but two grandchildren on the way, the first of whom I'm delighted to say was born on June the 23rd, Brexit day how about that!",163,189,news presenter of the year,IDENTITY_MARKER,POSITIVE,2024
"I'd just had a big 60th birthday, I'm in not bad health which is down to clean living, great job four nights a week at GB News which I was loving, just been voted news presenter of the year for the second year in a row and I had not one but two grandchildren on the way, the first of whom I'm delighted to say was born on June the 23rd, Brexit day how about that!",241,258,two grandchildren,IDENTITY_MARKER,POSITIVE,2024
"I'd just had a big 60th birthday, I'm in not bad health which is down to clean living, great job four nights a week at GB News which I was loving, just been voted news presenter of the year for the second year in a row and I had not one but two grandchildren on the way, the first of whom I'm delighted to say was born on June the 23rd, Brexit day how about that!",271,288,the first of whom,IDENTITY_MARKER,NEUTRAL,2024
"I'd just had a big 60th birthday, I'm in not bad health which is down to clean living, great job four nights a week at GB News which I was loving, just been voted news presenter of the year for the second year in a row and I had not one but two grandchildren on the way, the first of whom I'm delighted to say was born on June the 23rd, Brexit day how about that!",337,347,Brexit day,IDENTITY_MARKER,POSITIVE,2024
"So, I was doing well, making money, no pressure, no stress, no abuse from the Press, life couldn't have been better.",74,83,the Press,IDENTITY_MARKER,NEGATIVE,2024
And then Rishi Sunak calls a snap general election and I think to myself given the short time period is there anything I can do and actually would I want to do it?,9,20,Rishi Sunak,IDENTITY_MARKER,NEUTRAL,2024
And then Rishi Sunak calls a snap general election and I think to myself given the short time period is there anything I can do and actually would I want to do it?,27,50,a snap general election,IDENTITY_MARKER,NEUTRAL,2024
And then Rishi Sunak calls a snap general election and I think to myself given the short time period is there anything I can do and actually would I want to do it?,160,162,it,PRONOUN,NEUTRAL,2024
"Would I want to give up a really comfortable easy life and one that involved weekends off, would I want to give it up and would it be possible in such a short time frame?",24,54,a really comfortable easy life,IDENTITY_MARKER,POSITIVE,2024
"Would I want to give up a really comfortable easy life and one that involved weekends off, would I want to give it up and would it be possible in such a short time frame?",112,114,it,PRONOUN,POSITIVE,2024
"Would I want to give up a really comfortable easy life and one that involved weekends off, would I want to give it up and would it be possible in such a short time frame?",128,130,it,PRONOUN,NEUTRAL,2024
"Well I thought to myself, we've just had 14 years of Conservative government and the last few years since Boris won in 2019 has been one of a complete breach of trust with the British public on a truly historic scale.",26,28,we,PRONOUN,POSITIVE,2024
"Well I thought to myself, we've just had 14 years of Conservative government and the last few years since Boris won in 2019 has been one of a complete breach of trust with the British public on a truly historic scale.",41,76,14 years of Conservative government,IDENTITY_MARKER,NEGATIVE,2024
"Well I thought to myself, we've just had 14 years of Conservative government and the last few years since Boris won in 2019 has been one of a complete breach of trust with the British public on a truly historic scale.",106,111,Boris,IDENTITY_MARKER,NEGATIVE,2024
"Well I thought to myself, we've just had 14 years of Conservative government and the last few years since Boris won in 2019 has been one of a complete breach of trust with the British public on a truly historic scale.",140,166,a complete breach of trust,IDENTITY_MARKER,NEGATIVE,2024
"Well I thought to myself, we've just had 14 years of Conservative government and the last few years since Boris won in 2019 has been one of a complete breach of trust with the British public on a truly historic scale.",172,190,the British public,IDENTITY_MARKER,POSITIVE,2024
"I felt, I was upset about it for the damage it does to democracy but also upset about it, because don't forget, I stood aside in that 2019 general election because we wanted to get Brexit over the line.",26,28,it,PRONOUN,NEGATIVE,2024
"I felt, I was upset about it for the damage it does to democracy but also upset about it, because don't forget, I stood aside in that 2019 general election because we wanted to get Brexit over the line.",55,64,democracy,IDENTITY_MARKER,POSITIVE,2024
"I felt, I was upset about it for the damage it does to democracy but also upset about it, because don't forget, I stood aside in that 2019 general election because we wanted to get Brexit over the line.",86,88,it,PRONOUN,NEGATIVE,2024
"I felt, I was upset about it for the damage it does to democracy but also upset about it, because don't forget, I stood aside in that 2019 general election because we wanted to get Brexit over the line.",129,155,that 2019 general election,IDENTITY_MARKER,NEUTRAL,2024
"I felt, I was upset about it for the damage it does to democracy but also upset about it, because don't forget, I stood aside in that 2019 general election because we wanted to get Brexit over the line.",164,166,we,PRONOUN,POSITIVE,2024
"I felt, I was upset about it for the damage it does to democracy but also upset about it, because don't forget, I stood aside in that 2019 general election because we wanted to get Brexit over the line.",181,187,Brexit,IDENTITY_MARKER,POSITIVE,2024
"After all those years of agony and struggle and I thought well, we have left, but have we taken back control of our borders?",6,43,all those years of agony and struggle,IDENTITY_MARKER,NEGATIVE,2024
"After all those years of agony and struggle and I thought well, we have left, but have we taken back control of our borders?",64,66,we,PRONOUN,NEUTRAL,2024
"After all those years of agony and struggle and I thought well, we have left, but have we taken back control of our borders?",87,89,we,PRONOUN,NEUTRAL,2024
"After all those years of agony and struggle and I thought well, we have left, but have we taken back control of our borders?",101,123,control of our borders,IDENTITY_MARKER,POSITIVE,2024
Have we given our 5 and a half to six million men and women running their own businesses?,5,7,we,PRONOUN,NEUTRAL,2024
Have we given our 5 and a half to six million men and women running their own businesses?,14,59,our 5 and a half to six million men and women,IDENTITY_MARKER,POSITIVE,2024
Have we given our 5 and a half to six million men and women running their own businesses?,68,88,their own businesses,IDENTITY_MARKER,POSITIVE,2024
Have we deregulated and made their lives easier and better?,5,7,we,PRONOUN,NEUTRAL,2024
Have we deregulated and made their lives easier and better?,29,40,their lives,IDENTITY_MARKER,POSITIVE,2024
"In fact, at almost every level we've been betrayed.",31,33,we,PRONOUN,POSITIVE,2024
"And then I thought about what was happening on our streets, the rise of knife crime, the rise of gun crime, the fear of people even in the smartest parts of London to go out for a drink or dinner and for a man to wear a watch or a woman to wear jewelry.",47,58,our streets,IDENTITY_MARKER,NEUTRAL,2024
"And then I thought about what was happening on our streets, the rise of knife crime, the rise of gun crime, the fear of people even in the smartest parts of London to go out for a drink or dinner and for a man to wear a watch or a woman to wear jewelry.",60,83,the rise of knife crime,IDENTITY_MARKER,NEGATIVE,2024
"And then I thought about what was happening on our streets, the rise of knife crime, the rise of gun crime, the fear of people even in the smartest parts of London to go out for a drink or dinner and for a man to wear a watch or a woman to wear jewelry.",85,106,the rise of gun crime,IDENTITY_MARKER,NEGATIVE,2024
"And then I thought about what was happening on our streets, the rise of knife crime, the rise of gun crime, the fear of people even in the smartest parts of London to go out for a drink or dinner and for a man to wear a watch or a woman to wear jewelry.",108,126,the fear of people,IDENTITY_MARKER,NEGATIVE,2024
"And then I thought about what was happening on our streets, the rise of knife crime, the rise of gun crime, the fear of people even in the smartest parts of London to go out for a drink or dinner and for a man to wear a watch or a woman to wear jewelry.",135,163,the smartest parts of London,IDENTITY_MARKER,NEUTRAL,2024
"And then I thought about what was happening on our streets, the rise of knife crime, the rise of gun crime, the fear of people even in the smartest parts of London to go out for a drink or dinner and for a man to wear a watch or a woman to wear jewelry.",204,209,a man,IDENTITY_MARKER,POSITIVE,2024
"And then I thought about what was happening on our streets, the rise of knife crime, the rise of gun crime, the fear of people even in the smartest parts of London to go out for a drink or dinner and for a man to wear a watch or a woman to wear jewelry.",229,236,a woman,IDENTITY_MARKER,POSITIVE,2024
I thought about what Mass uncontrolled immigration on a scale the likes of which we've never seen had done to divide our communities.,21,50,Mass uncontrolled immigration,IDENTITY_MARKER,NEGATIVE,2024
I thought about what Mass uncontrolled immigration on a scale the likes of which we've never seen had done to divide our communities.,81,83,we,PRONOUN,NEUTRAL,2024
I thought about what Mass uncontrolled immigration on a scale the likes of which we've never seen had done to divide our communities.,117,132,our communities,IDENTITY_MARKER,POSITIVE,2024
"I looked at the fact that, frankly, without massive public borrowing there would have been no growth in our economy for year after year after year.",44,68,massive public borrowing,IDENTITY_MARKER,NEGATIVE,2024
"I looked at the fact that, frankly, without massive public borrowing there would have been no growth in our economy for year after year after year.",104,115,our economy,IDENTITY_MARKER,NEUTRAL,2024
"An NHS in which you can't get a GP appointment, roads that are clogged beyond comprehension and, frankly, I thought to myself Britain is broken and then I couldn't help it.",0,6,An NHS,IDENTITY_MARKER,NEGATIVE,2024
"An NHS in which you can't get a GP appointment, roads that are clogged beyond comprehension and, frankly, I thought to myself Britain is broken and then I couldn't help it.",30,46,a GP appointment,IDENTITY_MARKER,POSITIVE,2024
"An NHS in which you can't get a GP appointment, roads that are clogged beyond comprehension and, frankly, I thought to myself Britain is broken and then I couldn't help it.",48,53,roads,IDENTITY_MARKER,NEGATIVE,2024
"An NHS in which you can't get a GP appointment, roads that are clogged beyond comprehension and, frankly, I thought to myself Britain is broken and then I couldn't help it.",126,133,Britain,IDENTITY_MARKER,NEGATIVE,2024
"An NHS in which you can't get a GP appointment, roads that are clogged beyond comprehension and, frankly, I thought to myself Britain is broken and then I couldn't help it.",169,171,it,PRONOUN,POSITIVE,2024
"But if Britain is broken, then logically Britain needs Reform, yeah?",7,14,Britain,IDENTITY_MARKER,NEGATIVE,2024
"But if Britain is broken, then logically Britain needs Reform, yeah?",41,48,Britain,IDENTITY_MARKER,NEUTRAL,2024
"But if Britain is broken, then logically Britain needs Reform, yeah?",55,61,Reform,IDENTITY_MARKER,POSITIVE,2024
"So I was really in a terrible quandary as to what to do, genuinely, and then I went down to Dover for a day.",92,97,Dover,IDENTITY_MARKER,NEUTRAL,2024
"I went and joined Richard up in Skegness, Lee in his constituency of Ashfield and I began to have people in the street walking up to me speaking to me as if almost I was letting them down by not giving up my lovely life!",18,25,Richard,IDENTITY_MARKER,NEUTRAL,2024
"I went and joined Richard up in Skegness, Lee in his constituency of Ashfield and I began to have people in the street walking up to me speaking to me as if almost I was letting them down by not giving up my lovely life!",32,40,Skegness,IDENTITY_MARKER,NEUTRAL,2024
"I went and joined Richard up in Skegness, Lee in his constituency of Ashfield and I began to have people in the street walking up to me speaking to me as if almost I was letting them down by not giving up my lovely life!",42,45,Lee,IDENTITY_MARKER,NEUTRAL,2024
"I went and joined Richard up in Skegness, Lee in his constituency of Ashfield and I began to have people in the street walking up to me speaking to me as if almost I was letting them down by not giving up my lovely life!",49,77,his constituency of Ashfield,IDENTITY_MARKER,NEUTRAL,2024
"I went and joined Richard up in Skegness, Lee in his constituency of Ashfield and I began to have people in the street walking up to me speaking to me as if almost I was letting them down by not giving up my lovely life!",98,118,people in the street,IDENTITY_MARKER,NEUTRAL,2024
"I went and joined Richard up in Skegness, Lee in his constituency of Ashfield and I began to have people in the street walking up to me speaking to me as if almost I was letting them down by not giving up my lovely life!",178,182,them,PRONOUN,NEUTRAL,2024
"I went and joined Richard up in Skegness, Lee in his constituency of Ashfield and I began to have people in the street walking up to me speaking to me as if almost I was letting them down by not giving up my lovely life!",205,219,my lovely life,IDENTITY_MARKER,POSITIVE,2024
"Anyway, in the end, I thought whatever obstacles, the fact we've only got a few weeks, the fact that 40% of the population don't yet know who Reform even is...I thought despite all of that actually there are two achievable goals in those four weeks and three days the first clear achievable goal was to get millions of votes.",59,61,we,PRONOUN,NEUTRAL,2024
"Anyway, in the end, I thought whatever obstacles, the fact we've only got a few weeks, the fact that 40% of the population don't yet know who Reform even is...I thought despite all of that actually there are two achievable goals in those four weeks and three days the first clear achievable goal was to get millions of votes.",101,122,40% of the population,IDENTITY_MARKER,NEUTRAL,2024
"Anyway, in the end, I thought whatever obstacles, the fact we've only got a few weeks, the fact that 40% of the population don't yet know who Reform even is...I thought despite all of that actually there are two achievable goals in those four weeks and three days the first clear achievable goal was to get millions of votes.",142,148,Reform,IDENTITY_MARKER,POSITIVE,2024
"Anyway, in the end, I thought whatever obstacles, the fact we've only got a few weeks, the fact that 40% of the population don't yet know who Reform even is...I thought despite all of that actually there are two achievable goals in those four weeks and three days the first clear achievable goal was to get millions of votes.",208,228,two achievable goals,IDENTITY_MARKER,POSITIVE,2024
"Anyway, in the end, I thought whatever obstacles, the fact we've only got a few weeks, the fact that 40% of the population don't yet know who Reform even is...I thought despite all of that actually there are two achievable goals in those four weeks and three days the first clear achievable goal was to get millions of votes.",264,295,the first clear achievable goal,IDENTITY_MARKER,POSITIVE,2024
"Anyway, in the end, I thought whatever obstacles, the fact we've only got a few weeks, the fact that 40% of the population don't yet know who Reform even is...I thought despite all of that actually there are two achievable goals in those four weeks and three days the first clear achievable goal was to get millions of votes.",307,324,millions of votes,IDENTITY_MARKER,POSITIVE,2024
"And a second, the second, knowing as I do from bitter experience how difficult the first pass the post system is, but I believe that we could establish a beach head in Parliament by getting a few people elected, and I'm proud to say that in the early hours of the 5th of July both of those objectives were realized.",79,109,the first pass the post system,IDENTITY_MARKER,NEGATIVE,2024
"And a second, the second, knowing as I do from bitter experience how difficult the first pass the post system is, but I believe that we could establish a beach head in Parliament by getting a few people elected, and I'm proud to say that in the early hours of the 5th of July both of those objectives were realized.",133,135,we,PRONOUN,POSITIVE,2024
"And a second, the second, knowing as I do from bitter experience how difficult the first pass the post system is, but I believe that we could establish a beach head in Parliament by getting a few people elected, and I'm proud to say that in the early hours of the 5th of July both of those objectives were realized.",152,164,a beach head,IDENTITY_MARKER,POSITIVE,2024
"And a second, the second, knowing as I do from bitter experience how difficult the first pass the post system is, but I believe that we could establish a beach head in Parliament by getting a few people elected, and I'm proud to say that in the early hours of the 5th of July both of those objectives were realized.",168,178,Parliament,IDENTITY_MARKER,NEUTRAL,2024
"And a second, the second, knowing as I do from bitter experience how difficult the first pass the post system is, but I believe that we could establish a beach head in Parliament by getting a few people elected, and I'm proud to say that in the early hours of the 5th of July both of those objectives were realized.",190,202,a few people,IDENTITY_MARKER,POSITIVE,2024
"And a second, the second, knowing as I do from bitter experience how difficult the first pass the post system is, but I believe that we could establish a beach head in Parliament by getting a few people elected, and I'm proud to say that in the early hours of the 5th of July both of those objectives were realized.",276,300,both of those objectives,IDENTITY_MARKER,POSITIVE,2024
"That is and all that is, it's just the first big step.",0,4,That,IDENTITY_MARKER,NEUTRAL,2024
"That is and all that is, it's just the first big step.",16,20,that,IDENTITY_MARKER,NEUTRAL,2024
"That is and all that is, it's just the first big step.",25,27,it,PRONOUN,POSITIVE,2024
"That is and all that is, it's just the first big step.",35,53,the first big step,IDENTITY_MARKER,POSITIVE,2024
"And what I now believe, if you're with me, if you support me, if you're prepared to help me, well, then it will become the first big step on what I believe can be a truly astonishing historic journey that can do something to do our country good.",27,30,you,PRONOUN,NEUTRAL,2024
"And what I now believe, if you're with me, if you support me, if you're prepared to help me, well, then it will become the first big step on what I believe can be a truly astonishing historic journey that can do something to do our country good.",46,49,you,PRONOUN,NEUTRAL,2024
"And what I now believe, if you're with me, if you support me, if you're prepared to help me, well, then it will become the first big step on what I believe can be a truly astonishing historic journey that can do something to do our country good.",65,68,you,PRONOUN,NEUTRAL,2024
"And what I now believe, if you're with me, if you support me, if you're prepared to help me, well, then it will become the first big step on what I believe can be a truly astonishing historic journey that can do something to do our country good.",104,106,it,PRONOUN,POSITIVE,2024
"And what I now believe, if you're with me, if you support me, if you're prepared to help me, well, then it will become the first big step on what I believe can be a truly astonishing historic journey that can do something to do our country good.",119,137,the first big step,IDENTITY_MARKER,POSITIVE,2024
"And what I now believe, if you're with me, if you support me, if you're prepared to help me, well, then it will become the first big step on what I believe can be a truly astonishing historic journey that can do something to do our country good.",163,199,a truly astonishing historic journey,IDENTITY_MARKER,POSITIVE,2024
"And what I now believe, if you're with me, if you support me, if you're prepared to help me, well, then it will become the first big step on what I believe can be a truly astonishing historic journey that can do something to do our country good.",228,239,our country,IDENTITY_MARKER,POSITIVE,2024
"To honour those that have gone before us, and to give our children and grandchildren a better future.",10,40,those that have gone before us,IDENTITY_MARKER,POSITIVE,2024
"To honour those that have gone before us, and to give our children and grandchildren a better future.",54,84,our children and grandchildren,IDENTITY_MARKER,POSITIVE,2024
It's the first step.,0,2,It,PRONOUN,POSITIVE,2024
It's the first step.,5,19,the first step,IDENTITY_MARKER,POSITIVE,2024
"Now we could have done better, we could have done better, but at that stage of the game, and this is absolutely not knocking Richard and what he did to keep this thing alive for all those years - we weren't big enough.",4,6,we,PRONOUN,POSITIVE,2024
"Now we could have done better, we could have done better, but at that stage of the game, and this is absolutely not knocking Richard and what he did to keep this thing alive for all those years - we weren't big enough.",31,33,we,PRONOUN,POSITIVE,2024
"Now we could have done better, we could have done better, but at that stage of the game, and this is absolutely not knocking Richard and what he did to keep this thing alive for all those years - we weren't big enough.",93,97,this,PRONOUN,NEUTRAL,2024
"Now we could have done better, we could have done better, but at that stage of the game, and this is absolutely not knocking Richard and what he did to keep this thing alive for all those years - we weren't big enough.",125,132,Richard,IDENTITY_MARKER,POSITIVE,2024
"Now we could have done better, we could have done better, but at that stage of the game, and this is absolutely not knocking Richard and what he did to keep this thing alive for all those years - we weren't big enough.",142,144,he,PRONOUN,POSITIVE,2024
"Now we could have done better, we could have done better, but at that stage of the game, and this is absolutely not knocking Richard and what he did to keep this thing alive for all those years - we weren't big enough.",157,167,this thing,IDENTITY_MARKER,POSITIVE,2024
"Now we could have done better, we could have done better, but at that stage of the game, and this is absolutely not knocking Richard and what he did to keep this thing alive for all those years - we weren't big enough.",196,198,we,PRONOUN,NEGATIVE,2024
"Give Richard a round of applause, go on.",5,12,Richard,IDENTITY_MARKER,POSITIVE,2024
We were just at that stage of our development.,0,2,We,PRONOUN,NEUTRAL,2024
We were just at that stage of our development.,16,45,that stage of our development,IDENTITY_MARKER,NEUTRAL,2024
"We weren't big enough, wealthy enough, professional enough to vet general election candidates properly and we were let down.",0,2,We,PRONOUN,NEGATIVE,2024
"We weren't big enough, wealthy enough, professional enough to vet general election candidates properly and we were let down.",66,93,general election candidates,IDENTITY_MARKER,NEUTRAL,2024
"We weren't big enough, wealthy enough, professional enough to vet general election candidates properly and we were let down.",107,109,we,PRONOUN,POSITIVE,2024
That amateurism let us down.,0,15,That amateurism,IDENTITY_MARKER,NEGATIVE,2024
That amateurism let us down.,20,22,us,PRONOUN,POSITIVE,2024
"We could have won a lot more votes and there are lessons that we need to learn from that, so as I stood after the count in Clacton in those early hours of July the 5th I said that yes, of course, I would represent the constituency the constituents in Parliament, but I had a job and my job was to professionalize and democratize Reform UK.",0,2,We,PRONOUN,POSITIVE,2024
"We could have won a lot more votes and there are lessons that we need to learn from that, so as I stood after the count in Clacton in those early hours of July the 5th I said that yes, of course, I would represent the constituency the constituents in Parliament, but I had a job and my job was to professionalize and democratize Reform UK.",18,34,a lot more votes,IDENTITY_MARKER,POSITIVE,2024
"We could have won a lot more votes and there are lessons that we need to learn from that, so as I stood after the count in Clacton in those early hours of July the 5th I said that yes, of course, I would represent the constituency the constituents in Parliament, but I had a job and my job was to professionalize and democratize Reform UK.",49,56,lessons,IDENTITY_MARKER,POSITIVE,2024
"We could have won a lot more votes and there are lessons that we need to learn from that, so as I stood after the count in Clacton in those early hours of July the 5th I said that yes, of course, I would represent the constituency the constituents in Parliament, but I had a job and my job was to professionalize and democratize Reform UK.",62,64,we,PRONOUN,POSITIVE,2024
"We could have won a lot more votes and there are lessons that we need to learn from that, so as I stood after the count in Clacton in those early hours of July the 5th I said that yes, of course, I would represent the constituency the constituents in Parliament, but I had a job and my job was to professionalize and democratize Reform UK.",84,88,that,PRONOUN,POSITIVE,2024
"We could have won a lot more votes and there are lessons that we need to learn from that, so as I stood after the count in Clacton in those early hours of July the 5th I said that yes, of course, I would represent the constituency the constituents in Parliament, but I had a job and my job was to professionalize and democratize Reform UK.",110,130,the count in Clacton,IDENTITY_MARKER,NEUTRAL,2024
"We could have won a lot more votes and there are lessons that we need to learn from that, so as I stood after the count in Clacton in those early hours of July the 5th I said that yes, of course, I would represent the constituency the constituents in Parliament, but I had a job and my job was to professionalize and democratize Reform UK.",214,230,the constituency,IDENTITY_MARKER,POSITIVE,2024
"We could have won a lot more votes and there are lessons that we need to learn from that, so as I stood after the count in Clacton in those early hours of July the 5th I said that yes, of course, I would represent the constituency the constituents in Parliament, but I had a job and my job was to professionalize and democratize Reform UK.",231,247,the constituents,IDENTITY_MARKER,POSITIVE,2024
"We could have won a lot more votes and there are lessons that we need to learn from that, so as I stood after the count in Clacton in those early hours of July the 5th I said that yes, of course, I would represent the constituency the constituents in Parliament, but I had a job and my job was to professionalize and democratize Reform UK.",251,261,Parliament,IDENTITY_MARKER,POSITIVE,2024
"We could have won a lot more votes and there are lessons that we need to learn from that, so as I stood after the count in Clacton in those early hours of July the 5th I said that yes, of course, I would represent the constituency the constituents in Parliament, but I had a job and my job was to professionalize and democratize Reform UK.",329,338,Reform UK,IDENTITY_MARKER,POSITIVE,2024
That was the solemn promise and pledge that I made to you the members on professionalization.,0,4,That,PRONOUN,POSITIVE,2024
That was the solemn promise and pledge that I made to you the members on professionalization.,9,38,the solemn promise and pledge,IDENTITY_MARKER,POSITIVE,2024
That was the solemn promise and pledge that I made to you the members on professionalization.,54,69,you the members,IDENTITY_MARKER,POSITIVE,2024
That was the solemn promise and pledge that I made to you the members on professionalization.,73,92,professionalization,IDENTITY_MARKER,POSITIVE,2024
We've made some changes.,0,2,We,PRONOUN,POSITIVE,2024
We've made some changes.,11,23,some changes,IDENTITY_MARKER,POSITIVE,2024
"Richard is now my Deputy Leader, who also sits in Parliament, and subs for me as leader when I am not there, and that was a good solid sound appointment, I know you all agree.",0,7,Richard,IDENTITY_MARKER,POSITIVE,2024
"Richard is now my Deputy Leader, who also sits in Parliament, and subs for me as leader when I am not there, and that was a good solid sound appointment, I know you all agree.",15,31,my Deputy Leader,IDENTITY_MARKER,POSITIVE,2024
"Richard is now my Deputy Leader, who also sits in Parliament, and subs for me as leader when I am not there, and that was a good solid sound appointment, I know you all agree.",50,60,Parliament,IDENTITY_MARKER,NEUTRAL,2024
"Richard is now my Deputy Leader, who also sits in Parliament, and subs for me as leader when I am not there, and that was a good solid sound appointment, I know you all agree.",81,87,leader,IDENTITY_MARKER,NEUTRAL,2024
"Richard is now my Deputy Leader, who also sits in Parliament, and subs for me as leader when I am not there, and that was a good solid sound appointment, I know you all agree.",122,152,a good solid sound appointment,IDENTITY_MARKER,POSITIVE,2024
"Richard is now my Deputy Leader, who also sits in Parliament, and subs for me as leader when I am not there, and that was a good solid sound appointment, I know you all agree.",161,168,you all,IDENTITY_MARKER,POSITIVE,2024
"And then somebody of exceptional talent, who I'd met over a decade ago, reappeared during the campaign on the scene.",9,39,somebody of exceptional talent,IDENTITY_MARKER,POSITIVE,2024
"And then somebody of exceptional talent, who I'd met over a decade ago, reappeared during the campaign on the scene.",90,102,the campaign,IDENTITY_MARKER,NEUTRAL,2024
"And then somebody of exceptional talent, who I'd met over a decade ago, reappeared during the campaign on the scene.",106,115,the scene,IDENTITY_MARKER,NEUTRAL,2024
"He's a young man in his middle late 30s who's done rather well in life, who is really rather patriotic, who just gave a brilliant speech to this conference and I really think having Zia as our Chairman has already made a massive difference to our level of professionalization.",0,2,He,PRONOUN,POSITIVE,2024
"He's a young man in his middle late 30s who's done rather well in life, who is really rather patriotic, who just gave a brilliant speech to this conference and I really think having Zia as our Chairman has already made a massive difference to our level of professionalization.",5,39,a young man in his middle late 30s,IDENTITY_MARKER,NEUTRAL,2024
"He's a young man in his middle late 30s who's done rather well in life, who is really rather patriotic, who just gave a brilliant speech to this conference and I really think having Zia as our Chairman has already made a massive difference to our level of professionalization.",118,136,a brilliant speech,IDENTITY_MARKER,POSITIVE,2024
"He's a young man in his middle late 30s who's done rather well in life, who is really rather patriotic, who just gave a brilliant speech to this conference and I really think having Zia as our Chairman has already made a massive difference to our level of professionalization.",140,155,this conference,IDENTITY_MARKER,NEUTRAL,2024
"He's a young man in his middle late 30s who's done rather well in life, who is really rather patriotic, who just gave a brilliant speech to this conference and I really think having Zia as our Chairman has already made a massive difference to our level of professionalization.",182,185,Zia,IDENTITY_MARKER,POSITIVE,2024
"He's a young man in his middle late 30s who's done rather well in life, who is really rather patriotic, who just gave a brilliant speech to this conference and I really think having Zia as our Chairman has already made a massive difference to our level of professionalization.",189,201,our Chairman,IDENTITY_MARKER,POSITIVE,2024
"He's a young man in his middle late 30s who's done rather well in life, who is really rather patriotic, who just gave a brilliant speech to this conference and I really think having Zia as our Chairman has already made a massive difference to our level of professionalization.",243,275,our level of professionalization,IDENTITY_MARKER,POSITIVE,2024
"Around them are a small but very professional team, just look at what they put on in this conference!",7,11,them,PRONOUN,NEUTRAL,2024
"Around them are a small but very professional team, just look at what they put on in this conference!",16,50,a small but very professional team,IDENTITY_MARKER,POSITIVE,2024
"Around them are a small but very professional team, just look at what they put on in this conference!",70,74,they,PRONOUN,POSITIVE,2024
"Around them are a small but very professional team, just look at what they put on in this conference!",85,100,this conference,IDENTITY_MARKER,POSITIVE,2024
"Isn't it truly incredible, isn't it beautifully done?",6,8,it,PRONOUN,POSITIVE,2024
"Isn't it truly incredible, isn't it beautifully done?",33,35,it,PRONOUN,POSITIVE,2024
"And we're recruiting, we're recruiting right now to get full-time regional managers and Regional organizers so I feel that my promise to professionalize the party is now on track.",4,6,we,PRONOUN,POSITIVE,2024
"And we're recruiting, we're recruiting right now to get full-time regional managers and Regional organizers so I feel that my promise to professionalize the party is now on track.",22,24,we,PRONOUN,POSITIVE,2024
"And we're recruiting, we're recruiting right now to get full-time regional managers and Regional organizers so I feel that my promise to professionalize the party is now on track.",56,83,full-time regional managers,IDENTITY_MARKER,POSITIVE,2024
"And we're recruiting, we're recruiting right now to get full-time regional managers and Regional organizers so I feel that my promise to professionalize the party is now on track.",88,107,Regional organizers,IDENTITY_MARKER,POSITIVE,2024
"And we're recruiting, we're recruiting right now to get full-time regional managers and Regional organizers so I feel that my promise to professionalize the party is now on track.",123,162,my promise to professionalize the party,IDENTITY_MARKER,POSITIVE,2024
I also promise you that in future we will be vetting candidates rigorously at all levels.,15,18,you,PRONOUN,NEUTRAL,2024
I also promise you that in future we will be vetting candidates rigorously at all levels.,34,36,we,PRONOUN,POSITIVE,2024
I also promise you that in future we will be vetting candidates rigorously at all levels.,53,63,candidates,IDENTITY_MARKER,NEUTRAL,2024
"I promise you that we haven't got time, we haven't got room for a few extremists to the work against the party that now has 80,000 members and rising by hundreds every single day, amazing.",10,13,you,PRONOUN,NEUTRAL,2024
"I promise you that we haven't got time, we haven't got room for a few extremists to the work against the party that now has 80,000 members and rising by hundreds every single day, amazing.",19,21,we,PRONOUN,POSITIVE,2024
"I promise you that we haven't got time, we haven't got room for a few extremists to the work against the party that now has 80,000 members and rising by hundreds every single day, amazing.",40,42,we,PRONOUN,POSITIVE,2024
"I promise you that we haven't got time, we haven't got room for a few extremists to the work against the party that now has 80,000 members and rising by hundreds every single day, amazing.",64,80,a few extremists,IDENTITY_MARKER,NEGATIVE,2024
"I promise you that we haven't got time, we haven't got room for a few extremists to the work against the party that now has 80,000 members and rising by hundreds every single day, amazing.",101,110,the party,IDENTITY_MARKER,POSITIVE,2024
"I promise you that we haven't got time, we haven't got room for a few extremists to the work against the party that now has 80,000 members and rising by hundreds every single day, amazing.",124,138,"80,000 members",IDENTITY_MARKER,POSITIVE,2024
"I promise you that we haven't got time, we haven't got room for a few extremists to the work against the party that now has 80,000 members and rising by hundreds every single day, amazing.",153,161,hundreds,IDENTITY_MARKER,POSITIVE,2024
"But, it's almost a democratization of the party where perhaps I've been the most criticized, although having said that I'm quite used to being criticized for virtually everything.",17,47,a democratization of the party,IDENTITY_MARKER,POSITIVE,2024
"Any major terrible event that happens in the country is clearly my fault, lucky I don't care really, they can write what they like, I don't care because I know what I believe in.",0,24,Any major terrible event,IDENTITY_MARKER,NEGATIVE,2024
"Any major terrible event that happens in the country is clearly my fault, lucky I don't care really, they can write what they like, I don't care because I know what I believe in.",41,52,the country,IDENTITY_MARKER,NEUTRAL,2024
"Any major terrible event that happens in the country is clearly my fault, lucky I don't care really, they can write what they like, I don't care because I know what I believe in.",64,72,my fault,IDENTITY_MARKER,POSITIVE,2024
"Any major terrible event that happens in the country is clearly my fault, lucky I don't care really, they can write what they like, I don't care because I know what I believe in.",101,105,they,PRONOUN,NEGATIVE,2024
"Any major terrible event that happens in the country is clearly my fault, lucky I don't care really, they can write what they like, I don't care because I know what I believe in.",121,125,they,PRONOUN,NEGATIVE,2024
"Now, I set this up as a limited company guaranteed by shares and I owned 60% of the shares.",11,15,this,PRONOUN,NEUTRAL,2024
"Now, I set this up as a limited company guaranteed by shares and I owned 60% of the shares.",22,39,a limited company,IDENTITY_MARKER,NEUTRAL,2024
"Now, I set this up as a limited company guaranteed by shares and I owned 60% of the shares.",54,60,shares,IDENTITY_MARKER,NEUTRAL,2024
"Now, I set this up as a limited company guaranteed by shares and I owned 60% of the shares.",73,90,60% of the shares,IDENTITY_MARKER,NEUTRAL,2024
"Now I could make a joke and say that it led to streamlined decision making, but I did it for two reasons.",17,23,a joke,IDENTITY_MARKER,NEUTRAL,2024
"Now I could make a joke and say that it led to streamlined decision making, but I did it for two reasons.",37,39,it,PRONOUN,NEUTRAL,2024
"Now I could make a joke and say that it led to streamlined decision making, but I did it for two reasons.",47,74,streamlined decision making,IDENTITY_MARKER,POSITIVE,2024
"Now I could make a joke and say that it led to streamlined decision making, but I did it for two reasons.",86,88,it,PRONOUN,NEUTRAL,2024
"Now I could make a joke and say that it led to streamlined decision making, but I did it for two reasons.",93,104,two reasons,IDENTITY_MARKER,POSITIVE,2024
"One, we had no time, no time to get established, and it needed somebody of experience to make decisions right or wrong and that structure allowed me to do that.",5,7,we,PRONOUN,NEUTRAL,2024
"One, we had no time, no time to get established, and it needed somebody of experience to make decisions right or wrong and that structure allowed me to do that.",53,55,it,PRONOUN,POSITIVE,2024
"One, we had no time, no time to get established, and it needed somebody of experience to make decisions right or wrong and that structure allowed me to do that.",63,85,somebody of experience,IDENTITY_MARKER,POSITIVE,2024
"One, we had no time, no time to get established, and it needed somebody of experience to make decisions right or wrong and that structure allowed me to do that.",123,137,that structure,IDENTITY_MARKER,POSITIVE,2024
"One, we had no time, no time to get established, and it needed somebody of experience to make decisions right or wrong and that structure allowed me to do that.",155,159,that,PRONOUN,POSITIVE,2024
"But, secondly, I did it because new or entry political parties are vulnerable to being hijacked by extremist groups and bad actors.",21,23,it,PRONOUN,POSITIVE,2024
"But, secondly, I did it because new or entry political parties are vulnerable to being hijacked by extremist groups and bad actors.",32,62,new or entry political parties,IDENTITY_MARKER,POSITIVE,2024
"But, secondly, I did it because new or entry political parties are vulnerable to being hijacked by extremist groups and bad actors.",99,115,extremist groups,IDENTITY_MARKER,NEGATIVE,2024
"But, secondly, I did it because new or entry political parties are vulnerable to being hijacked by extremist groups and bad actors.",120,130,bad actors,IDENTITY_MARKER,NEGATIVE,2024
"And all the while I had control of it that could never happen, that could never happen because we don't want extremists, we don't want bigots, we don't want people who think that way because we represent the silent, decent majority of this great country that we live in.",35,37,it,PRONOUN,POSITIVE,2024
"And all the while I had control of it that could never happen, that could never happen because we don't want extremists, we don't want bigots, we don't want people who think that way because we represent the silent, decent majority of this great country that we live in.",38,42,that,PRONOUN,NEGATIVE,2024
"And all the while I had control of it that could never happen, that could never happen because we don't want extremists, we don't want bigots, we don't want people who think that way because we represent the silent, decent majority of this great country that we live in.",63,67,that,PRONOUN,NEGATIVE,2024
"And all the while I had control of it that could never happen, that could never happen because we don't want extremists, we don't want bigots, we don't want people who think that way because we represent the silent, decent majority of this great country that we live in.",95,97,we,PRONOUN,POSITIVE,2024
"And all the while I had control of it that could never happen, that could never happen because we don't want extremists, we don't want bigots, we don't want people who think that way because we represent the silent, decent majority of this great country that we live in.",109,119,extremists,IDENTITY_MARKER,NEGATIVE,2024
"And all the while I had control of it that could never happen, that could never happen because we don't want extremists, we don't want bigots, we don't want people who think that way because we represent the silent, decent majority of this great country that we live in.",121,123,we,PRONOUN,POSITIVE,2024
"And all the while I had control of it that could never happen, that could never happen because we don't want extremists, we don't want bigots, we don't want people who think that way because we represent the silent, decent majority of this great country that we live in.",135,141,bigots,IDENTITY_MARKER,NEGATIVE,2024
"And all the while I had control of it that could never happen, that could never happen because we don't want extremists, we don't want bigots, we don't want people who think that way because we represent the silent, decent majority of this great country that we live in.",143,145,we,PRONOUN,POSITIVE,2024
"And all the while I had control of it that could never happen, that could never happen because we don't want extremists, we don't want bigots, we don't want people who think that way because we represent the silent, decent majority of this great country that we live in.",157,182,people who think that way,IDENTITY_MARKER,NEGATIVE,2024
"And all the while I had control of it that could never happen, that could never happen because we don't want extremists, we don't want bigots, we don't want people who think that way because we represent the silent, decent majority of this great country that we live in.",191,193,we,PRONOUN,POSITIVE,2024
"And all the while I had control of it that could never happen, that could never happen because we don't want extremists, we don't want bigots, we don't want people who think that way because we represent the silent, decent majority of this great country that we live in.",204,253,"the silent, decent majority of this great country",IDENTITY_MARKER,POSITIVE,2024
"And all the while I had control of it that could never happen, that could never happen because we don't want extremists, we don't want bigots, we don't want people who think that way because we represent the silent, decent majority of this great country that we live in.",259,261,we,PRONOUN,POSITIVE,2024
"But the time has come, the infant that Reform UK was has been growing up, we had the teenage tantrums which were those that caused us harm in the general election but we're now at a different point.",23,52,the infant that Reform UK was,IDENTITY_MARKER,POSITIVE,2024
"But the time has come, the infant that Reform UK was has been growing up, we had the teenage tantrums which were those that caused us harm in the general election but we're now at a different point.",74,76,we,PRONOUN,POSITIVE,2024
"But the time has come, the infant that Reform UK was has been growing up, we had the teenage tantrums which were those that caused us harm in the general election but we're now at a different point.",81,101,the teenage tantrums,IDENTITY_MARKER,NEGATIVE,2024
"But the time has come, the infant that Reform UK was has been growing up, we had the teenage tantrums which were those that caused us harm in the general election but we're now at a different point.",113,138,those that caused us harm,IDENTITY_MARKER,NEGATIVE,2024
"But the time has come, the infant that Reform UK was has been growing up, we had the teenage tantrums which were those that caused us harm in the general election but we're now at a different point.",142,162,the general election,IDENTITY_MARKER,NEUTRAL,2024
"But the time has come, the infant that Reform UK was has been growing up, we had the teenage tantrums which were those that caused us harm in the general election but we're now at a different point.",167,169,we,PRONOUN,POSITIVE,2024
"But the time has come, the infant that Reform UK was has been growing up, we had the teenage tantrums which were those that caused us harm in the general election but we're now at a different point.",180,197,a different point,IDENTITY_MARKER,POSITIVE,2024
"The Party is an adult and this weekend, this weekend is when Reform UK comes of age.",0,9,The Party,IDENTITY_MARKER,POSITIVE,2024
"The Party is an adult and this weekend, this weekend is when Reform UK comes of age.",13,21,an adult,IDENTITY_MARKER,POSITIVE,2024
"The Party is an adult and this weekend, this weekend is when Reform UK comes of age.",61,70,Reform UK,IDENTITY_MARKER,POSITIVE,2024
"The Party is an adult and this weekend, this weekend is when Reform UK comes of age.",71,83,comes of age,IDENTITY_MARKER,POSITIVE,2024
"We come of age, and so I've got to make, and I want to make, the necessary adjustments there will be before you tomorrow, you've had it already on email, there'll be a vote tomorrow morning on a constitution for the party.",0,2,We,PRONOUN,POSITIVE,2024
"We come of age, and so I've got to make, and I want to make, the necessary adjustments there will be before you tomorrow, you've had it already on email, there'll be a vote tomorrow morning on a constitution for the party.",61,86,the necessary adjustments,IDENTITY_MARKER,POSITIVE,2024
"We come of age, and so I've got to make, and I want to make, the necessary adjustments there will be before you tomorrow, you've had it already on email, there'll be a vote tomorrow morning on a constitution for the party.",108,111,you,PRONOUN,POSITIVE,2024
"We come of age, and so I've got to make, and I want to make, the necessary adjustments there will be before you tomorrow, you've had it already on email, there'll be a vote tomorrow morning on a constitution for the party.",122,125,you,PRONOUN,NEUTRAL,2024
"We come of age, and so I've got to make, and I want to make, the necessary adjustments there will be before you tomorrow, you've had it already on email, there'll be a vote tomorrow morning on a constitution for the party.",133,135,it,PRONOUN,POSITIVE,2024
"We come of age, and so I've got to make, and I want to make, the necessary adjustments there will be before you tomorrow, you've had it already on email, there'll be a vote tomorrow morning on a constitution for the party.",166,172,a vote,IDENTITY_MARKER,POSITIVE,2024
"We come of age, and so I've got to make, and I want to make, the necessary adjustments there will be before you tomorrow, you've had it already on email, there'll be a vote tomorrow morning on a constitution for the party.",193,221,a constitution for the party,IDENTITY_MARKER,POSITIVE,2024
We change the structure of the party.,0,2,We,PRONOUN,POSITIVE,2024
We change the structure of the party.,10,36,the structure of the party,IDENTITY_MARKER,NEUTRAL,2024
"No longer will it be a company guaranteed by shares, but a company limited by guarantee.",15,17,it,PRONOUN,NEUTRAL,2024
"No longer will it be a company guaranteed by shares, but a company limited by guarantee.",21,51,a company guaranteed by shares,IDENTITY_MARKER,NEGATIVE,2024
"No longer will it be a company guaranteed by shares, but a company limited by guarantee.",57,87,a company limited by guarantee,IDENTITY_MARKER,POSITIVE,2024
"It'll be a nonprofit making organization and I will not be the shareholder, in fact do you know who's going to be the shareholder of Reform UK?",9,40,a nonprofit making organization,IDENTITY_MARKER,POSITIVE,2024
"It'll be a nonprofit making organization and I will not be the shareholder, in fact do you know who's going to be the shareholder of Reform UK?",59,74,the shareholder,IDENTITY_MARKER,NEUTRAL,2024
"It'll be a nonprofit making organization and I will not be the shareholder, in fact do you know who's going to be the shareholder of Reform UK?",87,90,you,PRONOUN,NEUTRAL,2024
"It'll be a nonprofit making organization and I will not be the shareholder, in fact do you know who's going to be the shareholder of Reform UK?",114,142,the shareholder of Reform UK,IDENTITY_MARKER,POSITIVE,2024
"You, the members, will own this party.",0,3,You,PRONOUN,POSITIVE,2024
"You, the members, will own this party.",5,16,the members,IDENTITY_MARKER,POSITIVE,2024
"You, the members, will own this party.",27,37,this party,IDENTITY_MARKER,POSITIVE,2024
"You will own this party, not me, and we will have a board to manage the Party with significant elected representation from the members, and that board will be there to safeguard how we're operating, to prevent entryism.",0,3,You,PRONOUN,POSITIVE,2024
"You will own this party, not me, and we will have a board to manage the Party with significant elected representation from the members, and that board will be there to safeguard how we're operating, to prevent entryism.",13,23,this party,IDENTITY_MARKER,POSITIVE,2024
"You will own this party, not me, and we will have a board to manage the Party with significant elected representation from the members, and that board will be there to safeguard how we're operating, to prevent entryism.",37,39,we,PRONOUN,POSITIVE,2024
"You will own this party, not me, and we will have a board to manage the Party with significant elected representation from the members, and that board will be there to safeguard how we're operating, to prevent entryism.",50,57,a board,IDENTITY_MARKER,POSITIVE,2024
"You will own this party, not me, and we will have a board to manage the Party with significant elected representation from the members, and that board will be there to safeguard how we're operating, to prevent entryism.",68,77,the Party,IDENTITY_MARKER,NEUTRAL,2024
"You will own this party, not me, and we will have a board to manage the Party with significant elected representation from the members, and that board will be there to safeguard how we're operating, to prevent entryism.",83,117,significant elected representation,IDENTITY_MARKER,POSITIVE,2024
"You will own this party, not me, and we will have a board to manage the Party with significant elected representation from the members, and that board will be there to safeguard how we're operating, to prevent entryism.",123,134,the members,IDENTITY_MARKER,POSITIVE,2024
"You will own this party, not me, and we will have a board to manage the Party with significant elected representation from the members, and that board will be there to safeguard how we're operating, to prevent entryism.",140,150,that board,IDENTITY_MARKER,POSITIVE,2024
"You will own this party, not me, and we will have a board to manage the Party with significant elected representation from the members, and that board will be there to safeguard how we're operating, to prevent entryism.",182,184,we,PRONOUN,NEUTRAL,2024
"You will own this party, not me, and we will have a board to manage the Party with significant elected representation from the members, and that board will be there to safeguard how we're operating, to prevent entryism.",210,218,entryism,IDENTITY_MARKER,NEGATIVE,2024
"We wouldn't want a Corbyn style takeover, would we, of our party as Labour suffered a few years ago.",0,2,We,PRONOUN,NEUTRAL,2024
"We wouldn't want a Corbyn style takeover, would we, of our party as Labour suffered a few years ago.",17,40,a Corbyn style takeover,IDENTITY_MARKER,NEGATIVE,2024
"We wouldn't want a Corbyn style takeover, would we, of our party as Labour suffered a few years ago.",48,50,we,PRONOUN,NEUTRAL,2024
"We wouldn't want a Corbyn style takeover, would we, of our party as Labour suffered a few years ago.",55,64,our party,IDENTITY_MARKER,POSITIVE,2024
"We wouldn't want a Corbyn style takeover, would we, of our party as Labour suffered a few years ago.",68,74,Labour,IDENTITY_MARKER,NEGATIVE,2024
"But the real story of this conference, and of the plan for the future, is not the share structure, it's not the management board, it's this: we have already set up and we are in process of setting up right now across the country, and bear in mind, we've done this in two months.",4,37,the real story of this conference,IDENTITY_MARKER,POSITIVE,2024
"But the real story of this conference, and of the plan for the future, is not the share structure, it's not the management board, it's this: we have already set up and we are in process of setting up right now across the country, and bear in mind, we've done this in two months.",46,69,the plan for the future,IDENTITY_MARKER,POSITIVE,2024
"But the real story of this conference, and of the plan for the future, is not the share structure, it's not the management board, it's this: we have already set up and we are in process of setting up right now across the country, and bear in mind, we've done this in two months.",78,97,the share structure,IDENTITY_MARKER,NEUTRAL,2024
"But the real story of this conference, and of the plan for the future, is not the share structure, it's not the management board, it's this: we have already set up and we are in process of setting up right now across the country, and bear in mind, we've done this in two months.",99,101,it,PRONOUN,NEUTRAL,2024
"But the real story of this conference, and of the plan for the future, is not the share structure, it's not the management board, it's this: we have already set up and we are in process of setting up right now across the country, and bear in mind, we've done this in two months.",108,128,the management board,IDENTITY_MARKER,NEUTRAL,2024
"But the real story of this conference, and of the plan for the future, is not the share structure, it's not the management board, it's this: we have already set up and we are in process of setting up right now across the country, and bear in mind, we've done this in two months.",130,132,it,PRONOUN,POSITIVE,2024
"But the real story of this conference, and of the plan for the future, is not the share structure, it's not the management board, it's this: we have already set up and we are in process of setting up right now across the country, and bear in mind, we've done this in two months.",141,143,we,PRONOUN,POSITIVE,2024
"But the real story of this conference, and of the plan for the future, is not the share structure, it's not the management board, it's this: we have already set up and we are in process of setting up right now across the country, and bear in mind, we've done this in two months.",168,170,we,PRONOUN,POSITIVE,2024
"But the real story of this conference, and of the plan for the future, is not the share structure, it's not the management board, it's this: we have already set up and we are in process of setting up right now across the country, and bear in mind, we've done this in two months.",217,228,the country,IDENTITY_MARKER,NEUTRAL,2024
"But the real story of this conference, and of the plan for the future, is not the share structure, it's not the management board, it's this: we have already set up and we are in process of setting up right now across the country, and bear in mind, we've done this in two months.",248,250,we,PRONOUN,POSITIVE,2024
"But the real story of this conference, and of the plan for the future, is not the share structure, it's not the management board, it's this: we have already set up and we are in process of setting up right now across the country, and bear in mind, we've done this in two months.",259,263,this,PRONOUN,POSITIVE,2024
"266 constituency associations, that is an incredible move, but we need those branch associations in literally every constituency in the land.",0,29,266 constituency associations,IDENTITY_MARKER,POSITIVE,2024
"266 constituency associations, that is an incredible move, but we need those branch associations in literally every constituency in the land.",31,35,that,PRONOUN,POSITIVE,2024
"266 constituency associations, that is an incredible move, but we need those branch associations in literally every constituency in the land.",63,65,we,PRONOUN,NEUTRAL,2024
"266 constituency associations, that is an incredible move, but we need those branch associations in literally every constituency in the land.",71,96,those branch associations,IDENTITY_MARKER,POSITIVE,2024
"266 constituency associations, that is an incredible move, but we need those branch associations in literally every constituency in the land.",110,140,every constituency in the land,IDENTITY_MARKER,POSITIVE,2024
I went up in the campaign to Sunderland to do a public event.,13,25,the campaign,IDENTITY_MARKER,NEUTRAL,2024
I went up in the campaign to Sunderland to do a public event.,29,39,Sunderland,IDENTITY_MARKER,NEUTRAL,2024
I went up in the campaign to Sunderland to do a public event.,46,60,a public event,IDENTITY_MARKER,POSITIVE,2024
"It was organized at 48 hours' notice, and a thousand people arrived.",0,2,It,PRONOUN,NEUTRAL,2024
"It was organized at 48 hours' notice, and a thousand people arrived.",42,59,a thousand people,IDENTITY_MARKER,POSITIVE,2024
"It was incredible, and we were there in Sunderland where they don't generally like people from Newcastle.",0,2,It,PRONOUN,POSITIVE,2024
"It was incredible, and we were there in Sunderland where they don't generally like people from Newcastle.",23,25,we,PRONOUN,NEUTRAL,2024
"It was incredible, and we were there in Sunderland where they don't generally like people from Newcastle.",40,50,Sunderland,IDENTITY_MARKER,NEUTRAL,2024
"It was incredible, and we were there in Sunderland where they don't generally like people from Newcastle.",57,61,they,PRONOUN,NEUTRAL,2024
"It was incredible, and we were there in Sunderland where they don't generally like people from Newcastle.",83,104,people from Newcastle,IDENTITY_MARKER,NEGATIVE,2024
"But we had Sir John Hall who was there, who's here with us today.",4,6,we,PRONOUN,POSITIVE,2024
"But we had Sir John Hall who was there, who's here with us today.",11,24,Sir John Hall,IDENTITY_MARKER,POSITIVE,2024
"But we had Sir John Hall who was there, who's here with us today.",56,58,us,PRONOUN,POSITIVE,2024
"Welcome Sir John, lovely to see you, really good to see him.",8,16,Sir John,IDENTITY_MARKER,POSITIVE,2024
"Welcome Sir John, lovely to see you, really good to see him.",32,35,you,PRONOUN,POSITIVE,2024
"Welcome Sir John, lovely to see you, really good to see him.",56,59,him,PRONOUN,POSITIVE,2024
"And John said to me, and he's getting on a bit, but he's done a few things in life and he's rather bright, he said to me the problem is these thousand people you remember - they'll all go home and not know anybody else and it's really what Ant Middleton was talking about this morning.",4,8,John,IDENTITY_MARKER,POSITIVE,2024
"And John said to me, and he's getting on a bit, but he's done a few things in life and he's rather bright, he said to me the problem is these thousand people you remember - they'll all go home and not know anybody else and it's really what Ant Middleton was talking about this morning.",25,27,he,PRONOUN,NEUTRAL,2024
"And John said to me, and he's getting on a bit, but he's done a few things in life and he's rather bright, he said to me the problem is these thousand people you remember - they'll all go home and not know anybody else and it's really what Ant Middleton was talking about this morning.",52,54,he,PRONOUN,POSITIVE,2024
"And John said to me, and he's getting on a bit, but he's done a few things in life and he's rather bright, he said to me the problem is these thousand people you remember - they'll all go home and not know anybody else and it's really what Ant Middleton was talking about this morning.",87,89,he,PRONOUN,POSITIVE,2024
"And John said to me, and he's getting on a bit, but he's done a few things in life and he's rather bright, he said to me the problem is these thousand people you remember - they'll all go home and not know anybody else and it's really what Ant Middleton was talking about this morning.",107,109,he,PRONOUN,NEUTRAL,2024
"And John said to me, and he's getting on a bit, but he's done a few things in life and he's rather bright, he said to me the problem is these thousand people you remember - they'll all go home and not know anybody else and it's really what Ant Middleton was talking about this morning.",121,132,the problem,IDENTITY_MARKER,NEGATIVE,2024
"And John said to me, and he's getting on a bit, but he's done a few things in life and he's rather bright, he said to me the problem is these thousand people you remember - they'll all go home and not know anybody else and it's really what Ant Middleton was talking about this morning.",136,157,these thousand people,IDENTITY_MARKER,NEUTRAL,2024
"And John said to me, and he's getting on a bit, but he's done a few things in life and he's rather bright, he said to me the problem is these thousand people you remember - they'll all go home and not know anybody else and it's really what Ant Middleton was talking about this morning.",158,161,you,PRONOUN,NEUTRAL,2024
"And John said to me, and he's getting on a bit, but he's done a few things in life and he's rather bright, he said to me the problem is these thousand people you remember - they'll all go home and not know anybody else and it's really what Ant Middleton was talking about this morning.",173,177,they,PRONOUN,NEUTRAL,2024
"And John said to me, and he's getting on a bit, but he's done a few things in life and he's rather bright, he said to me the problem is these thousand people you remember - they'll all go home and not know anybody else and it's really what Ant Middleton was talking about this morning.",206,218,anybody else,IDENTITY_MARKER,NEUTRAL,2024
"And John said to me, and he's getting on a bit, but he's done a few things in life and he's rather bright, he said to me the problem is these thousand people you remember - they'll all go home and not know anybody else and it's really what Ant Middleton was talking about this morning.",223,225,it,PRONOUN,NEUTRAL,2024
"And John said to me, and he's getting on a bit, but he's done a few things in life and he's rather bright, he said to me the problem is these thousand people you remember - they'll all go home and not know anybody else and it's really what Ant Middleton was talking about this morning.",240,253,Ant Middleton,IDENTITY_MARKER,NEUTRAL,2024
"It's about building teams, it's about having unity and it's through the branches that we get these structures.",0,2,It,PRONOUN,NEUTRAL,2024
"It's about building teams, it's about having unity and it's through the branches that we get these structures.",20,25,teams,IDENTITY_MARKER,POSITIVE,2024
"It's about building teams, it's about having unity and it's through the branches that we get these structures.",27,29,it,PRONOUN,NEUTRAL,2024
"It's about building teams, it's about having unity and it's through the branches that we get these structures.",45,50,unity,IDENTITY_MARKER,POSITIVE,2024
"It's about building teams, it's about having unity and it's through the branches that we get these structures.",55,57,it,PRONOUN,NEUTRAL,2024
"It's about building teams, it's about having unity and it's through the branches that we get these structures.",68,80,the branches,IDENTITY_MARKER,POSITIVE,2024
"It's about building teams, it's about having unity and it's through the branches that we get these structures.",86,88,we,PRONOUN,POSITIVE,2024
"It's about building teams, it's about having unity and it's through the branches that we get these structures.",93,109,these structures,IDENTITY_MARKER,POSITIVE,2024
"It's through the branches that we raise money, it is through the branches that we find the necessary candidates to fight elections, it is through the branches that we actually become part of the local community not just a national political party, and there is a template for this now.",0,2,It,PRONOUN,NEUTRAL,2024
"It's through the branches that we raise money, it is through the branches that we find the necessary candidates to fight elections, it is through the branches that we actually become part of the local community not just a national political party, and there is a template for this now.",13,25,the branches,IDENTITY_MARKER,POSITIVE,2024
"It's through the branches that we raise money, it is through the branches that we find the necessary candidates to fight elections, it is through the branches that we actually become part of the local community not just a national political party, and there is a template for this now.",31,33,we,PRONOUN,POSITIVE,2024
"It's through the branches that we raise money, it is through the branches that we find the necessary candidates to fight elections, it is through the branches that we actually become part of the local community not just a national political party, and there is a template for this now.",40,45,money,IDENTITY_MARKER,POSITIVE,2024
"It's through the branches that we raise money, it is through the branches that we find the necessary candidates to fight elections, it is through the branches that we actually become part of the local community not just a national political party, and there is a template for this now.",47,49,it,PRONOUN,NEUTRAL,2024
"It's through the branches that we raise money, it is through the branches that we find the necessary candidates to fight elections, it is through the branches that we actually become part of the local community not just a national political party, and there is a template for this now.",61,73,the branches,IDENTITY_MARKER,POSITIVE,2024
"It's through the branches that we raise money, it is through the branches that we find the necessary candidates to fight elections, it is through the branches that we actually become part of the local community not just a national political party, and there is a template for this now.",79,81,we,PRONOUN,POSITIVE,2024
"It's through the branches that we raise money, it is through the branches that we find the necessary candidates to fight elections, it is through the branches that we actually become part of the local community not just a national political party, and there is a template for this now.",87,111,the necessary candidates,IDENTITY_MARKER,POSITIVE,2024
"It's through the branches that we raise money, it is through the branches that we find the necessary candidates to fight elections, it is through the branches that we actually become part of the local community not just a national political party, and there is a template for this now.",121,130,elections,IDENTITY_MARKER,POSITIVE,2024
"It's through the branches that we raise money, it is through the branches that we find the necessary candidates to fight elections, it is through the branches that we actually become part of the local community not just a national political party, and there is a template for this now.",132,134,it,PRONOUN,NEUTRAL,2024
"It's through the branches that we raise money, it is through the branches that we find the necessary candidates to fight elections, it is through the branches that we actually become part of the local community not just a national political party, and there is a template for this now.",146,158,the branches,IDENTITY_MARKER,POSITIVE,2024
"It's through the branches that we raise money, it is through the branches that we find the necessary candidates to fight elections, it is through the branches that we actually become part of the local community not just a national political party, and there is a template for this now.",164,166,we,PRONOUN,POSITIVE,2024
"It's through the branches that we raise money, it is through the branches that we find the necessary candidates to fight elections, it is through the branches that we actually become part of the local community not just a national political party, and there is a template for this now.",183,210,part of the local community,IDENTITY_MARKER,POSITIVE,2024
"It's through the branches that we raise money, it is through the branches that we find the necessary candidates to fight elections, it is through the branches that we actually become part of the local community not just a national political party, and there is a template for this now.",220,246,a national political party,IDENTITY_MARKER,NEGATIVE,2024
"It's through the branches that we raise money, it is through the branches that we find the necessary candidates to fight elections, it is through the branches that we actually become part of the local community not just a national political party, and there is a template for this now.",261,271,a template,IDENTITY_MARKER,POSITIVE,2024
"It's through the branches that we raise money, it is through the branches that we find the necessary candidates to fight elections, it is through the branches that we actually become part of the local community not just a national political party, and there is a template for this now.",276,280,this,PRONOUN,POSITIVE,2024
"I never thought I'd say this, but we have to model ourselves on the liberal Democrats.",24,28,this,PRONOUN,NEUTRAL,2024
"I never thought I'd say this, but we have to model ourselves on the liberal Democrats.",34,36,we,PRONOUN,POSITIVE,2024
"I never thought I'd say this, but we have to model ourselves on the liberal Democrats.",51,60,ourselves,PRONOUN,POSITIVE,2024
"I never thought I'd say this, but we have to model ourselves on the liberal Democrats.",64,85,the liberal Democrats,IDENTITY_MARKER,POSITIVE,2024
"Now that doesn't mean that you'll see me cascading down waterfalls, and I won't behave in a way that I think is particularly stupid, even if others think I do now.",4,8,that,PRONOUN,NEUTRAL,2024
"Now that doesn't mean that you'll see me cascading down waterfalls, and I won't behave in a way that I think is particularly stupid, even if others think I do now.",90,95,a way,IDENTITY_MARKER,NEGATIVE,2024
"Now that doesn't mean that you'll see me cascading down waterfalls, and I won't behave in a way that I think is particularly stupid, even if others think I do now.",141,147,others,IDENTITY_MARKER,NEGATIVE,2024
The Liberal Democrats build branches.,0,21,The Liberal Democrats,IDENTITY_MARKER,NEUTRAL,2024
The Liberal Democrats build branches.,28,36,branches,IDENTITY_MARKER,POSITIVE,2024
"The Liberal Democrats win seats at district, county and unitary level.",0,21,The Liberal Democrats,IDENTITY_MARKER,NEUTRAL,2024
"The Liberal Democrats win seats at district, county and unitary level.",26,69,"seats at district, county and unitary level",IDENTITY_MARKER,POSITIVE,2024
"The Liberal Democrats build on that strength, the Liberal Democrats put literature and leaflets through doors repeatedly in their target areas and, despite the fact they haven't got any policies at all, in fact the whole thing's really rather vacuous isn't it?",0,21,The Liberal Democrats,IDENTITY_MARKER,NEUTRAL,2024
"The Liberal Democrats build on that strength, the Liberal Democrats put literature and leaflets through doors repeatedly in their target areas and, despite the fact they haven't got any policies at all, in fact the whole thing's really rather vacuous isn't it?",31,44,that strength,IDENTITY_MARKER,POSITIVE,2024
"The Liberal Democrats build on that strength, the Liberal Democrats put literature and leaflets through doors repeatedly in their target areas and, despite the fact they haven't got any policies at all, in fact the whole thing's really rather vacuous isn't it?",46,67,the Liberal Democrats,IDENTITY_MARKER,NEUTRAL,2024
"The Liberal Democrats build on that strength, the Liberal Democrats put literature and leaflets through doors repeatedly in their target areas and, despite the fact they haven't got any policies at all, in fact the whole thing's really rather vacuous isn't it?",72,82,literature,IDENTITY_MARKER,POSITIVE,2024
"The Liberal Democrats build on that strength, the Liberal Democrats put literature and leaflets through doors repeatedly in their target areas and, despite the fact they haven't got any policies at all, in fact the whole thing's really rather vacuous isn't it?",87,95,leaflets,IDENTITY_MARKER,POSITIVE,2024
"The Liberal Democrats build on that strength, the Liberal Democrats put literature and leaflets through doors repeatedly in their target areas and, despite the fact they haven't got any policies at all, in fact the whole thing's really rather vacuous isn't it?",124,142,their target areas,IDENTITY_MARKER,NEUTRAL,2024
"The Liberal Democrats build on that strength, the Liberal Democrats put literature and leaflets through doors repeatedly in their target areas and, despite the fact they haven't got any policies at all, in fact the whole thing's really rather vacuous isn't it?",165,169,they,PRONOUN,NEGATIVE,2024
"The Liberal Democrats build on that strength, the Liberal Democrats put literature and leaflets through doors repeatedly in their target areas and, despite the fact they haven't got any policies at all, in fact the whole thing's really rather vacuous isn't it?",182,201,any policies at all,IDENTITY_MARKER,NEGATIVE,2024
"The Liberal Democrats build on that strength, the Liberal Democrats put literature and leaflets through doors repeatedly in their target areas and, despite the fact they haven't got any policies at all, in fact the whole thing's really rather vacuous isn't it?",211,226,the whole thing,IDENTITY_MARKER,NEGATIVE,2024
"The Liberal Democrats build on that strength, the Liberal Democrats put literature and leaflets through doors repeatedly in their target areas and, despite the fact they haven't got any policies at all, in fact the whole thing's really rather vacuous isn't it?",257,259,it,PRONOUN,NEGATIVE,2024
"But they manage, with a vote much lower than ours, to win 72 seats in Parliament, so not only not only am I giving you the shares of the party, I'm actually giving you the responsibility for making this a success.",4,8,they,PRONOUN,NEUTRAL,2024
"But they manage, with a vote much lower than ours, to win 72 seats in Parliament, so not only not only am I giving you the shares of the party, I'm actually giving you the responsibility for making this a success.",22,49,a vote much lower than ours,IDENTITY_MARKER,NEGATIVE,2024
"But they manage, with a vote much lower than ours, to win 72 seats in Parliament, so not only not only am I giving you the shares of the party, I'm actually giving you the responsibility for making this a success.",58,80,72 seats in Parliament,IDENTITY_MARKER,POSITIVE,2024
"But they manage, with a vote much lower than ours, to win 72 seats in Parliament, so not only not only am I giving you the shares of the party, I'm actually giving you the responsibility for making this a success.",115,118,you,PRONOUN,POSITIVE,2024
"But they manage, with a vote much lower than ours, to win 72 seats in Parliament, so not only not only am I giving you the shares of the party, I'm actually giving you the responsibility for making this a success.",119,142,the shares of the party,IDENTITY_MARKER,POSITIVE,2024
"But they manage, with a vote much lower than ours, to win 72 seats in Parliament, so not only not only am I giving you the shares of the party, I'm actually giving you the responsibility for making this a success.",164,167,you,PRONOUN,POSITIVE,2024
"But they manage, with a vote much lower than ours, to win 72 seats in Parliament, so not only not only am I giving you the shares of the party, I'm actually giving you the responsibility for making this a success.",168,212,the responsibility for making this a success,IDENTITY_MARKER,POSITIVE,2024
"Whatever we do, whatever I do, or Richard does, or Zia does, or the rest of the MPs do, whatever our management team do, whatever our social media guys do, that can only take us so far.",9,11,we,PRONOUN,NEUTRAL,2024
"Whatever we do, whatever I do, or Richard does, or Zia does, or the rest of the MPs do, whatever our management team do, whatever our social media guys do, that can only take us so far.",34,41,Richard,IDENTITY_MARKER,NEUTRAL,2024
"Whatever we do, whatever I do, or Richard does, or Zia does, or the rest of the MPs do, whatever our management team do, whatever our social media guys do, that can only take us so far.",51,54,Zia,IDENTITY_MARKER,NEUTRAL,2024
"Whatever we do, whatever I do, or Richard does, or Zia does, or the rest of the MPs do, whatever our management team do, whatever our social media guys do, that can only take us so far.",64,83,the rest of the MPs,IDENTITY_MARKER,NEUTRAL,2024
"Whatever we do, whatever I do, or Richard does, or Zia does, or the rest of the MPs do, whatever our management team do, whatever our social media guys do, that can only take us so far.",97,116,our management team,IDENTITY_MARKER,NEUTRAL,2024
"Whatever we do, whatever I do, or Richard does, or Zia does, or the rest of the MPs do, whatever our management team do, whatever our social media guys do, that can only take us so far.",130,151,our social media guys,IDENTITY_MARKER,NEUTRAL,2024
"Whatever we do, whatever I do, or Richard does, or Zia does, or the rest of the MPs do, whatever our management team do, whatever our social media guys do, that can only take us so far.",156,160,that,IDENTITY_MARKER,NEUTRAL,2024
"Whatever we do, whatever I do, or Richard does, or Zia does, or the rest of the MPs do, whatever our management team do, whatever our social media guys do, that can only take us so far.",175,177,us,PRONOUN,POSITIVE,2024
"We will not realize our dream unless the People's Army of supporters are organized, unless the People's Army of supporters are helped to professionalize, unless that People's Army fight elections - not just as a paper name on the ballot, but with the intention of winning as many seats as we can.",0,2,We,PRONOUN,NEUTRAL,2024
"We will not realize our dream unless the People's Army of supporters are organized, unless the People's Army of supporters are helped to professionalize, unless that People's Army fight elections - not just as a paper name on the ballot, but with the intention of winning as many seats as we can.",20,29,our dream,IDENTITY_MARKER,POSITIVE,2024
"We will not realize our dream unless the People's Army of supporters are organized, unless the People's Army of supporters are helped to professionalize, unless that People's Army fight elections - not just as a paper name on the ballot, but with the intention of winning as many seats as we can.",37,68,the People's Army of supporters,IDENTITY_MARKER,POSITIVE,2024
"We will not realize our dream unless the People's Army of supporters are organized, unless the People's Army of supporters are helped to professionalize, unless that People's Army fight elections - not just as a paper name on the ballot, but with the intention of winning as many seats as we can.",91,122,the People's Army of supporters,IDENTITY_MARKER,POSITIVE,2024
"We will not realize our dream unless the People's Army of supporters are organized, unless the People's Army of supporters are helped to professionalize, unless that People's Army fight elections - not just as a paper name on the ballot, but with the intention of winning as many seats as we can.",161,179,that People's Army,IDENTITY_MARKER,POSITIVE,2024
"We will not realize our dream unless the People's Army of supporters are organized, unless the People's Army of supporters are helped to professionalize, unless that People's Army fight elections - not just as a paper name on the ballot, but with the intention of winning as many seats as we can.",186,195,elections,IDENTITY_MARKER,POSITIVE,2024
"We will not realize our dream unless the People's Army of supporters are organized, unless the People's Army of supporters are helped to professionalize, unless that People's Army fight elections - not just as a paper name on the ballot, but with the intention of winning as many seats as we can.",210,236,a paper name on the ballot,IDENTITY_MARKER,NEGATIVE,2024
"We will not realize our dream unless the People's Army of supporters are organized, unless the People's Army of supporters are helped to professionalize, unless that People's Army fight elections - not just as a paper name on the ballot, but with the intention of winning as many seats as we can.",247,285,the intention of winning as many seats,IDENTITY_MARKER,POSITIVE,2024
"We will not realize our dream unless the People's Army of supporters are organized, unless the People's Army of supporters are helped to professionalize, unless that People's Army fight elections - not just as a paper name on the ballot, but with the intention of winning as many seats as we can.",289,291,we,PRONOUN,POSITIVE,2024
"This party will succeed or fail in its historic mission according to what you 4,000 good folks are able to do, and to impart over the course of the next few years.",0,10,This party,IDENTITY_MARKER,POSITIVE,2024
"This party will succeed or fail in its historic mission according to what you 4,000 good folks are able to do, and to impart over the course of the next few years.",35,55,its historic mission,IDENTITY_MARKER,POSITIVE,2024
"This party will succeed or fail in its historic mission according to what you 4,000 good folks are able to do, and to impart over the course of the next few years.",74,94,"you 4,000 good folks",IDENTITY_MARKER,POSITIVE,2024
"It's up to you, it really is up to you now.",0,2,It,PRONOUN,NEUTRAL,2024
"It's up to you, it really is up to you now.",11,14,you,PRONOUN,POSITIVE,2024
"It's up to you, it really is up to you now.",16,18,it,PRONOUN,NEUTRAL,2024
"It's up to you, it really is up to you now.",35,38,you,PRONOUN,POSITIVE,2024
"I'm used to being on impossible political journeys, I was told Nigel you're wasting your time, you're wasting your breath, Britain will never ever leave the European Union.",21,50,impossible political journeys,IDENTITY_MARKER,NEGATIVE,2024
"I'm used to being on impossible political journeys, I was told Nigel you're wasting your time, you're wasting your breath, Britain will never ever leave the European Union.",63,68,Nigel,IDENTITY_MARKER,NEGATIVE,2024
"I'm used to being on impossible political journeys, I was told Nigel you're wasting your time, you're wasting your breath, Britain will never ever leave the European Union.",69,72,you,PRONOUN,NEGATIVE,2024
"I'm used to being on impossible political journeys, I was told Nigel you're wasting your time, you're wasting your breath, Britain will never ever leave the European Union.",84,93,your time,IDENTITY_MARKER,NEGATIVE,2024
"I'm used to being on impossible political journeys, I was told Nigel you're wasting your time, you're wasting your breath, Britain will never ever leave the European Union.",95,98,you,PRONOUN,NEGATIVE,2024
"I'm used to being on impossible political journeys, I was told Nigel you're wasting your time, you're wasting your breath, Britain will never ever leave the European Union.",110,121,your breath,IDENTITY_MARKER,NEGATIVE,2024
"I'm used to being on impossible political journeys, I was told Nigel you're wasting your time, you're wasting your breath, Britain will never ever leave the European Union.",123,130,Britain,IDENTITY_MARKER,NEGATIVE,2024
"I'm used to being on impossible political journeys, I was told Nigel you're wasting your time, you're wasting your breath, Britain will never ever leave the European Union.",153,171,the European Union,IDENTITY_MARKER,NEGATIVE,2024
"Well, it might have taken a long time but, you know what, we damn well did it against the entirety of the British establishment.",6,8,it,PRONOUN,NEUTRAL,2024
"Well, it might have taken a long time but, you know what, we damn well did it against the entirety of the British establishment.",26,37,a long time,IDENTITY_MARKER,NEGATIVE,2024
"Well, it might have taken a long time but, you know what, we damn well did it against the entirety of the British establishment.",43,46,you,PRONOUN,NEUTRAL,2024
"Well, it might have taken a long time but, you know what, we damn well did it against the entirety of the British establishment.",58,60,we,PRONOUN,POSITIVE,2024
"Well, it might have taken a long time but, you know what, we damn well did it against the entirety of the British establishment.",75,77,it,PRONOUN,POSITIVE,2024
"Well, it might have taken a long time but, you know what, we damn well did it against the entirety of the British establishment.",86,127,the entirety of the British establishment,IDENTITY_MARKER,NEGATIVE,2024
"And so, when Zia comes along as chairman and says well it's obvious, we're fighting to win the next general election, and people think that Zia bloke you know, I mean he might have been all right in business but he's lost his marbles.",13,16,Zia,IDENTITY_MARKER,NEUTRAL,2024
"And so, when Zia comes along as chairman and says well it's obvious, we're fighting to win the next general election, and people think that Zia bloke you know, I mean he might have been all right in business but he's lost his marbles.",32,40,chairman,IDENTITY_MARKER,NEUTRAL,2024
"And so, when Zia comes along as chairman and says well it's obvious, we're fighting to win the next general election, and people think that Zia bloke you know, I mean he might have been all right in business but he's lost his marbles.",55,57,it,PRONOUN,NEUTRAL,2024
"And so, when Zia comes along as chairman and says well it's obvious, we're fighting to win the next general election, and people think that Zia bloke you know, I mean he might have been all right in business but he's lost his marbles.",69,71,we,PRONOUN,POSITIVE,2024
"And so, when Zia comes along as chairman and says well it's obvious, we're fighting to win the next general election, and people think that Zia bloke you know, I mean he might have been all right in business but he's lost his marbles.",91,116,the next general election,IDENTITY_MARKER,POSITIVE,2024
"And so, when Zia comes along as chairman and says well it's obvious, we're fighting to win the next general election, and people think that Zia bloke you know, I mean he might have been all right in business but he's lost his marbles.",122,128,people,IDENTITY_MARKER,NEGATIVE,2024
"And so, when Zia comes along as chairman and says well it's obvious, we're fighting to win the next general election, and people think that Zia bloke you know, I mean he might have been all right in business but he's lost his marbles.",135,149,that Zia bloke,IDENTITY_MARKER,NEGATIVE,2024
"And so, when Zia comes along as chairman and says well it's obvious, we're fighting to win the next general election, and people think that Zia bloke you know, I mean he might have been all right in business but he's lost his marbles.",150,153,you,PRONOUN,NEUTRAL,2024
"And so, when Zia comes along as chairman and says well it's obvious, we're fighting to win the next general election, and people think that Zia bloke you know, I mean he might have been all right in business but he's lost his marbles.",167,169,he,PRONOUN,NEGATIVE,2024
"And so, when Zia comes along as chairman and says well it's obvious, we're fighting to win the next general election, and people think that Zia bloke you know, I mean he might have been all right in business but he's lost his marbles.",199,207,business,IDENTITY_MARKER,POSITIVE,2024
"And so, when Zia comes along as chairman and says well it's obvious, we're fighting to win the next general election, and people think that Zia bloke you know, I mean he might have been all right in business but he's lost his marbles.",212,214,he,PRONOUN,NEGATIVE,2024
"And so, when Zia comes along as chairman and says well it's obvious, we're fighting to win the next general election, and people think that Zia bloke you know, I mean he might have been all right in business but he's lost his marbles.",222,233,his marbles,IDENTITY_MARKER,NEGATIVE,2024
But I don't think there's ever been a time when there is greater disenchantment in the two big parties that have dominated our political life for the last 100 years.,57,79,greater disenchantment,IDENTITY_MARKER,NEGATIVE,2024
But I don't think there's ever been a time when there is greater disenchantment in the two big parties that have dominated our political life for the last 100 years.,83,102,the two big parties,IDENTITY_MARKER,NEGATIVE,2024
But I don't think there's ever been a time when there is greater disenchantment in the two big parties that have dominated our political life for the last 100 years.,123,141,our political life,IDENTITY_MARKER,NEUTRAL,2024
"Labour have not won through love, so the opportunity is there and that is why we must take the English County Council elections next year, plus areas like Doncaster and areas like Thurrock where the district councils are up.",0,6,Labour,IDENTITY_MARKER,NEGATIVE,2024
"Labour have not won through love, so the opportunity is there and that is why we must take the English County Council elections next year, plus areas like Doncaster and areas like Thurrock where the district councils are up.",28,32,love,IDENTITY_MARKER,POSITIVE,2024
"Labour have not won through love, so the opportunity is there and that is why we must take the English County Council elections next year, plus areas like Doncaster and areas like Thurrock where the district councils are up.",37,52,the opportunity,IDENTITY_MARKER,NEGATIVE,2024
"Labour have not won through love, so the opportunity is there and that is why we must take the English County Council elections next year, plus areas like Doncaster and areas like Thurrock where the district councils are up.",78,80,we,PRONOUN,POSITIVE,2024
"Labour have not won through love, so the opportunity is there and that is why we must take the English County Council elections next year, plus areas like Doncaster and areas like Thurrock where the district councils are up.",91,127,the English County Council elections,IDENTITY_MARKER,POSITIVE,2024
"Labour have not won through love, so the opportunity is there and that is why we must take the English County Council elections next year, plus areas like Doncaster and areas like Thurrock where the district councils are up.",144,164,areas like Doncaster,IDENTITY_MARKER,POSITIVE,2024
"Labour have not won through love, so the opportunity is there and that is why we must take the English County Council elections next year, plus areas like Doncaster and areas like Thurrock where the district councils are up.",169,188,areas like Thurrock,IDENTITY_MARKER,POSITIVE,2024
"Labour have not won through love, so the opportunity is there and that is why we must take the English County Council elections next year, plus areas like Doncaster and areas like Thurrock where the district councils are up.",195,216,the district councils,IDENTITY_MARKER,NEUTRAL,2024
Our first big test of fire comes on the first Thursday in May next year.,0,26,Our first big test of fire,IDENTITY_MARKER,POSITIVE,2024
"We're going to need over 2,000 candidates, we're going to need you organized behind them, helping them.",0,2,We,PRONOUN,NEUTRAL,2024
"We're going to need over 2,000 candidates, we're going to need you organized behind them, helping them.",20,41,"over 2,000 candidates",IDENTITY_MARKER,POSITIVE,2024
"We're going to need over 2,000 candidates, we're going to need you organized behind them, helping them.",43,45,we,PRONOUN,POSITIVE,2024
"We're going to need over 2,000 candidates, we're going to need you organized behind them, helping them.",63,66,you,PRONOUN,POSITIVE,2024
"We're going to need over 2,000 candidates, we're going to need you organized behind them, helping them.",84,88,them,PRONOUN,POSITIVE,2024
"We're going to need over 2,000 candidates, we're going to need you organized behind them, helping them.",98,102,them,PRONOUN,POSITIVE,2024
I genuinely believe if we get next May right we can produce a result that is truly astonishing.,23,25,we,PRONOUN,NEUTRAL,2024
I genuinely believe if we get next May right we can produce a result that is truly astonishing.,30,38,next May,IDENTITY_MARKER,POSITIVE,2024
I genuinely believe if we get next May right we can produce a result that is truly astonishing.,45,47,we,PRONOUN,POSITIVE,2024
I genuinely believe if we get next May right we can produce a result that is truly astonishing.,60,94,a result that is truly astonishing,IDENTITY_MARKER,POSITIVE,2024
"We can get hundreds and hundreds and hundreds of people elected to councils to be given positions of responsibility, to make us part of the lives of folk living in their communities.",0,2,We,PRONOUN,POSITIVE,2024
"We can get hundreds and hundreds and hundreds of people elected to councils to be given positions of responsibility, to make us part of the lives of folk living in their communities.",11,55,hundreds and hundreds and hundreds of people,IDENTITY_MARKER,POSITIVE,2024
"We can get hundreds and hundreds and hundreds of people elected to councils to be given positions of responsibility, to make us part of the lives of folk living in their communities.",67,75,councils,IDENTITY_MARKER,NEUTRAL,2024
"We can get hundreds and hundreds and hundreds of people elected to councils to be given positions of responsibility, to make us part of the lives of folk living in their communities.",88,115,positions of responsibility,IDENTITY_MARKER,POSITIVE,2024
"We can get hundreds and hundreds and hundreds of people elected to councils to be given positions of responsibility, to make us part of the lives of folk living in their communities.",125,127,us,PRONOUN,POSITIVE,2024
"We can get hundreds and hundreds and hundreds of people elected to councils to be given positions of responsibility, to make us part of the lives of folk living in their communities.",128,153,part of the lives of folk,IDENTITY_MARKER,POSITIVE,2024
"We can get hundreds and hundreds and hundreds of people elected to councils to be given positions of responsibility, to make us part of the lives of folk living in their communities.",164,181,their communities,IDENTITY_MARKER,POSITIVE,2024
"The opportunity is enormous, so I ask you: are you going to help us in this historic mission?",0,15,The opportunity,IDENTITY_MARKER,POSITIVE,2024
"The opportunity is enormous, so I ask you: are you going to help us in this historic mission?",38,41,you,PRONOUN,NEUTRAL,2024
"The opportunity is enormous, so I ask you: are you going to help us in this historic mission?",47,50,you,PRONOUN,POSITIVE,2024
"The opportunity is enormous, so I ask you: are you going to help us in this historic mission?",65,67,us,PRONOUN,POSITIVE,2024
"The opportunity is enormous, so I ask you: are you going to help us in this historic mission?",71,92,this historic mission,IDENTITY_MARKER,POSITIVE,2024
"Thank you, and we'll go on, we'll go on the next year Scotland what a remarkable, well done for coming thank you, saw a couple of kilts earlier I thought they must have come from there.",15,17,we,PRONOUN,POSITIVE,2024
"Thank you, and we'll go on, we'll go on the next year Scotland what a remarkable, well done for coming thank you, saw a couple of kilts earlier I thought they must have come from there.",28,30,we,PRONOUN,POSITIVE,2024
"Thank you, and we'll go on, we'll go on the next year Scotland what a remarkable, well done for coming thank you, saw a couple of kilts earlier I thought they must have come from there.",40,62,the next year Scotland,IDENTITY_MARKER,NEUTRAL,2024
"Thank you, and we'll go on, we'll go on the next year Scotland what a remarkable, well done for coming thank you, saw a couple of kilts earlier I thought they must have come from there.",109,112,you,PRONOUN,POSITIVE,2024
"Thank you, and we'll go on, we'll go on the next year Scotland what a remarkable, well done for coming thank you, saw a couple of kilts earlier I thought they must have come from there.",118,135,a couple of kilts,IDENTITY_MARKER,NEUTRAL,2024
"Thank you, and we'll go on, we'll go on the next year Scotland what a remarkable, well done for coming thank you, saw a couple of kilts earlier I thought they must have come from there.",154,158,they,PRONOUN,NEUTRAL,2024
"Thank you, and we'll go on, we'll go on the next year Scotland what a remarkable, well done for coming thank you, saw a couple of kilts earlier I thought they must have come from there.",179,184,there,IDENTITY_MARKER,NEUTRAL,2024
"The fact we're neck and neck in the polls with the Conservatives in Scotland already, the fact that a small team managed to fill candidates who didn't embarrass us in every single one of those Scottish constituencies - there are opportunities as there are in Wales.",9,11,we,PRONOUN,POSITIVE,2024
"The fact we're neck and neck in the polls with the Conservatives in Scotland already, the fact that a small team managed to fill candidates who didn't embarrass us in every single one of those Scottish constituencies - there are opportunities as there are in Wales.",32,41,the polls,IDENTITY_MARKER,NEUTRAL,2024
"The fact we're neck and neck in the polls with the Conservatives in Scotland already, the fact that a small team managed to fill candidates who didn't embarrass us in every single one of those Scottish constituencies - there are opportunities as there are in Wales.",47,64,the Conservatives,IDENTITY_MARKER,NEUTRAL,2024
"The fact we're neck and neck in the polls with the Conservatives in Scotland already, the fact that a small team managed to fill candidates who didn't embarrass us in every single one of those Scottish constituencies - there are opportunities as there are in Wales.",68,76,Scotland,IDENTITY_MARKER,NEUTRAL,2024
"The fact we're neck and neck in the polls with the Conservatives in Scotland already, the fact that a small team managed to fill candidates who didn't embarrass us in every single one of those Scottish constituencies - there are opportunities as there are in Wales.",100,112,a small team,IDENTITY_MARKER,POSITIVE,2024
"The fact we're neck and neck in the polls with the Conservatives in Scotland already, the fact that a small team managed to fill candidates who didn't embarrass us in every single one of those Scottish constituencies - there are opportunities as there are in Wales.",129,139,candidates,IDENTITY_MARKER,POSITIVE,2024
"The fact we're neck and neck in the polls with the Conservatives in Scotland already, the fact that a small team managed to fill candidates who didn't embarrass us in every single one of those Scottish constituencies - there are opportunities as there are in Wales.",161,163,us,PRONOUN,POSITIVE,2024
"The fact we're neck and neck in the polls with the Conservatives in Scotland already, the fact that a small team managed to fill candidates who didn't embarrass us in every single one of those Scottish constituencies - there are opportunities as there are in Wales.",167,216,every single one of those Scottish constituencies,IDENTITY_MARKER,NEUTRAL,2024
"The fact we're neck and neck in the polls with the Conservatives in Scotland already, the fact that a small team managed to fill candidates who didn't embarrass us in every single one of those Scottish constituencies - there are opportunities as there are in Wales.",219,224,there,IDENTITY_MARKER,NEUTRAL,2024
"The fact we're neck and neck in the polls with the Conservatives in Scotland already, the fact that a small team managed to fill candidates who didn't embarrass us in every single one of those Scottish constituencies - there are opportunities as there are in Wales.",229,242,opportunities,IDENTITY_MARKER,POSITIVE,2024
"The fact we're neck and neck in the polls with the Conservatives in Scotland already, the fact that a small team managed to fill candidates who didn't embarrass us in every single one of those Scottish constituencies - there are opportunities as there are in Wales.",259,264,Wales,IDENTITY_MARKER,POSITIVE,2024
"Wales will elect under the devolved proportional representation system, is it not, David, the most astonishing opportunity?",0,5,Wales,IDENTITY_MARKER,NEUTRAL,2024
"Wales will elect under the devolved proportional representation system, is it not, David, the most astonishing opportunity?",23,70,the devolved proportional representation system,IDENTITY_MARKER,POSITIVE,2024
"Wales will elect under the devolved proportional representation system, is it not, David, the most astonishing opportunity?",75,77,it,PRONOUN,POSITIVE,2024
"Wales will elect under the devolved proportional representation system, is it not, David, the most astonishing opportunity?",83,88,David,IDENTITY_MARKER,NEUTRAL,2024
"Wales will elect under the devolved proportional representation system, is it not, David, the most astonishing opportunity?",90,122,the most astonishing opportunity,IDENTITY_MARKER,POSITIVE,2024
"And these are all our building blocks, these are all the big hurdles, I guess that we have to get over but if we succeed in 2025, we build even bigger in 2026, and we keep going then I promise you the sky is the limit and you know have a look at what we're up against.",4,9,these,PRONOUN,POSITIVE,2024
"And these are all our building blocks, these are all the big hurdles, I guess that we have to get over but if we succeed in 2025, we build even bigger in 2026, and we keep going then I promise you the sky is the limit and you know have a look at what we're up against.",14,37,all our building blocks,IDENTITY_MARKER,POSITIVE,2024
"And these are all our building blocks, these are all the big hurdles, I guess that we have to get over but if we succeed in 2025, we build even bigger in 2026, and we keep going then I promise you the sky is the limit and you know have a look at what we're up against.",39,44,these,PRONOUN,NEGATIVE,2024
"And these are all our building blocks, these are all the big hurdles, I guess that we have to get over but if we succeed in 2025, we build even bigger in 2026, and we keep going then I promise you the sky is the limit and you know have a look at what we're up against.",49,68,all the big hurdles,IDENTITY_MARKER,NEGATIVE,2024
"And these are all our building blocks, these are all the big hurdles, I guess that we have to get over but if we succeed in 2025, we build even bigger in 2026, and we keep going then I promise you the sky is the limit and you know have a look at what we're up against.",83,85,we,PRONOUN,POSITIVE,2024
"And these are all our building blocks, these are all the big hurdles, I guess that we have to get over but if we succeed in 2025, we build even bigger in 2026, and we keep going then I promise you the sky is the limit and you know have a look at what we're up against.",110,112,we,PRONOUN,POSITIVE,2024
"And these are all our building blocks, these are all the big hurdles, I guess that we have to get over but if we succeed in 2025, we build even bigger in 2026, and we keep going then I promise you the sky is the limit and you know have a look at what we're up against.",130,132,we,PRONOUN,POSITIVE,2024
"And these are all our building blocks, these are all the big hurdles, I guess that we have to get over but if we succeed in 2025, we build even bigger in 2026, and we keep going then I promise you the sky is the limit and you know have a look at what we're up against.",164,166,we,PRONOUN,POSITIVE,2024
"And these are all our building blocks, these are all the big hurdles, I guess that we have to get over but if we succeed in 2025, we build even bigger in 2026, and we keep going then I promise you the sky is the limit and you know have a look at what we're up against.",193,196,you,PRONOUN,POSITIVE,2024
"And these are all our building blocks, these are all the big hurdles, I guess that we have to get over but if we succeed in 2025, we build even bigger in 2026, and we keep going then I promise you the sky is the limit and you know have a look at what we're up against.",222,225,you,PRONOUN,POSITIVE,2024
"And these are all our building blocks, these are all the big hurdles, I guess that we have to get over but if we succeed in 2025, we build even bigger in 2026, and we keep going then I promise you the sky is the limit and you know have a look at what we're up against.",251,253,we,PRONOUN,POSITIVE,2024
"The journalists are obsessed with who is going to be the next Conservative leader, who is the one I most want, who is the one I least want?",0,15,The journalists,IDENTITY_MARKER,NEGATIVE,2024
"The journalists are obsessed with who is going to be the next Conservative leader, who is the one I most want, who is the one I least want?",53,81,the next Conservative leader,IDENTITY_MARKER,NEGATIVE,2024
"Well, from what I could work out, one of them is campaigning as a Liberal Democrat, one of them thinks that having worked in McDonald's for a week makes them working class, one of them appears to have had a damascene conversion from being part of the establishment and the established view to suddenly saying things that many of us in this room would agree with, but lacks any discernible personality whatsoever and would lead a party that is split down the middle anyway.",34,45,one of them,IDENTITY_MARKER,NEGATIVE,2024
"Well, from what I could work out, one of them is campaigning as a Liberal Democrat, one of them thinks that having worked in McDonald's for a week makes them working class, one of them appears to have had a damascene conversion from being part of the establishment and the established view to suddenly saying things that many of us in this room would agree with, but lacks any discernible personality whatsoever and would lead a party that is split down the middle anyway.",64,82,a Liberal Democrat,IDENTITY_MARKER,NEGATIVE,2024
"Well, from what I could work out, one of them is campaigning as a Liberal Democrat, one of them thinks that having worked in McDonald's for a week makes them working class, one of them appears to have had a damascene conversion from being part of the establishment and the established view to suddenly saying things that many of us in this room would agree with, but lacks any discernible personality whatsoever and would lead a party that is split down the middle anyway.",84,95,one of them,IDENTITY_MARKER,NEGATIVE,2024
"Well, from what I could work out, one of them is campaigning as a Liberal Democrat, one of them thinks that having worked in McDonald's for a week makes them working class, one of them appears to have had a damascene conversion from being part of the establishment and the established view to suddenly saying things that many of us in this room would agree with, but lacks any discernible personality whatsoever and would lead a party that is split down the middle anyway.",125,133,McDonald,IDENTITY_MARKER,NEUTRAL,2024
"Well, from what I could work out, one of them is campaigning as a Liberal Democrat, one of them thinks that having worked in McDonald's for a week makes them working class, one of them appears to have had a damascene conversion from being part of the establishment and the established view to suddenly saying things that many of us in this room would agree with, but lacks any discernible personality whatsoever and would lead a party that is split down the middle anyway.",153,157,them,PRONOUN,NEGATIVE,2024
"Well, from what I could work out, one of them is campaigning as a Liberal Democrat, one of them thinks that having worked in McDonald's for a week makes them working class, one of them appears to have had a damascene conversion from being part of the establishment and the established view to suddenly saying things that many of us in this room would agree with, but lacks any discernible personality whatsoever and would lead a party that is split down the middle anyway.",158,171,working class,IDENTITY_MARKER,NEUTRAL,2024
"Well, from what I could work out, one of them is campaigning as a Liberal Democrat, one of them thinks that having worked in McDonald's for a week makes them working class, one of them appears to have had a damascene conversion from being part of the establishment and the established view to suddenly saying things that many of us in this room would agree with, but lacks any discernible personality whatsoever and would lead a party that is split down the middle anyway.",173,184,one of them,IDENTITY_MARKER,NEGATIVE,2024
"Well, from what I could work out, one of them is campaigning as a Liberal Democrat, one of them thinks that having worked in McDonald's for a week makes them working class, one of them appears to have had a damascene conversion from being part of the establishment and the established view to suddenly saying things that many of us in this room would agree with, but lacks any discernible personality whatsoever and would lead a party that is split down the middle anyway.",205,227,a damascene conversion,IDENTITY_MARKER,NEGATIVE,2024
"Well, from what I could work out, one of them is campaigning as a Liberal Democrat, one of them thinks that having worked in McDonald's for a week makes them working class, one of them appears to have had a damascene conversion from being part of the establishment and the established view to suddenly saying things that many of us in this room would agree with, but lacks any discernible personality whatsoever and would lead a party that is split down the middle anyway.",239,264,part of the establishment,IDENTITY_MARKER,NEGATIVE,2024
"Well, from what I could work out, one of them is campaigning as a Liberal Democrat, one of them thinks that having worked in McDonald's for a week makes them working class, one of them appears to have had a damascene conversion from being part of the establishment and the established view to suddenly saying things that many of us in this room would agree with, but lacks any discernible personality whatsoever and would lead a party that is split down the middle anyway.",269,289,the established view,IDENTITY_MARKER,NEGATIVE,2024
"Well, from what I could work out, one of them is campaigning as a Liberal Democrat, one of them thinks that having worked in McDonald's for a week makes them working class, one of them appears to have had a damascene conversion from being part of the establishment and the established view to suddenly saying things that many of us in this room would agree with, but lacks any discernible personality whatsoever and would lead a party that is split down the middle anyway.",309,315,things,IDENTITY_MARKER,POSITIVE,2024
"Well, from what I could work out, one of them is campaigning as a Liberal Democrat, one of them thinks that having worked in McDonald's for a week makes them working class, one of them appears to have had a damascene conversion from being part of the establishment and the established view to suddenly saying things that many of us in this room would agree with, but lacks any discernible personality whatsoever and would lead a party that is split down the middle anyway.",321,331,many of us,IDENTITY_MARKER,POSITIVE,2024
"Well, from what I could work out, one of them is campaigning as a Liberal Democrat, one of them thinks that having worked in McDonald's for a week makes them working class, one of them appears to have had a damascene conversion from being part of the establishment and the established view to suddenly saying things that many of us in this room would agree with, but lacks any discernible personality whatsoever and would lead a party that is split down the middle anyway.",335,344,this room,IDENTITY_MARKER,NEUTRAL,2024
"Well, from what I could work out, one of them is campaigning as a Liberal Democrat, one of them thinks that having worked in McDonald's for a week makes them working class, one of them appears to have had a damascene conversion from being part of the establishment and the established view to suddenly saying things that many of us in this room would agree with, but lacks any discernible personality whatsoever and would lead a party that is split down the middle anyway.",373,411,any discernible personality whatsoever,IDENTITY_MARKER,NEGATIVE,2024
"Well, from what I could work out, one of them is campaigning as a Liberal Democrat, one of them thinks that having worked in McDonald's for a week makes them working class, one of them appears to have had a damascene conversion from being part of the establishment and the established view to suddenly saying things that many of us in this room would agree with, but lacks any discernible personality whatsoever and would lead a party that is split down the middle anyway.",427,434,a party,IDENTITY_MARKER,NEGATIVE,2024
"And the last of the four has got the most inappropriate surname I've ever come across in my life, which indicates an IQ rather higher than I actually believe they have, and the truth is I don't give a damn who the next leader of the Conservative party is, I really don't.",4,24,the last of the four,IDENTITY_MARKER,NEGATIVE,2024
"And the last of the four has got the most inappropriate surname I've ever come across in my life, which indicates an IQ rather higher than I actually believe they have, and the truth is I don't give a damn who the next leader of the Conservative party is, I really don't.",33,63,the most inappropriate surname,IDENTITY_MARKER,NEGATIVE,2024
"And the last of the four has got the most inappropriate surname I've ever come across in my life, which indicates an IQ rather higher than I actually believe they have, and the truth is I don't give a damn who the next leader of the Conservative party is, I really don't.",114,119,an IQ,IDENTITY_MARKER,NEUTRAL,2024
"And the last of the four has got the most inappropriate surname I've ever come across in my life, which indicates an IQ rather higher than I actually believe they have, and the truth is I don't give a damn who the next leader of the Conservative party is, I really don't.",158,162,they,PRONOUN,NEGATIVE,2024
"And the last of the four has got the most inappropriate surname I've ever come across in my life, which indicates an IQ rather higher than I actually believe they have, and the truth is I don't give a damn who the next leader of the Conservative party is, I really don't.",210,251,the next leader of the Conservative party,IDENTITY_MARKER,NEGATIVE,2024
"The point about them, it doesn't matter who leads them.",16,20,them,PRONOUN,NEGATIVE,2024
"The point about them, it doesn't matter who leads them.",22,24,it,PRONOUN,NEUTRAL,2024
"The point about them, it doesn't matter who leads them.",50,54,them,PRONOUN,NEGATIVE,2024
"The brand is bust, the brand is broken, people will not go back to them, they've let us down so badly.",0,9,The brand,IDENTITY_MARKER,NEGATIVE,2024
"The brand is bust, the brand is broken, people will not go back to them, they've let us down so badly.",19,28,the brand,IDENTITY_MARKER,NEGATIVE,2024
"The brand is bust, the brand is broken, people will not go back to them, they've let us down so badly.",40,46,people,IDENTITY_MARKER,POSITIVE,2024
"The brand is bust, the brand is broken, people will not go back to them, they've let us down so badly.",67,71,them,PRONOUN,NEGATIVE,2024
"The brand is bust, the brand is broken, people will not go back to them, they've let us down so badly.",73,77,they,PRONOUN,NEGATIVE,2024
"The brand is bust, the brand is broken, people will not go back to them, they've let us down so badly.",85,87,us,PRONOUN,POSITIVE,2024
"And as for Labour, I mean goodness me have you ever known a new prime minister get off to a worse start than Keir Starmer?",11,17,Labour,IDENTITY_MARKER,NEGATIVE,2024
"And as for Labour, I mean goodness me have you ever known a new prime minister get off to a worse start than Keir Starmer?",43,46,you,PRONOUN,NEUTRAL,2024
"And as for Labour, I mean goodness me have you ever known a new prime minister get off to a worse start than Keir Starmer?",58,78,a new prime minister,IDENTITY_MARKER,NEUTRAL,2024
"And as for Labour, I mean goodness me have you ever known a new prime minister get off to a worse start than Keir Starmer?",90,103,a worse start,IDENTITY_MARKER,NEGATIVE,2024
"And as for Labour, I mean goodness me have you ever known a new prime minister get off to a worse start than Keir Starmer?",109,121,Keir Starmer,IDENTITY_MARKER,NEGATIVE,2024
"It's truly shocking, I mean the message of things can only get worse.",0,2,It,PRONOUN,NEGATIVE,2024
"It's truly shocking, I mean the message of things can only get worse.",28,39,the message,IDENTITY_MARKER,NEGATIVE,2024
"It is hardly inspiring, is it?",0,2,It,PRONOUN,NEGATIVE,2024
"It is hardly inspiring, is it?",27,29,it,PRONOUN,NEGATIVE,2024
"And now we're living in a state, and you all know it, but they'll deny it in Westminster until the cows come home.",8,10,we,PRONOUN,POSITIVE,2024
"And now we're living in a state, and you all know it, but they'll deny it in Westminster until the cows come home.",24,31,a state,IDENTITY_MARKER,NEGATIVE,2024
"And now we're living in a state, and you all know it, but they'll deny it in Westminster until the cows come home.",37,44,you all,IDENTITY_MARKER,POSITIVE,2024
"And now we're living in a state, and you all know it, but they'll deny it in Westminster until the cows come home.",50,52,it,PRONOUN,NEUTRAL,2024
"And now we're living in a state, and you all know it, but they'll deny it in Westminster until the cows come home.",58,62,they,PRONOUN,NEGATIVE,2024
"And now we're living in a state, and you all know it, but they'll deny it in Westminster until the cows come home.",71,73,it,PRONOUN,NEGATIVE,2024
"And now we're living in a state, and you all know it, but they'll deny it in Westminster until the cows come home.",77,88,Westminster,IDENTITY_MARKER,NEUTRAL,2024
"We're living in a state with two tier policing, we're living in a state we're living in a state with two tier Justice, we're living in a state that is led by Two Tier Keir and we've had enough already, one in four of those that voted Labour in the general election on July the 4th, one in four already say they are considering, they are inclined to vote for Reform UK already, we do not need to change the mind of a single person living in this country because the silent majority is already with us on the key issues that we care about.",0,2,We,PRONOUN,POSITIVE,2024
"We're living in a state with two tier policing, we're living in a state we're living in a state with two tier Justice, we're living in a state that is led by Two Tier Keir and we've had enough already, one in four of those that voted Labour in the general election on July the 4th, one in four already say they are considering, they are inclined to vote for Reform UK already, we do not need to change the mind of a single person living in this country because the silent majority is already with us on the key issues that we care about.",16,46,a state with two tier policing,IDENTITY_MARKER,NEGATIVE,2024
"We're living in a state with two tier policing, we're living in a state we're living in a state with two tier Justice, we're living in a state that is led by Two Tier Keir and we've had enough already, one in four of those that voted Labour in the general election on July the 4th, one in four already say they are considering, they are inclined to vote for Reform UK already, we do not need to change the mind of a single person living in this country because the silent majority is already with us on the key issues that we care about.",48,50,we,PRONOUN,POSITIVE,2024
"We're living in a state with two tier policing, we're living in a state we're living in a state with two tier Justice, we're living in a state that is led by Two Tier Keir and we've had enough already, one in four of those that voted Labour in the general election on July the 4th, one in four already say they are considering, they are inclined to vote for Reform UK already, we do not need to change the mind of a single person living in this country because the silent majority is already with us on the key issues that we care about.",64,71,a state,IDENTITY_MARKER,NEGATIVE,2024
"We're living in a state with two tier policing, we're living in a state we're living in a state with two tier Justice, we're living in a state that is led by Two Tier Keir and we've had enough already, one in four of those that voted Labour in the general election on July the 4th, one in four already say they are considering, they are inclined to vote for Reform UK already, we do not need to change the mind of a single person living in this country because the silent majority is already with us on the key issues that we care about.",72,74,we,PRONOUN,POSITIVE,2024
"We're living in a state with two tier policing, we're living in a state we're living in a state with two tier Justice, we're living in a state that is led by Two Tier Keir and we've had enough already, one in four of those that voted Labour in the general election on July the 4th, one in four already say they are considering, they are inclined to vote for Reform UK already, we do not need to change the mind of a single person living in this country because the silent majority is already with us on the key issues that we care about.",88,117,a state with two tier Justice,IDENTITY_MARKER,NEGATIVE,2024
"We're living in a state with two tier policing, we're living in a state we're living in a state with two tier Justice, we're living in a state that is led by Two Tier Keir and we've had enough already, one in four of those that voted Labour in the general election on July the 4th, one in four already say they are considering, they are inclined to vote for Reform UK already, we do not need to change the mind of a single person living in this country because the silent majority is already with us on the key issues that we care about.",119,121,we,PRONOUN,POSITIVE,2024
"We're living in a state with two tier policing, we're living in a state we're living in a state with two tier Justice, we're living in a state that is led by Two Tier Keir and we've had enough already, one in four of those that voted Labour in the general election on July the 4th, one in four already say they are considering, they are inclined to vote for Reform UK already, we do not need to change the mind of a single person living in this country because the silent majority is already with us on the key issues that we care about.",135,142,a state,IDENTITY_MARKER,NEGATIVE,2024
"We're living in a state with two tier policing, we're living in a state we're living in a state with two tier Justice, we're living in a state that is led by Two Tier Keir and we've had enough already, one in four of those that voted Labour in the general election on July the 4th, one in four already say they are considering, they are inclined to vote for Reform UK already, we do not need to change the mind of a single person living in this country because the silent majority is already with us on the key issues that we care about.",158,171,Two Tier Keir,IDENTITY_MARKER,NEGATIVE,2024
"We're living in a state with two tier policing, we're living in a state we're living in a state with two tier Justice, we're living in a state that is led by Two Tier Keir and we've had enough already, one in four of those that voted Labour in the general election on July the 4th, one in four already say they are considering, they are inclined to vote for Reform UK already, we do not need to change the mind of a single person living in this country because the silent majority is already with us on the key issues that we care about.",176,178,we,PRONOUN,POSITIVE,2024
"We're living in a state with two tier policing, we're living in a state we're living in a state with two tier Justice, we're living in a state that is led by Two Tier Keir and we've had enough already, one in four of those that voted Labour in the general election on July the 4th, one in four already say they are considering, they are inclined to vote for Reform UK already, we do not need to change the mind of a single person living in this country because the silent majority is already with us on the key issues that we care about.",202,240,one in four of those that voted Labour,IDENTITY_MARKER,NEUTRAL,2024
"We're living in a state with two tier policing, we're living in a state we're living in a state with two tier Justice, we're living in a state that is led by Two Tier Keir and we've had enough already, one in four of those that voted Labour in the general election on July the 4th, one in four already say they are considering, they are inclined to vote for Reform UK already, we do not need to change the mind of a single person living in this country because the silent majority is already with us on the key issues that we care about.",244,264,the general election,IDENTITY_MARKER,NEUTRAL,2024
"We're living in a state with two tier policing, we're living in a state we're living in a state with two tier Justice, we're living in a state that is led by Two Tier Keir and we've had enough already, one in four of those that voted Labour in the general election on July the 4th, one in four already say they are considering, they are inclined to vote for Reform UK already, we do not need to change the mind of a single person living in this country because the silent majority is already with us on the key issues that we care about.",282,293,one in four,IDENTITY_MARKER,NEUTRAL,2024
"We're living in a state with two tier policing, we're living in a state we're living in a state with two tier Justice, we're living in a state that is led by Two Tier Keir and we've had enough already, one in four of those that voted Labour in the general election on July the 4th, one in four already say they are considering, they are inclined to vote for Reform UK already, we do not need to change the mind of a single person living in this country because the silent majority is already with us on the key issues that we care about.",306,310,they,PRONOUN,NEUTRAL,2024
"We're living in a state with two tier policing, we're living in a state we're living in a state with two tier Justice, we're living in a state that is led by Two Tier Keir and we've had enough already, one in four of those that voted Labour in the general election on July the 4th, one in four already say they are considering, they are inclined to vote for Reform UK already, we do not need to change the mind of a single person living in this country because the silent majority is already with us on the key issues that we care about.",328,332,they,PRONOUN,POSITIVE,2024
"We're living in a state with two tier policing, we're living in a state we're living in a state with two tier Justice, we're living in a state that is led by Two Tier Keir and we've had enough already, one in four of those that voted Labour in the general election on July the 4th, one in four already say they are considering, they are inclined to vote for Reform UK already, we do not need to change the mind of a single person living in this country because the silent majority is already with us on the key issues that we care about.",358,367,Reform UK,IDENTITY_MARKER,POSITIVE,2024
"We're living in a state with two tier policing, we're living in a state we're living in a state with two tier Justice, we're living in a state that is led by Two Tier Keir and we've had enough already, one in four of those that voted Labour in the general election on July the 4th, one in four already say they are considering, they are inclined to vote for Reform UK already, we do not need to change the mind of a single person living in this country because the silent majority is already with us on the key issues that we care about.",377,379,we,PRONOUN,NEUTRAL,2024
"We're living in a state with two tier policing, we're living in a state we're living in a state with two tier Justice, we're living in a state that is led by Two Tier Keir and we've had enough already, one in four of those that voted Labour in the general election on July the 4th, one in four already say they are considering, they are inclined to vote for Reform UK already, we do not need to change the mind of a single person living in this country because the silent majority is already with us on the key issues that we care about.",402,452,the mind of a single person living in this country,IDENTITY_MARKER,NEGATIVE,2024
"We're living in a state with two tier policing, we're living in a state we're living in a state with two tier Justice, we're living in a state that is led by Two Tier Keir and we've had enough already, one in four of those that voted Labour in the general election on July the 4th, one in four already say they are considering, they are inclined to vote for Reform UK already, we do not need to change the mind of a single person living in this country because the silent majority is already with us on the key issues that we care about.",461,480,the silent majority,IDENTITY_MARKER,POSITIVE,2024
"We're living in a state with two tier policing, we're living in a state we're living in a state with two tier Justice, we're living in a state that is led by Two Tier Keir and we've had enough already, one in four of those that voted Labour in the general election on July the 4th, one in four already say they are considering, they are inclined to vote for Reform UK already, we do not need to change the mind of a single person living in this country because the silent majority is already with us on the key issues that we care about.",497,499,us,PRONOUN,POSITIVE,2024
"We're living in a state with two tier policing, we're living in a state we're living in a state with two tier Justice, we're living in a state that is led by Two Tier Keir and we've had enough already, one in four of those that voted Labour in the general election on July the 4th, one in four already say they are considering, they are inclined to vote for Reform UK already, we do not need to change the mind of a single person living in this country because the silent majority is already with us on the key issues that we care about.",523,525,we,PRONOUN,POSITIVE,2024
"We can win the next general election just with the numbers of people that agree with our principles, that agree that family, that agree that community, that agree that country, should be the things that absolutely that everybody in British public life campaigns for because they are the most important things to all of us that live here.",0,2,We,PRONOUN,POSITIVE,2024
"We can win the next general election just with the numbers of people that agree with our principles, that agree that family, that agree that community, that agree that country, should be the things that absolutely that everybody in British public life campaigns for because they are the most important things to all of us that live here.",11,36,the next general election,IDENTITY_MARKER,POSITIVE,2024
"We can win the next general election just with the numbers of people that agree with our principles, that agree that family, that agree that community, that agree that country, should be the things that absolutely that everybody in British public life campaigns for because they are the most important things to all of us that live here.",47,99,the numbers of people that agree with our principles,IDENTITY_MARKER,POSITIVE,2024
"We can win the next general election just with the numbers of people that agree with our principles, that agree that family, that agree that community, that agree that country, should be the things that absolutely that everybody in British public life campaigns for because they are the most important things to all of us that live here.",117,123,family,IDENTITY_MARKER,POSITIVE,2024
"We can win the next general election just with the numbers of people that agree with our principles, that agree that family, that agree that community, that agree that country, should be the things that absolutely that everybody in British public life campaigns for because they are the most important things to all of us that live here.",141,150,community,IDENTITY_MARKER,POSITIVE,2024
"We can win the next general election just with the numbers of people that agree with our principles, that agree that family, that agree that community, that agree that country, should be the things that absolutely that everybody in British public life campaigns for because they are the most important things to all of us that live here.",168,175,country,IDENTITY_MARKER,POSITIVE,2024
"We can win the next general election just with the numbers of people that agree with our principles, that agree that family, that agree that community, that agree that country, should be the things that absolutely that everybody in British public life campaigns for because they are the most important things to all of us that live here.",187,197,the things,IDENTITY_MARKER,POSITIVE,2024
"We can win the next general election just with the numbers of people that agree with our principles, that agree that family, that agree that community, that agree that country, should be the things that absolutely that everybody in British public life campaigns for because they are the most important things to all of us that live here.",219,246,everybody in British public,IDENTITY_MARKER,POSITIVE,2024
"We can win the next general election just with the numbers of people that agree with our principles, that agree that family, that agree that community, that agree that country, should be the things that absolutely that everybody in British public life campaigns for because they are the most important things to all of us that live here.",274,278,they,PRONOUN,POSITIVE,2024
"We can win the next general election just with the numbers of people that agree with our principles, that agree that family, that agree that community, that agree that country, should be the things that absolutely that everybody in British public life campaigns for because they are the most important things to all of us that live here.",283,308,the most important things,IDENTITY_MARKER,POSITIVE,2024
"We can win the next general election just with the numbers of people that agree with our principles, that agree that family, that agree that community, that agree that country, should be the things that absolutely that everybody in British public life campaigns for because they are the most important things to all of us that live here.",312,321,all of us,IDENTITY_MARKER,POSITIVE,2024
"We can win the next general election just with the numbers of people that agree with our principles, that agree that family, that agree that community, that agree that country, should be the things that absolutely that everybody in British public life campaigns for because they are the most important things to all of us that live here.",332,336,here,IDENTITY_MARKER,NEUTRAL,2024
"No, what we have to do is to be credible, what we have to do is to be on the ground everywhere, what we have to do is to show that we can bring success, after success, after success.",9,11,we,PRONOUN,NEUTRAL,2024
"No, what we have to do is to be credible, what we have to do is to be on the ground everywhere, what we have to do is to show that we can bring success, after success, after success.",32,40,credible,IDENTITY_MARKER,POSITIVE,2024
"No, what we have to do is to be credible, what we have to do is to be on the ground everywhere, what we have to do is to show that we can bring success, after success, after success.",47,49,we,PRONOUN,NEUTRAL,2024
"No, what we have to do is to be credible, what we have to do is to be on the ground everywhere, what we have to do is to show that we can bring success, after success, after success.",70,94,on the ground everywhere,IDENTITY_MARKER,POSITIVE,2024
"No, what we have to do is to be credible, what we have to do is to be on the ground everywhere, what we have to do is to show that we can bring success, after success, after success.",101,103,we,PRONOUN,NEUTRAL,2024
"No, what we have to do is to be credible, what we have to do is to be on the ground everywhere, what we have to do is to show that we can bring success, after success, after success.",131,133,we,PRONOUN,POSITIVE,2024
"No, what we have to do is to be credible, what we have to do is to be on the ground everywhere, what we have to do is to show that we can bring success, after success, after success.",144,151,success,IDENTITY_MARKER,POSITIVE,2024
"No, what we have to do is to be credible, what we have to do is to be on the ground everywhere, what we have to do is to show that we can bring success, after success, after success.",159,166,success,IDENTITY_MARKER,POSITIVE,2024
"No, what we have to do is to be credible, what we have to do is to be on the ground everywhere, what we have to do is to show that we can bring success, after success, after success.",174,181,success,IDENTITY_MARKER,POSITIVE,2024
"If we do those things, we genuinely can, I never thought I'd say this, but I genuinely believe we can change the future of politics.",3,5,we,PRONOUN,POSITIVE,2024
"If we do those things, we genuinely can, I never thought I'd say this, but I genuinely believe we can change the future of politics.",9,21,those things,IDENTITY_MARKER,POSITIVE,2024
"If we do those things, we genuinely can, I never thought I'd say this, but I genuinely believe we can change the future of politics.",23,25,we,PRONOUN,POSITIVE,2024
"If we do those things, we genuinely can, I never thought I'd say this, but I genuinely believe we can change the future of politics.",65,69,this,PRONOUN,NEUTRAL,2024
"If we do those things, we genuinely can, I never thought I'd say this, but I genuinely believe we can change the future of politics.",95,97,we,PRONOUN,POSITIVE,2024
"If we do those things, we genuinely can, I never thought I'd say this, but I genuinely believe we can change the future of politics.",109,131,the future of politics,IDENTITY_MARKER,POSITIVE,2024
"We can change the future of our country, we can perhaps get back a little bit of pride in what it is to be British, what it is to respect our history, what it is to stand up for our values, what it is to understand the Judeo-Christian culture underpins everything we are, everything we've ever stood for everything we believe.",0,2,We,PRONOUN,POSITIVE,2024
"We can change the future of our country, we can perhaps get back a little bit of pride in what it is to be British, what it is to respect our history, what it is to stand up for our values, what it is to understand the Judeo-Christian culture underpins everything we are, everything we've ever stood for everything we believe.",14,39,the future of our country,IDENTITY_MARKER,POSITIVE,2024
"We can change the future of our country, we can perhaps get back a little bit of pride in what it is to be British, what it is to respect our history, what it is to stand up for our values, what it is to understand the Judeo-Christian culture underpins everything we are, everything we've ever stood for everything we believe.",41,43,we,PRONOUN,POSITIVE,2024
"We can change the future of our country, we can perhaps get back a little bit of pride in what it is to be British, what it is to respect our history, what it is to stand up for our values, what it is to understand the Judeo-Christian culture underpins everything we are, everything we've ever stood for everything we believe.",65,114,a little bit of pride in what it is to be British,IDENTITY_MARKER,POSITIVE,2024
"We can change the future of our country, we can perhaps get back a little bit of pride in what it is to be British, what it is to respect our history, what it is to stand up for our values, what it is to understand the Judeo-Christian culture underpins everything we are, everything we've ever stood for everything we believe.",138,149,our history,IDENTITY_MARKER,POSITIVE,2024
"We can change the future of our country, we can perhaps get back a little bit of pride in what it is to be British, what it is to respect our history, what it is to stand up for our values, what it is to understand the Judeo-Christian culture underpins everything we are, everything we've ever stood for everything we believe.",156,158,it,PRONOUN,POSITIVE,2024
"We can change the future of our country, we can perhaps get back a little bit of pride in what it is to be British, what it is to respect our history, what it is to stand up for our values, what it is to understand the Judeo-Christian culture underpins everything we are, everything we've ever stood for everything we believe.",178,188,our values,IDENTITY_MARKER,POSITIVE,2024
"We can change the future of our country, we can perhaps get back a little bit of pride in what it is to be British, what it is to respect our history, what it is to stand up for our values, what it is to understand the Judeo-Christian culture underpins everything we are, everything we've ever stood for everything we believe.",195,197,it,PRONOUN,POSITIVE,2024
"We can change the future of our country, we can perhaps get back a little bit of pride in what it is to be British, what it is to respect our history, what it is to stand up for our values, what it is to understand the Judeo-Christian culture underpins everything we are, everything we've ever stood for everything we believe.",215,242,the Judeo-Christian culture,IDENTITY_MARKER,POSITIVE,2024
"We can change the future of our country, we can perhaps get back a little bit of pride in what it is to be British, what it is to respect our history, what it is to stand up for our values, what it is to understand the Judeo-Christian culture underpins everything we are, everything we've ever stood for everything we believe.",264,266,we,PRONOUN,POSITIVE,2024
"We can change the future of our country, we can perhaps get back a little bit of pride in what it is to be British, what it is to respect our history, what it is to stand up for our values, what it is to understand the Judeo-Christian culture underpins everything we are, everything we've ever stood for everything we believe.",283,285,we,PRONOUN,POSITIVE,2024
"We can change the future of our country, we can perhaps get back a little bit of pride in what it is to be British, what it is to respect our history, what it is to stand up for our values, what it is to understand the Judeo-Christian culture underpins everything we are, everything we've ever stood for everything we believe.",304,325,everything we believe,IDENTITY_MARKER,POSITIVE,2024
"To end this madness that is going through corporate life, that is going through, in fact, most of the public sector...which reminds me there's a lady called Dame Allison Rose.",7,19,this madness,IDENTITY_MARKER,NEGATIVE,2024
"To end this madness that is going through corporate life, that is going through, in fact, most of the public sector...which reminds me there's a lady called Dame Allison Rose.",42,56,corporate life,IDENTITY_MARKER,NEGATIVE,2024
"To end this madness that is going through corporate life, that is going through, in fact, most of the public sector...which reminds me there's a lady called Dame Allison Rose.",90,115,most of the public sector,IDENTITY_MARKER,NEGATIVE,2024
"To end this madness that is going through corporate life, that is going through, in fact, most of the public sector...which reminds me there's a lady called Dame Allison Rose.",143,174,a lady called Dame Allison Rose,IDENTITY_MARKER,NEUTRAL,2024
"Now, she was the head of Nat West Bank, but saw fit for her organization not just to debank me but to leak confidential information about me to her mates at the BBC.",5,8,she,PRONOUN,NEUTRAL,2024
"Now, she was the head of Nat West Bank, but saw fit for her organization not just to debank me but to leak confidential information about me to her mates at the BBC.",13,38,the head of Nat West Bank,IDENTITY_MARKER,NEUTRAL,2024
"Now, she was the head of Nat West Bank, but saw fit for her organization not just to debank me but to leak confidential information about me to her mates at the BBC.",56,72,her organization,IDENTITY_MARKER,NEGATIVE,2024
"Now, she was the head of Nat West Bank, but saw fit for her organization not just to debank me but to leak confidential information about me to her mates at the BBC.",107,131,confidential information,IDENTITY_MARKER,POSITIVE,2024
"Now, she was the head of Nat West Bank, but saw fit for her organization not just to debank me but to leak confidential information about me to her mates at the BBC.",144,164,her mates at the BBC,IDENTITY_MARKER,NEGATIVE,2024
"Well, of course she was fired and I was delighted, but she's now got a big new highly paid job, isn't that good?",16,19,she,PRONOUN,NEGATIVE,2024
"Well, of course she was fired and I was delighted, but she's now got a big new highly paid job, isn't that good?",55,58,she,PRONOUN,NEGATIVE,2024
"Well, of course she was fired and I was delighted, but she's now got a big new highly paid job, isn't that good?",69,94,a big new highly paid job,IDENTITY_MARKER,NEGATIVE,2024
"Well, of course she was fired and I was delighted, but she's now got a big new highly paid job, isn't that good?",102,106,that,IDENTITY_MARKER,NEGATIVE,2024
"She's gone to Mishcon de Reya and she's in charge of equality, diversity and inclusion so given her track record we wish Mishcon de Reya the very best of luck!",0,3,She,PRONOUN,NEGATIVE,2024
"She's gone to Mishcon de Reya and she's in charge of equality, diversity and inclusion so given her track record we wish Mishcon de Reya the very best of luck!",14,29,Mishcon de Reya,IDENTITY_MARKER,NEUTRAL,2024
"She's gone to Mishcon de Reya and she's in charge of equality, diversity and inclusion so given her track record we wish Mishcon de Reya the very best of luck!",34,37,she,PRONOUN,NEGATIVE,2024
"She's gone to Mishcon de Reya and she's in charge of equality, diversity and inclusion so given her track record we wish Mishcon de Reya the very best of luck!",53,86,"equality, diversity and inclusion",IDENTITY_MARKER,NEUTRAL,2024
"She's gone to Mishcon de Reya and she's in charge of equality, diversity and inclusion so given her track record we wish Mishcon de Reya the very best of luck!",96,112,her track record,IDENTITY_MARKER,NEGATIVE,2024
"She's gone to Mishcon de Reya and she's in charge of equality, diversity and inclusion so given her track record we wish Mishcon de Reya the very best of luck!",113,115,we,PRONOUN,NEUTRAL,2024
"She's gone to Mishcon de Reya and she's in charge of equality, diversity and inclusion so given her track record we wish Mishcon de Reya the very best of luck!",121,136,Mishcon de Reya,IDENTITY_MARKER,NEUTRAL,2024
"We believe in meritocracy, we believe that a society looks after its weak but encourages everybody else to do the very best they can and we don't care in this party, we don't care about skin colour, we don't care about orientation, we couldn't care less who you are, we care whether you share the values of this country, we care whether you obey the law and we'll judge you on who you are, we'll judge you on who you are as a person.",0,2,We,IDENTITY_MARKER,POSITIVE,2024
"We believe in meritocracy, we believe that a society looks after its weak but encourages everybody else to do the very best they can and we don't care in this party, we don't care about skin colour, we don't care about orientation, we couldn't care less who you are, we care whether you share the values of this country, we care whether you obey the law and we'll judge you on who you are, we'll judge you on who you are as a person.",14,25,meritocracy,IDENTITY_MARKER,POSITIVE,2024
"We believe in meritocracy, we believe that a society looks after its weak but encourages everybody else to do the very best they can and we don't care in this party, we don't care about skin colour, we don't care about orientation, we couldn't care less who you are, we care whether you share the values of this country, we care whether you obey the law and we'll judge you on who you are, we'll judge you on who you are as a person.",27,29,we,PRONOUN,POSITIVE,2024
"We believe in meritocracy, we believe that a society looks after its weak but encourages everybody else to do the very best they can and we don't care in this party, we don't care about skin colour, we don't care about orientation, we couldn't care less who you are, we care whether you share the values of this country, we care whether you obey the law and we'll judge you on who you are, we'll judge you on who you are as a person.",43,52,a society,IDENTITY_MARKER,POSITIVE,2024
"We believe in meritocracy, we believe that a society looks after its weak but encourages everybody else to do the very best they can and we don't care in this party, we don't care about skin colour, we don't care about orientation, we couldn't care less who you are, we care whether you share the values of this country, we care whether you obey the law and we'll judge you on who you are, we'll judge you on who you are as a person.",65,73,its weak,IDENTITY_MARKER,POSITIVE,2024
"We believe in meritocracy, we believe that a society looks after its weak but encourages everybody else to do the very best they can and we don't care in this party, we don't care about skin colour, we don't care about orientation, we couldn't care less who you are, we care whether you share the values of this country, we care whether you obey the law and we'll judge you on who you are, we'll judge you on who you are as a person.",89,103,everybody else,IDENTITY_MARKER,POSITIVE,2024
"We believe in meritocracy, we believe that a society looks after its weak but encourages everybody else to do the very best they can and we don't care in this party, we don't care about skin colour, we don't care about orientation, we couldn't care less who you are, we care whether you share the values of this country, we care whether you obey the law and we'll judge you on who you are, we'll judge you on who you are as a person.",124,128,they,PRONOUN,POSITIVE,2024
"We believe in meritocracy, we believe that a society looks after its weak but encourages everybody else to do the very best they can and we don't care in this party, we don't care about skin colour, we don't care about orientation, we couldn't care less who you are, we care whether you share the values of this country, we care whether you obey the law and we'll judge you on who you are, we'll judge you on who you are as a person.",137,139,we,PRONOUN,POSITIVE,2024
"We believe in meritocracy, we believe that a society looks after its weak but encourages everybody else to do the very best they can and we don't care in this party, we don't care about skin colour, we don't care about orientation, we couldn't care less who you are, we care whether you share the values of this country, we care whether you obey the law and we'll judge you on who you are, we'll judge you on who you are as a person.",154,164,this party,IDENTITY_MARKER,POSITIVE,2024
"We believe in meritocracy, we believe that a society looks after its weak but encourages everybody else to do the very best they can and we don't care in this party, we don't care about skin colour, we don't care about orientation, we couldn't care less who you are, we care whether you share the values of this country, we care whether you obey the law and we'll judge you on who you are, we'll judge you on who you are as a person.",166,168,we,PRONOUN,POSITIVE,2024
"We believe in meritocracy, we believe that a society looks after its weak but encourages everybody else to do the very best they can and we don't care in this party, we don't care about skin colour, we don't care about orientation, we couldn't care less who you are, we care whether you share the values of this country, we care whether you obey the law and we'll judge you on who you are, we'll judge you on who you are as a person.",199,201,we,PRONOUN,POSITIVE,2024
"We believe in meritocracy, we believe that a society looks after its weak but encourages everybody else to do the very best they can and we don't care in this party, we don't care about skin colour, we don't care about orientation, we couldn't care less who you are, we care whether you share the values of this country, we care whether you obey the law and we'll judge you on who you are, we'll judge you on who you are as a person.",232,234,we,PRONOUN,POSITIVE,2024
"We believe in meritocracy, we believe that a society looks after its weak but encourages everybody else to do the very best they can and we don't care in this party, we don't care about skin colour, we don't care about orientation, we couldn't care less who you are, we care whether you share the values of this country, we care whether you obey the law and we'll judge you on who you are, we'll judge you on who you are as a person.",258,261,you,PRONOUN,NEUTRAL,2024
"We believe in meritocracy, we believe that a society looks after its weak but encourages everybody else to do the very best they can and we don't care in this party, we don't care about skin colour, we don't care about orientation, we couldn't care less who you are, we care whether you share the values of this country, we care whether you obey the law and we'll judge you on who you are, we'll judge you on who you are as a person.",267,269,we,PRONOUN,POSITIVE,2024
"We believe in meritocracy, we believe that a society looks after its weak but encourages everybody else to do the very best they can and we don't care in this party, we don't care about skin colour, we don't care about orientation, we couldn't care less who you are, we care whether you share the values of this country, we care whether you obey the law and we'll judge you on who you are, we'll judge you on who you are as a person.",283,286,you,PRONOUN,POSITIVE,2024
"We believe in meritocracy, we believe that a society looks after its weak but encourages everybody else to do the very best they can and we don't care in this party, we don't care about skin colour, we don't care about orientation, we couldn't care less who you are, we care whether you share the values of this country, we care whether you obey the law and we'll judge you on who you are, we'll judge you on who you are as a person.",293,319,the values of this country,IDENTITY_MARKER,POSITIVE,2024
"We believe in meritocracy, we believe that a society looks after its weak but encourages everybody else to do the very best they can and we don't care in this party, we don't care about skin colour, we don't care about orientation, we couldn't care less who you are, we care whether you share the values of this country, we care whether you obey the law and we'll judge you on who you are, we'll judge you on who you are as a person.",321,323,we,PRONOUN,POSITIVE,2024
"We believe in meritocracy, we believe that a society looks after its weak but encourages everybody else to do the very best they can and we don't care in this party, we don't care about skin colour, we don't care about orientation, we couldn't care less who you are, we care whether you share the values of this country, we care whether you obey the law and we'll judge you on who you are, we'll judge you on who you are as a person.",337,340,you,PRONOUN,NEUTRAL,2024
"We believe in meritocracy, we believe that a society looks after its weak but encourages everybody else to do the very best they can and we don't care in this party, we don't care about skin colour, we don't care about orientation, we couldn't care less who you are, we care whether you share the values of this country, we care whether you obey the law and we'll judge you on who you are, we'll judge you on who you are as a person.",346,353,the law,IDENTITY_MARKER,POSITIVE,2024
"We believe in meritocracy, we believe that a society looks after its weak but encourages everybody else to do the very best they can and we don't care in this party, we don't care about skin colour, we don't care about orientation, we couldn't care less who you are, we care whether you share the values of this country, we care whether you obey the law and we'll judge you on who you are, we'll judge you on who you are as a person.",358,360,we,PRONOUN,POSITIVE,2024
"We believe in meritocracy, we believe that a society looks after its weak but encourages everybody else to do the very best they can and we don't care in this party, we don't care about skin colour, we don't care about orientation, we couldn't care less who you are, we care whether you share the values of this country, we care whether you obey the law and we'll judge you on who you are, we'll judge you on who you are as a person.",370,373,you,PRONOUN,NEUTRAL,2024
"We believe in meritocracy, we believe that a society looks after its weak but encourages everybody else to do the very best they can and we don't care in this party, we don't care about skin colour, we don't care about orientation, we couldn't care less who you are, we care whether you share the values of this country, we care whether you obey the law and we'll judge you on who you are, we'll judge you on who you are as a person.",381,384,you,PRONOUN,POSITIVE,2024
"We believe in meritocracy, we believe that a society looks after its weak but encourages everybody else to do the very best they can and we don't care in this party, we don't care about skin colour, we don't care about orientation, we couldn't care less who you are, we care whether you share the values of this country, we care whether you obey the law and we'll judge you on who you are, we'll judge you on who you are as a person.",390,392,we,PRONOUN,POSITIVE,2024
"We believe in meritocracy, we believe that a society looks after its weak but encourages everybody else to do the very best they can and we don't care in this party, we don't care about skin colour, we don't care about orientation, we couldn't care less who you are, we care whether you share the values of this country, we care whether you obey the law and we'll judge you on who you are, we'll judge you on who you are as a person.",402,405,you,PRONOUN,POSITIVE,2024
"We believe in meritocracy, we believe that a society looks after its weak but encourages everybody else to do the very best they can and we don't care in this party, we don't care about skin colour, we don't care about orientation, we couldn't care less who you are, we care whether you share the values of this country, we care whether you obey the law and we'll judge you on who you are, we'll judge you on who you are as a person.",413,416,you,PRONOUN,POSITIVE,2024
"We believe in meritocracy, we believe that a society looks after its weak but encourages everybody else to do the very best they can and we don't care in this party, we don't care about skin colour, we don't care about orientation, we couldn't care less who you are, we care whether you share the values of this country, we care whether you obey the law and we'll judge you on who you are, we'll judge you on who you are as a person.",424,432,a person,IDENTITY_MARKER,POSITIVE,2024
Isn't this what everybody wants?,6,10,this,PRONOUN,POSITIVE,2024
Isn't this what everybody wants?,16,25,everybody,IDENTITY_MARKER,POSITIVE,2024
Is that what we're going to fight for?,13,15,we,PRONOUN,POSITIVE,2024
Can we sow seeds?,4,6,we,PRONOUN,POSITIVE,2024
Can we make history?,4,6,we,PRONOUN,POSITIVE,2024
Are you going to be part of it?,4,7,you,PRONOUN,NEUTRAL,2024
Are you going to be part of it?,28,30,it,PRONOUN,POSITIVE,2024
"Thank you very much indeed, thank you.",6,9,you,PRONOUN,POSITIVE,2024
"Thank you very much indeed, thank you.",34,37,you,PRONOUN,POSITIVE,2024
